-- phpMyAdmin SQL Dump
-- version 4.5.4.1deb2ubuntu2.1
-- http://www.phpmyadmin.net
--
-- Máy chủ: localhost
-- Thời gian đã tạo: Th10 08, 2019 lúc 10:22 AM
-- Phiên bản máy phục vụ: 5.7.27-0ubuntu0.16.04.1
-- Phiên bản PHP: 7.2.19-1+ubuntu16.04.1+deb.sury.org+1

SET SQL_MODE = "NO_AUTO_VALUE_ON_ZERO";
SET time_zone = "+00:00";


/*!40101 SET @OLD_CHARACTER_SET_CLIENT=@@CHARACTER_SET_CLIENT */;
/*!40101 SET @OLD_CHARACTER_SET_RESULTS=@@CHARACTER_SET_RESULTS */;
/*!40101 SET @OLD_COLLATION_CONNECTION=@@COLLATION_CONNECTION */;
/*!40101 SET NAMES utf8mb4 */;

--
-- Cơ sở dữ liệu: `Report`
--

-- --------------------------------------------------------

--
-- Cấu trúc bảng cho bảng `chi_so_pi`
--

CREATE TABLE `chi_so_pi` (
  `id` int(11) NOT NULL,
  `tuy_chon_id` int(11) NOT NULL,
  `TCT` int(11) DEFAULT NULL,
  `K1` int(11) DEFAULT NULL,
  `K2` int(11) DEFAULT NULL,
  `K3` int(11) DEFAULT NULL,
  `muc_tieu` int(11) DEFAULT NULL,
  `thoigian` text NOT NULL,
  `updated_at` timestamp NOT NULL DEFAULT CURRENT_TIMESTAMP,
  `created_at` timestamp NOT NULL DEFAULT CURRENT_TIMESTAMP
) ENGINE=InnoDB DEFAULT CHARSET=utf8mb4;

--
-- Đang đổ dữ liệu cho bảng `chi_so_pi`
--

INSERT INTO `chi_so_pi` (`id`, `tuy_chon_id`, `TCT`, `K1`, `K2`, `K3`, `muc_tieu`, `thoigian`, `updated_at`, `created_at`) VALUES
(1, 28, 82, 78, 88, 0, 80, '2019-07', '2019-11-06 01:33:35', '2019-11-05 01:22:47'),
(2, 28, 84, 71, 100, 100, 80, '2019-08', '2019-11-06 01:33:35', '2019-11-05 01:22:47'),
(3, 28, 81, 64, 100, 100, 80, '2019-09', '2019-11-06 01:33:35', '2019-11-05 01:22:47'),
(4, 28, 69, 56, 100, 100, 80, '2019-10', '2019-11-06 01:33:35', '2019-11-05 01:22:47'),
(5, 29, 50, 71, 29, 100, 100, '2019-07', '2019-11-06 01:33:35', '2019-11-05 01:22:47'),
(6, 29, 76, 90, 100, 0, 100, '2019-08', '2019-11-06 01:33:35', '2019-11-05 01:22:47'),
(7, 29, 76, 100, 88, 0, 100, '2019-09', '2019-11-06 01:33:35', '2019-11-05 01:22:47'),
(8, 29, 80, 71, 100, 67, 100, '2019-10', '2019-11-06 01:33:35', '2019-11-05 01:22:47'),
(9, 30, 7, 14, 0, NULL, 3, '2019-07', '2019-11-06 01:33:35', '2019-11-05 01:23:39'),
(10, 30, 10, 20, 0, 0, 3, '2019-08', '2019-11-06 01:33:35', '2019-11-05 01:23:39'),
(11, 30, 14, 11, 0, 50, 3, '2019-09', '2019-11-06 01:33:35', '2019-11-05 01:23:39'),
(12, 30, 4, 7, 0, 0, 3, '2019-10', '2019-11-06 01:33:35', '2019-11-05 01:23:39'),
(13, 31, 72, 71, 74, NULL, NULL, '2019-07', '2019-11-06 01:33:35', '2019-11-05 01:23:39'),
(14, 31, 73, 64, 81, 73, NULL, '2019-08', '2019-11-06 01:33:35', '2019-11-05 01:23:39'),
(15, 31, 75, 69, 80, 77, NULL, '2019-09', '2019-11-06 01:33:35', '2019-11-05 01:23:39'),
(16, 31, 76, 71, 85, 72, NULL, '2019-10', '2019-11-06 01:33:35', '2019-11-05 01:23:39'),
(17, 28, NULL, NULL, NULL, NULL, 80, '2019-11', '2019-11-06 01:08:18', '2019-11-06 00:07:51'),
(18, 28, NULL, NULL, NULL, NULL, 80, '2019-12', '2019-11-06 01:08:18', '2019-11-06 00:07:51'),
(19, 29, NULL, NULL, NULL, NULL, 100, '2019-11', '2019-11-06 01:08:18', '2019-11-06 00:07:51'),
(20, 29, NULL, NULL, NULL, NULL, 100, '2019-12', '2019-11-06 01:08:18', '2019-11-06 00:07:51'),
(21, 30, NULL, NULL, NULL, NULL, 3, '2019-11', '2019-11-06 00:26:35', '2019-11-06 00:14:27'),
(22, 30, NULL, NULL, NULL, NULL, 3, '2019-12', '2019-11-06 00:26:35', '2019-11-06 00:14:27'),
(23, 31, NULL, NULL, NULL, NULL, NULL, '2019-11', '2019-11-06 00:26:35', '2019-11-06 00:14:27'),
(24, 31, NULL, NULL, NULL, NULL, NULL, '2019-12', '2019-11-06 00:26:35', '2019-11-06 00:14:27');

-- --------------------------------------------------------

--
-- Cấu trúc bảng cho bảng `chi_so_veco`
--

CREATE TABLE `chi_so_veco` (
  `id` int(11) NOT NULL,
  `don_vi_id` int(11) NOT NULL,
  `tuy_chon_id` int(11) NOT NULL,
  `chi_so` int(11) NOT NULL,
  `thoi_gian` date DEFAULT NULL
) ENGINE=InnoDB DEFAULT CHARSET=utf8mb4 COLLATE=utf8mb4_vietnamese_ci;

--
-- Đang đổ dữ liệu cho bảng `chi_so_veco`
--

INSERT INTO `chi_so_veco` (`id`, `don_vi_id`, `tuy_chon_id`, `chi_so`, `thoi_gian`) VALUES
(1, 1, 1, 5765, NULL),
(2, 1, 2, 449, NULL),
(3, 1, 3, 4946, NULL),
(4, 1, 4, 299, NULL),
(5, 1, 5, 124, NULL),
(6, 1, 6, 0, NULL),
(7, 1, 7, 5, NULL),
(8, 1, 8, 79, NULL),
(9, 1, 9, 73, NULL),
(10, 1, 10, 15, NULL),
(11, 1, 11, 3, NULL),
(12, 1, 12, 16, NULL),
(13, 2, 1, 6671, NULL),
(14, 2, 2, 516, NULL),
(15, 2, 3, 5516, NULL),
(16, 2, 4, 481, NULL),
(17, 2, 5, 124, NULL),
(18, 2, 6, 2, NULL),
(19, 2, 7, 45, NULL),
(20, 2, 8, 233, NULL),
(21, 2, 9, 69, NULL),
(22, 2, 10, 4, NULL),
(23, 2, 11, 4, NULL),
(24, 2, 12, 20, NULL),
(25, 3, 1, 3084, NULL),
(26, 3, 2, 265, NULL),
(27, 3, 3, 2560, NULL),
(28, 3, 4, 225, NULL),
(29, 3, 5, 57, NULL),
(30, 3, 6, 0, NULL),
(31, 3, 7, 11, NULL),
(32, 3, 8, 139, NULL),
(33, 3, 9, 16, NULL),
(34, 3, 10, 0, NULL),
(35, 3, 11, 2, NULL),
(36, 3, 12, 10, NULL),
(37, 4, 1, 7073, NULL),
(38, 4, 2, 710, NULL),
(39, 4, 3, 5842, NULL),
(40, 4, 4, 453, NULL),
(41, 4, 5, 120, NULL),
(42, 4, 6, 1, NULL),
(43, 4, 7, 14, NULL),
(44, 4, 8, 268, NULL),
(45, 4, 9, 47, NULL),
(46, 4, 10, 2, NULL),
(47, 4, 11, 1, NULL),
(48, 4, 12, 18, NULL),
(49, 5, 1, 6536, NULL),
(50, 5, 2, 363, NULL),
(51, 5, 3, 5446, NULL),
(52, 5, 4, 466, NULL),
(53, 5, 5, 92, NULL),
(54, 5, 6, 0, NULL),
(55, 5, 7, 12, NULL),
(56, 5, 8, 225, NULL),
(57, 5, 9, 134, NULL),
(58, 5, 10, 1, NULL),
(59, 5, 11, 2, NULL),
(60, 5, 12, 15, NULL),
(61, 6, 1, 293, NULL),
(62, 6, 2, 7, NULL),
(63, 6, 3, 254, NULL),
(64, 6, 4, 8, NULL),
(65, 6, 5, 5, NULL),
(66, 6, 6, 0, NULL),
(67, 6, 7, 0, NULL),
(68, 6, 8, 0, NULL),
(69, 6, 9, 3, NULL),
(70, 6, 10, 0, NULL),
(71, 6, 11, 0, NULL),
(72, 6, 12, 16, NULL),
(73, 7, 1, 6108, NULL),
(74, 7, 2, 268, NULL),
(75, 7, 3, 5498, NULL),
(76, 7, 4, 280, NULL),
(77, 7, 5, 127, NULL),
(78, 7, 6, 8, NULL),
(79, 7, 7, 4, NULL),
(80, 7, 8, 139, NULL),
(81, 7, 9, 1, NULL),
(82, 7, 10, 0, NULL),
(83, 7, 11, 1, NULL),
(84, 7, 12, 13, NULL),
(85, 8, 1, 412, NULL),
(86, 8, 2, 11, NULL),
(87, 8, 3, 224, NULL),
(88, 8, 4, 147, NULL),
(89, 8, 5, 65, NULL),
(90, 8, 6, 0, NULL),
(91, 8, 7, 1, NULL),
(92, 8, 8, 20, NULL),
(93, 8, 9, 60, NULL),
(94, 8, 10, 1, NULL),
(95, 8, 11, 0, NULL),
(96, 8, 12, 12, NULL),
(97, 9, 1, 1, NULL),
(98, 9, 2, 0, NULL),
(99, 9, 3, 0, NULL),
(100, 9, 4, 1, NULL),
(101, 9, 5, 0, NULL),
(102, 9, 6, 0, NULL),
(103, 9, 7, 0, NULL),
(104, 9, 8, 0, NULL),
(105, 9, 9, 0, NULL),
(106, 9, 10, 1, NULL),
(107, 9, 11, 0, NULL),
(108, 9, 12, 18, NULL),
(109, 10, 1, 19, NULL),
(110, 10, 2, 4, NULL),
(111, 10, 3, 15, NULL),
(112, 10, 4, 0, NULL),
(113, 10, 5, 0, NULL),
(114, 10, 6, 0, NULL),
(115, 10, 7, 0, NULL),
(116, 10, 8, 0, NULL),
(117, 10, 9, 0, NULL),
(118, 10, 10, 0, NULL),
(119, 10, 11, 0, NULL),
(120, 10, 12, 16, NULL),
(121, 11, 1, 3904, NULL),
(122, 11, 2, 27, NULL),
(123, 11, 3, 102, NULL),
(124, 11, 4, 1000, NULL),
(125, 11, 5, 403, NULL),
(126, 11, 6, 12, NULL),
(127, 11, 7, 2, NULL),
(128, 11, 8, 566, NULL),
(129, 11, 9, 17, NULL),
(130, 11, 10, 0, NULL),
(131, 11, 11, 0, NULL),
(132, 11, 12, 13, NULL),
(133, 12, 1, 2630, NULL),
(134, 12, 2, 5, NULL),
(135, 12, 3, 40, NULL),
(136, 12, 4, 2402, NULL),
(137, 12, 5, 208, NULL),
(138, 12, 6, 12, NULL),
(139, 12, 7, 5, NULL),
(140, 12, 8, 2086, NULL),
(141, 12, 9, 90, NULL),
(142, 12, 10, 1, NULL),
(143, 12, 11, 0, NULL),
(144, 12, 12, 17, NULL),
(145, 13, 1, 2935, NULL),
(146, 13, 2, 7, NULL),
(147, 13, 3, 437, NULL),
(148, 13, 4, 1446, NULL),
(149, 13, 5, 110, NULL),
(150, 13, 6, 0, NULL),
(151, 13, 7, 1, NULL),
(152, 13, 8, 459, NULL),
(153, 13, 9, 875, NULL),
(154, 13, 10, 1, NULL),
(155, 13, 11, 0, NULL),
(156, 13, 12, 13, NULL),
(157, 14, 1, 5853, NULL),
(158, 14, 2, 14, NULL),
(159, 14, 3, 753, NULL),
(160, 14, 4, 2752, NULL),
(161, 14, 5, 211, NULL),
(162, 14, 6, 0, NULL),
(163, 14, 7, 0, NULL),
(164, 14, 8, 1315, NULL),
(165, 14, 9, 1225, NULL),
(166, 14, 10, 1, NULL),
(167, 14, 11, 0, NULL),
(168, 14, 12, 16, NULL),
(169, 15, 1, 1141, NULL),
(170, 15, 2, 82, NULL),
(171, 15, 3, 525, NULL),
(172, 15, 4, 463, NULL),
(173, 15, 5, 73, NULL),
(174, 15, 6, 5, NULL),
(175, 15, 7, 4, NULL),
(176, 15, 8, 100, NULL),
(177, 15, 9, 265, NULL),
(178, 15, 10, 11, NULL),
(179, 15, 11, 5, NULL),
(180, 15, 12, 15, NULL),
(181, 16, 1, 581, NULL),
(182, 16, 2, 10, NULL),
(183, 16, 3, 215, NULL),
(184, 16, 4, 89, NULL),
(185, 16, 5, 18, NULL),
(186, 16, 6, 0, NULL),
(187, 16, 7, 1, NULL),
(188, 16, 8, 40, NULL),
(189, 16, 9, 29, NULL),
(190, 16, 10, 1, NULL),
(191, 16, 11, 0, NULL),
(192, 16, 12, 14, NULL),
(193, 17, 1, 339, NULL),
(194, 17, 2, 4, NULL),
(195, 17, 3, 15, NULL),
(196, 17, 4, 241, NULL),
(197, 17, 5, 38, NULL),
(198, 17, 6, 1, NULL),
(199, 17, 7, 1, NULL),
(200, 17, 8, 70, NULL),
(201, 17, 9, 131, NULL),
(202, 17, 10, 0, NULL),
(203, 17, 11, 0, NULL),
(204, 17, 12, 18, NULL),
(205, 18, 1, 22, NULL),
(206, 18, 2, 3, NULL),
(207, 18, 3, 10, NULL),
(208, 18, 4, 5, NULL),
(209, 18, 5, 1, NULL),
(210, 18, 6, 0, NULL),
(211, 18, 7, 1, NULL),
(212, 18, 8, 2, NULL),
(213, 18, 9, 1, NULL),
(214, 18, 10, 0, NULL),
(215, 18, 11, 0, NULL),
(216, 18, 12, 16, NULL),
(217, 19, 1, 1066, NULL),
(218, 19, 2, 31, NULL),
(219, 19, 3, 163, NULL),
(220, 19, 4, 413, NULL),
(221, 19, 5, 76, NULL),
(222, 19, 6, 0, NULL),
(223, 19, 7, 0, NULL),
(224, 19, 8, 131, NULL),
(225, 19, 9, 203, NULL),
(226, 19, 10, 3, NULL),
(227, 19, 11, 0, NULL),
(228, 19, 12, 14, NULL),
(229, 20, 1, 202, NULL),
(230, 20, 2, 4, NULL),
(231, 20, 3, 143, NULL),
(232, 20, 4, 14, NULL),
(233, 20, 5, 2, NULL),
(234, 20, 6, 0, NULL),
(235, 20, 7, 0, NULL),
(236, 20, 8, 5, NULL),
(237, 20, 9, 7, NULL),
(238, 20, 10, 0, NULL),
(239, 20, 11, 0, NULL),
(240, 20, 12, 12, NULL),
(241, 21, 1, 537, NULL),
(242, 21, 2, 20, NULL),
(243, 21, 3, 425, NULL),
(244, 21, 4, 73, NULL),
(245, 21, 5, 21, NULL),
(246, 21, 6, 0, NULL),
(247, 21, 7, 1, NULL),
(248, 21, 8, 44, NULL),
(249, 21, 9, 6, NULL),
(250, 21, 10, 1, NULL),
(251, 21, 11, 0, NULL),
(252, 21, 12, 13, NULL),
(253, 22, 1, 197, NULL),
(254, 22, 2, 14, NULL),
(255, 22, 3, 104, NULL),
(256, 22, 4, 77, NULL),
(257, 22, 5, 9, NULL),
(258, 22, 6, 0, NULL),
(259, 22, 7, 0, NULL),
(260, 22, 8, 68, NULL),
(261, 22, 9, 0, NULL),
(262, 22, 10, 0, NULL),
(263, 22, 11, 0, NULL),
(264, 22, 12, 13, NULL),
(265, 23, 1, 194, NULL),
(266, 23, 2, 10, NULL),
(267, 23, 3, 150, NULL),
(268, 23, 4, 33, NULL),
(269, 23, 5, 15, NULL),
(270, 23, 6, 0, NULL),
(271, 23, 7, 7, NULL),
(272, 23, 8, 7, NULL),
(273, 23, 9, 0, NULL),
(274, 23, 10, 4, NULL),
(275, 23, 11, 0, NULL),
(276, 23, 12, 20, NULL),
(277, 24, 1, 7, NULL),
(278, 24, 2, 0, NULL),
(279, 24, 3, 0, NULL),
(280, 24, 4, 7, NULL),
(281, 24, 5, 0, NULL),
(282, 24, 6, 0, NULL),
(283, 24, 7, 0, NULL),
(284, 24, 8, 7, NULL),
(285, 24, 9, 0, NULL),
(286, 24, 10, 0, NULL),
(287, 24, 11, 0, NULL),
(288, 24, 12, 10, NULL),
(289, 25, 1, 21, NULL),
(290, 25, 2, 1, NULL),
(291, 25, 3, 20, NULL),
(292, 25, 4, 0, NULL),
(293, 25, 5, 0, NULL),
(294, 25, 6, 0, NULL),
(295, 25, 7, 0, NULL),
(296, 25, 8, 0, NULL),
(297, 25, 9, 0, NULL),
(298, 25, 10, 0, NULL),
(299, 25, 11, 0, NULL),
(300, 25, 12, 20, NULL),
(301, 26, 1, 263, NULL),
(302, 26, 2, 15, NULL),
(303, 26, 3, 217, NULL),
(304, 26, 4, 1, NULL),
(305, 26, 5, 1, NULL),
(306, 26, 6, 0, NULL),
(307, 26, 7, 0, NULL),
(308, 26, 8, 0, NULL),
(309, 26, 9, 0, NULL),
(310, 26, 10, 0, NULL),
(311, 26, 11, 0, NULL),
(312, 26, 12, 17, NULL),
(313, 27, 1, 203, NULL),
(314, 27, 2, 9, NULL),
(315, 27, 3, 152, NULL),
(316, 27, 4, 39, NULL),
(317, 27, 5, 16, NULL),
(318, 27, 6, 0, NULL),
(319, 27, 7, 0, NULL),
(320, 27, 8, 13, NULL),
(321, 27, 9, 8, NULL),
(322, 27, 10, 0, NULL),
(323, 27, 11, 2, NULL),
(324, 27, 12, 14, NULL),
(325, 28, 1, 1118, NULL),
(326, 28, 2, 297, NULL),
(327, 28, 3, 610, NULL),
(328, 28, 4, 156, NULL),
(329, 28, 5, 47, NULL),
(330, 28, 6, 3, NULL),
(331, 28, 7, 1, NULL),
(332, 28, 8, 88, NULL),
(333, 28, 9, 3, NULL),
(334, 28, 10, 1, NULL),
(335, 28, 11, 13, NULL),
(336, 28, 12, 14, NULL),
(337, 29, 1, 1537, NULL),
(338, 29, 2, 232, NULL),
(339, 29, 3, 1105, NULL),
(340, 29, 4, 37, NULL),
(341, 29, 5, 9, NULL),
(342, 29, 6, 0, NULL),
(343, 29, 7, 0, NULL),
(344, 29, 8, 21, NULL),
(345, 29, 9, 6, NULL),
(346, 29, 10, 0, NULL),
(347, 29, 11, 1, NULL),
(348, 29, 12, 14, NULL),
(349, 30, 1, 304, NULL),
(350, 30, 2, 43, NULL),
(351, 30, 3, 218, NULL),
(352, 30, 4, 38, NULL),
(353, 30, 5, 13, NULL),
(354, 30, 6, 2, NULL),
(355, 30, 7, 1, NULL),
(356, 30, 8, 22, NULL),
(357, 30, 9, 0, NULL),
(358, 30, 10, 0, NULL),
(359, 30, 11, 0, NULL),
(360, 30, 12, 15, NULL),
(361, 31, 1, 2139, NULL),
(362, 31, 2, 564, NULL),
(363, 31, 3, 1511, NULL),
(364, 31, 4, 35, NULL),
(365, 31, 5, 28, NULL),
(366, 31, 6, 0, NULL),
(367, 31, 7, 0, NULL),
(368, 31, 8, 6, NULL),
(369, 31, 9, 1, NULL),
(370, 31, 10, 0, NULL),
(371, 31, 11, 0, NULL),
(372, 31, 12, 17, NULL),
(373, 32, 1, 1773, NULL),
(374, 32, 2, 197, NULL),
(375, 32, 3, 1544, NULL),
(376, 32, 4, 20, NULL),
(377, 32, 5, 8, NULL),
(378, 32, 6, 0, NULL),
(379, 32, 7, 0, NULL),
(380, 32, 8, 9, NULL),
(381, 32, 9, 0, NULL),
(382, 32, 10, 1, NULL),
(383, 32, 11, 2, NULL),
(384, 32, 12, 16, NULL),
(385, 33, 1, 0, NULL),
(386, 33, 2, 0, NULL),
(387, 33, 3, 0, NULL),
(388, 33, 4, 0, NULL),
(389, 33, 5, 0, NULL),
(390, 33, 6, 0, NULL),
(391, 33, 7, 0, NULL),
(392, 33, 8, 0, NULL),
(393, 33, 9, 0, NULL),
(394, 33, 10, 0, NULL),
(395, 33, 11, 0, NULL),
(396, 33, 12, 16, NULL),
(397, 34, 1, 518, NULL),
(398, 34, 2, 60, NULL),
(399, 34, 3, 395, NULL),
(400, 34, 4, 42, NULL),
(401, 34, 5, 2, NULL),
(402, 34, 6, 0, NULL),
(403, 34, 7, 0, NULL),
(404, 34, 8, 21, NULL),
(405, 34, 9, 17, NULL),
(406, 34, 10, 2, NULL),
(407, 34, 11, 0, NULL),
(408, 34, 12, 11, NULL),
(409, 35, 1, 637, NULL),
(410, 35, 2, 55, NULL),
(411, 35, 3, 450, NULL),
(412, 35, 4, 120, NULL),
(413, 35, 5, 17, NULL),
(414, 35, 6, 0, NULL),
(415, 35, 7, 1, NULL),
(416, 35, 8, 93, NULL),
(417, 35, 9, 8, NULL),
(418, 35, 10, 1, NULL),
(419, 35, 11, 0, NULL),
(420, 35, 12, 14, NULL),
(443, 11, 16, 4, NULL),
(444, 12, 16, 7, NULL),
(445, 13, 16, 0, NULL),
(446, 14, 16, 0, NULL),
(447, 15, 16, 11, NULL),
(448, 16, 16, 1, NULL),
(449, 17, 16, 0, NULL),
(450, 18, 16, 0, NULL),
(451, 19, 16, 5, NULL),
(452, 20, 16, 0, NULL),
(453, 21, 16, 0, NULL),
(454, 11, 17, 10, NULL),
(455, 12, 17, 7, NULL),
(456, 13, 17, 11, NULL),
(457, 14, 17, 3, NULL),
(458, 15, 17, 17, NULL),
(459, 16, 17, 0, NULL),
(460, 17, 17, 7, NULL),
(461, 18, 17, 7, NULL),
(462, 19, 17, 3, NULL),
(463, 20, 17, 12, NULL),
(464, 21, 17, 17, NULL),
(465, 11, 18, 1, NULL),
(466, 12, 18, 0, NULL),
(467, 13, 18, 0, NULL),
(468, 14, 18, 0, NULL),
(469, 15, 18, 0, NULL),
(470, 16, 18, 0, NULL),
(471, 17, 18, 0, NULL),
(472, 18, 18, 0, NULL),
(473, 19, 18, 0, NULL),
(474, 20, 18, 0, NULL),
(475, 21, 18, 0, NULL),
(476, 11, 19, 1, NULL),
(477, 12, 19, 1, NULL),
(478, 13, 19, 0, NULL),
(479, 14, 19, 0, NULL),
(480, 15, 19, 0, NULL),
(481, 16, 19, 0, NULL),
(482, 17, 19, 0, NULL),
(483, 18, 19, 0, NULL),
(484, 19, 19, 1, NULL),
(485, 20, 19, 0, NULL),
(486, 21, 19, 0, NULL),
(487, 11, 20, 1, NULL),
(488, 12, 20, 1, NULL),
(489, 13, 20, 1, NULL),
(490, 14, 20, 3, NULL),
(491, 15, 20, 1, NULL),
(492, 16, 20, 0, NULL),
(493, 17, 20, 1, NULL),
(494, 18, 20, 0, NULL),
(495, 19, 20, 3, NULL),
(496, 20, 20, 0, NULL),
(497, 21, 20, 0, NULL),
(498, 11, 21, 0, NULL),
(499, 12, 21, 0, NULL),
(500, 13, 21, 0, NULL),
(501, 14, 21, 0, NULL),
(502, 15, 21, 0, NULL),
(503, 16, 21, 1, NULL),
(504, 17, 21, 0, NULL),
(505, 18, 21, 0, NULL),
(506, 19, 21, 0, NULL),
(507, 20, 21, 0, NULL),
(508, 21, 21, 0, NULL),
(509, 11, 22, 7, NULL),
(510, 12, 22, 1, NULL),
(511, 13, 22, 0, NULL),
(512, 14, 22, 1, NULL),
(513, 15, 22, 9, NULL),
(514, 16, 22, 0, NULL),
(515, 17, 22, 0, NULL),
(516, 18, 22, 0, NULL),
(517, 19, 22, 2, NULL),
(518, 20, 22, 0, NULL),
(519, 21, 22, 0, NULL),
(520, 11, 23, 3, NULL),
(521, 12, 23, 1, NULL),
(522, 13, 23, 3, NULL),
(523, 14, 23, 2, NULL),
(524, 15, 23, 1, NULL),
(525, 16, 23, 0, NULL),
(526, 17, 23, 3, NULL),
(527, 18, 23, 0, NULL),
(528, 19, 23, 1, NULL),
(529, 20, 23, 0, NULL),
(530, 21, 23, 0, NULL),
(531, 37, 18, 2, NULL),
(532, 37, 19, 3, NULL),
(533, 37, 20, 11, NULL),
(534, 37, 21, 3, NULL),
(535, 37, 22, 28, NULL),
(536, 37, 23, 14, NULL),
(537, 37, 16, 27, NULL),
(538, 37, 17, 94, NULL),
(539, 1, 24, 48, '2019-08-31'),
(540, 1, 25, 373, '2019-08-31'),
(541, 1, 26, 421, '2019-08-31'),
(542, 2, 24, 43, '2019-08-31'),
(543, 2, 25, 334, '2019-08-31'),
(544, 2, 26, 377, '2019-08-31'),
(545, 3, 24, 18, '2019-08-31'),
(546, 3, 25, 153, '2019-08-31'),
(547, 3, 26, 171, '2019-08-31'),
(548, 4, 24, 61, '2019-08-31'),
(549, 4, 25, 282, '2019-08-31'),
(550, 4, 26, 343, '2019-08-31'),
(551, 5, 24, 92, '2019-08-31'),
(552, 5, 25, 392, '2019-08-31'),
(553, 5, 26, 484, '2019-08-31'),
(554, 6, 24, 0, '2019-08-31'),
(555, 6, 25, 13, '2019-08-31'),
(556, 6, 26, 13, '2019-08-31'),
(557, 7, 24, 55, '2019-08-31'),
(558, 7, 25, 539, '2019-08-31'),
(559, 7, 26, 594, '2019-08-31'),
(560, 8, 24, 6, '2019-08-31'),
(561, 8, 25, 105, '2019-08-31'),
(562, 8, 26, 111, '2019-08-31'),
(563, 9, 24, 0, '2019-08-31'),
(564, 9, 25, 0, '2019-08-31'),
(565, 9, 26, 0, '2019-08-31'),
(566, 10, 24, 1, '2019-08-31'),
(567, 10, 25, 2, '2019-08-31'),
(568, 10, 26, 3, '2019-08-31'),
(569, 11, 24, 3, '2019-08-31'),
(570, 11, 25, 332, '2019-08-31'),
(571, 11, 26, 948, '2019-08-31'),
(572, 12, 24, 1, '2019-08-31'),
(573, 12, 25, 671, '2019-08-31'),
(574, 12, 26, 748, '2019-08-31'),
(575, 13, 24, 0, '2019-08-31'),
(576, 13, 25, 167, '2019-08-31'),
(577, 13, 26, 565, '2019-08-31'),
(578, 14, 24, 4, '2019-08-31'),
(579, 14, 25, 469, '2019-08-31'),
(580, 14, 26, 1145, '2019-08-31'),
(581, 15, 24, 16, '2019-08-31'),
(582, 15, 25, 256, '2019-08-31'),
(583, 15, 26, 272, '2019-08-31'),
(584, 16, 24, 0, '2019-08-31'),
(585, 16, 25, 98, '2019-08-31'),
(586, 16, 26, 171, '2019-08-31'),
(587, 17, 24, 0, '2019-08-31'),
(588, 17, 25, 4, '2019-08-31'),
(589, 17, 26, 4, '2019-08-31'),
(590, 18, 24, 1, '2019-08-31'),
(591, 18, 25, 2, '2019-08-31'),
(592, 18, 26, 3, '2019-08-31'),
(593, 19, 24, 20, '2019-08-31'),
(594, 19, 25, 73, '2019-08-31'),
(595, 19, 26, 237, '2019-08-31'),
(596, 20, 24, 0, '2019-08-31'),
(597, 20, 25, 17, '2019-08-31'),
(598, 20, 26, 17, '2019-08-31'),
(599, 21, 24, 5, '2019-08-31'),
(600, 21, 25, 160, '2019-08-31'),
(601, 21, 26, 165, '2019-08-31'),
(602, 22, 24, 0, '2019-08-31'),
(603, 22, 25, 11, '2019-08-31'),
(604, 22, 26, 11, '2019-08-31'),
(605, 23, 24, 2, '2019-08-31'),
(606, 23, 25, 24, '2019-08-31'),
(607, 23, 26, 26, '2019-08-31'),
(608, 24, 24, 0, '2019-08-31'),
(609, 24, 25, 0, '2019-08-31'),
(610, 24, 26, 0, '2019-08-31'),
(611, 25, 24, 2, '2019-08-31'),
(612, 25, 25, 6, '2019-08-31'),
(613, 25, 26, 8, '2019-08-31'),
(614, 26, 24, 0, '2019-08-31'),
(615, 26, 25, 0, '2019-08-31'),
(616, 26, 26, 0, '2019-08-31'),
(617, 27, 24, 3, '2019-08-31'),
(618, 27, 25, 21, '2019-08-31'),
(619, 27, 26, 24, '2019-08-31'),
(620, 28, 24, 37, '2019-08-31'),
(621, 28, 25, 57, '2019-08-31'),
(622, 28, 26, 94, '2019-08-31'),
(623, 29, 24, 25, '2019-08-31'),
(624, 29, 25, 70, '2019-08-31'),
(625, 29, 26, 95, '2019-08-31'),
(626, 30, 24, 28, '2019-08-31'),
(627, 30, 25, 17, '2019-08-31'),
(628, 30, 26, 45, '2019-08-31'),
(629, 31, 24, 1, '2019-08-31'),
(630, 31, 25, 28, '2019-08-31'),
(631, 31, 26, 29, '2019-08-31'),
(632, 32, 24, 7, '2019-08-31'),
(633, 32, 25, 22, '2019-08-31'),
(634, 32, 26, 29, '2019-08-31'),
(635, 33, 24, 0, '2019-08-31'),
(636, 33, 25, 0, '2019-08-31'),
(637, 33, 26, 0, '2019-08-31'),
(638, 34, 24, 0, '2019-08-31'),
(639, 34, 25, 23, '2019-08-31'),
(640, 34, 26, 23, '2019-08-31'),
(641, 35, 24, 11, '2019-08-31'),
(642, 35, 25, 63, '2019-08-31'),
(643, 35, 26, 74, '2019-08-31'),
(644, 36, 24, 0, '2019-08-31'),
(645, 36, 25, 0, '2019-08-31'),
(646, 36, 26, 0, '2019-08-31'),
(647, 37, 24, 50, '2019-08-31'),
(648, 37, 25, 2151, '2019-08-31'),
(649, 37, 26, 4104, '2019-08-31'),
(650, 1, 24, 84, '2019-07-31'),
(651, 1, 25, 369, '2019-07-31'),
(652, 1, 26, 453, '2019-07-31'),
(653, 2, 24, 45, '2019-07-31'),
(654, 2, 25, 264, '2019-07-31'),
(655, 2, 26, 309, '2019-07-31'),
(656, 3, 24, 26, '2019-07-31'),
(657, 3, 25, 145, '2019-07-31'),
(658, 3, 26, 171, '2019-07-31'),
(659, 4, 24, 149, '2019-07-31'),
(660, 4, 25, 201, '2019-07-31'),
(661, 4, 26, 350, '2019-07-31'),
(662, 5, 24, 29, '2019-07-31'),
(663, 5, 25, 214, '2019-07-31'),
(664, 5, 26, 243, '2019-07-31'),
(665, 6, 24, 0, '2019-07-31'),
(666, 6, 25, 7, '2019-07-31'),
(667, 6, 26, 7, '2019-07-31'),
(668, 7, 24, 81, '2019-07-31'),
(669, 7, 25, 489, '2019-07-31'),
(670, 7, 26, 570, '2019-07-31'),
(671, 8, 24, 8, '2019-07-31'),
(672, 8, 25, 123, '2019-07-31'),
(673, 8, 26, 131, '2019-07-31'),
(674, 9, 24, 0, '2019-07-31'),
(675, 9, 25, 0, '2019-07-31'),
(676, 9, 26, 0, '2019-07-31'),
(677, 10, 24, 8, '2019-07-31'),
(678, 10, 25, 8, '2019-07-31'),
(679, 10, 26, 16, '2019-07-31'),
(680, 11, 24, 3, '2019-07-31'),
(681, 11, 25, 194, '2019-07-31'),
(682, 11, 26, 767, '2019-07-31'),
(683, 12, 24, 0, '2019-07-31'),
(684, 12, 25, 402, '2019-07-31'),
(685, 12, 26, 473, '2019-07-31'),
(686, 13, 24, 4, '2019-07-31'),
(687, 13, 25, 120, '2019-07-31'),
(688, 13, 26, 403, '2019-07-31'),
(689, 14, 24, 20, '2019-07-31'),
(690, 14, 25, 348, '2019-07-31'),
(691, 14, 26, 774, '2019-07-31'),
(692, 15, 24, 11, '2019-07-31'),
(693, 15, 25, 207, '2019-07-31'),
(694, 15, 26, 218, '2019-07-31'),
(695, 16, 24, 2, '2019-07-31'),
(696, 16, 25, 64, '2019-07-31'),
(697, 16, 26, 140, '2019-07-31'),
(698, 17, 24, 0, '2019-07-31'),
(699, 17, 25, 3, '2019-07-31'),
(700, 17, 26, 3, '2019-07-31'),
(701, 18, 24, 1, '2019-07-31'),
(702, 18, 25, 0, '2019-07-31'),
(703, 18, 26, 1, '2019-07-31'),
(704, 19, 24, 0, '2019-07-31'),
(705, 19, 25, 46, '2019-07-31'),
(706, 19, 26, 125, '2019-07-31'),
(707, 20, 24, 1, '2019-07-31'),
(708, 20, 25, 28, '2019-07-31'),
(709, 20, 26, 29, '2019-07-31'),
(710, 21, 24, 7, '2019-07-31'),
(711, 21, 25, 143, '2019-07-31'),
(712, 21, 26, 150, '2019-07-31'),
(713, 22, 24, 0, '2019-07-31'),
(714, 22, 25, 14, '2019-07-31'),
(715, 22, 26, 14, '2019-07-31'),
(716, 23, 24, 5, '2019-07-31'),
(717, 23, 25, 15, '2019-07-31'),
(718, 23, 26, 20, '2019-07-31'),
(719, 24, 24, 0, '2019-07-31'),
(720, 24, 25, 0, '2019-07-31'),
(721, 24, 26, 0, '2019-07-31'),
(722, 25, 24, 0, '2019-07-31'),
(723, 25, 25, 2, '2019-07-31'),
(724, 25, 26, 2, '2019-07-31'),
(725, 26, 24, 0, '2019-07-31'),
(726, 26, 25, 0, '2019-07-31'),
(727, 26, 26, 0, '2019-07-31'),
(728, 27, 24, 3, '2019-07-31'),
(729, 27, 25, 25, '2019-07-31'),
(730, 27, 26, 28, '2019-07-31'),
(731, 28, 24, 69, '2019-07-31'),
(732, 28, 25, 42, '2019-07-31'),
(733, 28, 26, 111, '2019-07-31'),
(734, 29, 24, 34, '2019-07-31'),
(735, 29, 25, 48, '2019-07-31'),
(736, 29, 26, 82, '2019-07-31'),
(737, 30, 24, 7, '2019-07-31'),
(738, 30, 25, 13, '2019-07-31'),
(739, 30, 26, 20, '2019-07-31'),
(740, 31, 24, 10, '2019-07-31'),
(741, 31, 25, 33, '2019-07-31'),
(742, 31, 26, 43, '2019-07-31'),
(743, 32, 24, 17, '2019-07-31'),
(744, 32, 25, 21, '2019-07-31'),
(745, 32, 26, 38, '2019-07-31'),
(746, 33, 24, 0, '2019-07-31'),
(747, 33, 25, 0, '2019-07-31'),
(748, 33, 26, 0, '2019-07-31'),
(749, 34, 24, 14, '2019-07-31'),
(750, 34, 25, 72, '2019-07-31'),
(751, 34, 26, 86, '2019-07-31'),
(752, 35, 24, 27, '2019-07-31'),
(753, 35, 25, 58, '2019-07-31'),
(754, 35, 26, 85, '2019-07-31'),
(755, 36, 24, 0, '2019-07-31'),
(756, 36, 25, 0, '2019-07-31'),
(757, 36, 26, 0, '2019-07-31'),
(758, 37, 24, 47, '2019-07-31'),
(759, 37, 25, 1491, '2019-07-31'),
(760, 37, 26, 2943, '2019-07-31'),
(761, 1, 24, 25, '2019-09-30'),
(762, 1, 25, 366, '2019-09-30'),
(763, 1, 26, 391, '2019-09-30'),
(764, 2, 24, 68, '2019-09-30'),
(765, 2, 25, 313, '2019-09-30'),
(766, 2, 26, 381, '2019-09-30'),
(767, 3, 24, 5, '2019-09-30'),
(768, 3, 25, 167, '2019-09-30'),
(769, 3, 26, 172, '2019-09-30'),
(770, 4, 24, 41, '2019-09-30'),
(771, 4, 25, 183, '2019-09-30'),
(772, 4, 26, 224, '2019-09-30'),
(773, 5, 24, 23, '2019-09-30'),
(774, 5, 25, 398, '2019-09-30'),
(775, 5, 26, 421, '2019-09-30'),
(776, 6, 24, 0, '2019-09-30'),
(777, 6, 25, 12, '2019-09-30'),
(778, 6, 26, 12, '2019-09-30'),
(779, 7, 24, 62, '2019-09-30'),
(780, 7, 25, 500, '2019-09-30'),
(781, 7, 26, 562, '2019-09-30'),
(782, 8, 24, 3, '2019-09-30'),
(783, 8, 25, 101, '2019-09-30'),
(784, 8, 26, 104, '2019-09-30'),
(785, 9, 24, 0, '2019-09-30'),
(786, 9, 25, 0, '2019-09-30'),
(787, 9, 26, 0, '2019-09-30'),
(788, 10, 24, 0, '2019-09-30'),
(789, 10, 25, 0, '2019-09-30'),
(790, 10, 26, 0, '2019-09-30'),
(791, 11, 24, 4, '2019-09-30'),
(792, 11, 25, 797, '2019-09-30'),
(793, 11, 26, 1032, '2019-09-30'),
(794, 12, 24, 0, '2019-09-30'),
(795, 12, 25, 1139, '2019-09-30'),
(796, 12, 26, 1163, '2019-09-30'),
(797, 13, 24, 3, '2019-09-30'),
(798, 13, 25, 645, '2019-09-30'),
(799, 13, 26, 881, '2019-09-30'),
(800, 14, 24, 9, '2019-09-30'),
(801, 14, 25, 779, '2019-09-30'),
(802, 14, 26, 1077, '2019-09-30'),
(803, 15, 24, 49, '2019-09-30'),
(804, 15, 25, 368, '2019-09-30'),
(805, 15, 26, 417, '2019-09-30'),
(806, 16, 24, 0, '2019-09-30'),
(807, 16, 25, 156, '2019-09-30'),
(808, 16, 26, 182, '2019-09-30'),
(809, 17, 24, 3, '2019-09-30'),
(810, 17, 25, 4, '2019-09-30'),
(811, 17, 26, 7, '2019-09-30'),
(812, 18, 24, 0, '2019-09-30'),
(813, 18, 25, 3, '2019-09-30'),
(814, 18, 26, 3, '2019-09-30'),
(815, 19, 24, 33, '2019-09-30'),
(816, 19, 25, 141, '2019-09-30'),
(817, 19, 26, 263, '2019-09-30'),
(818, 20, 24, 2, '2019-09-30'),
(819, 20, 25, 11, '2019-09-30'),
(820, 20, 26, 13, '2019-09-30'),
(821, 21, 24, 4, '2019-09-30'),
(822, 21, 25, 170, '2019-09-30'),
(823, 21, 26, 174, '2019-09-30'),
(824, 22, 24, 5, '2019-09-30'),
(825, 22, 25, 36, '2019-09-30'),
(826, 22, 26, 41, '2019-09-30'),
(827, 23, 24, 0, '2019-09-30'),
(828, 23, 25, 37, '2019-09-30'),
(829, 23, 26, 37, '2019-09-30'),
(830, 24, 24, 0, '2019-09-30'),
(831, 24, 25, 0, '2019-09-30'),
(832, 24, 26, 0, '2019-09-30'),
(833, 25, 24, 0, '2019-09-30'),
(834, 25, 25, 0, '2019-09-30'),
(835, 25, 26, 0, '2019-09-30'),
(836, 26, 24, 0, '2019-09-30'),
(837, 26, 25, 0, '2019-09-30'),
(838, 26, 26, 0, '2019-09-30'),
(839, 27, 24, 4, '2019-09-30'),
(840, 27, 25, 21, '2019-09-30'),
(841, 27, 26, 25, '2019-09-30'),
(842, 28, 24, 83, '2019-09-30'),
(843, 28, 25, 44, '2019-09-30'),
(844, 28, 26, 127, '2019-09-30'),
(845, 29, 24, 32, '2019-09-30'),
(846, 29, 25, 31, '2019-09-30'),
(847, 29, 26, 63, '2019-09-30'),
(848, 30, 24, 15, '2019-09-30'),
(849, 30, 25, 42, '2019-09-30'),
(850, 30, 26, 57, '2019-09-30'),
(851, 31, 24, 3, '2019-09-30'),
(852, 31, 25, 8, '2019-09-30'),
(853, 31, 26, 11, '2019-09-30'),
(854, 32, 24, 24, '2019-09-30'),
(855, 32, 25, 20, '2019-09-30'),
(856, 32, 26, 44, '2019-09-30'),
(857, 33, 24, 0, '2019-09-30'),
(858, 33, 25, 0, '2019-09-30'),
(859, 33, 26, 0, '2019-09-30'),
(860, 34, 24, 31, '2019-09-30'),
(861, 34, 25, 64, '2019-09-30'),
(862, 34, 26, 95, '2019-09-30'),
(863, 35, 24, 11, '2019-09-30'),
(864, 35, 25, 41, '2019-09-30'),
(865, 35, 26, 52, '2019-09-30'),
(866, 36, 24, 0, '2019-09-30'),
(867, 36, 25, 0, '2019-09-30'),
(868, 36, 26, 0, '2019-09-30'),
(869, 37, 24, 107, '2019-09-30'),
(870, 37, 25, 4057, '2019-09-30'),
(871, 37, 26, 5030, '2019-09-30'),
(872, 1, 24, 39, '2019-10-31'),
(873, 1, 25, 535, '2019-10-31'),
(874, 1, 26, 903, '2019-10-31'),
(875, 2, 24, 71, '2019-10-31'),
(876, 2, 25, 557, '2019-10-31'),
(877, 2, 26, 899, '2019-10-31'),
(878, 3, 24, 38, '2019-10-31'),
(879, 3, 25, 351, '2019-10-31'),
(880, 3, 26, 492, '2019-10-31'),
(881, 4, 24, 76, '2019-10-31'),
(882, 4, 25, 569, '2019-10-31'),
(883, 4, 26, 831, '2019-10-31'),
(884, 5, 24, 71, '2019-10-31'),
(885, 5, 25, 767, '2019-10-31'),
(886, 5, 26, 1206, '2019-10-31'),
(887, 6, 24, 0, '2019-10-31'),
(888, 6, 25, 35, '2019-10-31'),
(889, 6, 26, 49, '2019-10-31'),
(890, 7, 24, 34, '2019-10-31'),
(891, 7, 25, 645, '2019-10-31'),
(892, 7, 26, 1010, '2019-10-31'),
(893, 8, 24, 0, '2019-10-31'),
(894, 8, 25, 5, '2019-10-31'),
(895, 8, 26, 130, '2019-10-31'),
(896, 9, 24, 0, '2019-10-31'),
(897, 9, 25, 0, '2019-10-31'),
(898, 9, 26, 0, '2019-10-31'),
(899, 10, 24, 0, '2019-10-31'),
(900, 10, 25, 0, '2019-10-31'),
(901, 10, 26, 0, '2019-10-31'),
(902, 11, 24, 0, '2019-10-31'),
(903, 11, 25, 0, '2019-10-31'),
(904, 11, 26, 1248, '2019-10-31'),
(905, 12, 24, 0, '2019-10-31'),
(906, 12, 25, 0, '2019-10-31'),
(907, 12, 26, 1664, '2019-10-31'),
(908, 13, 24, 1, '2019-10-31'),
(909, 13, 25, 3, '2019-10-31'),
(910, 13, 26, 1263, '2019-10-31'),
(911, 14, 24, 0, '2019-10-31'),
(912, 14, 25, 80, '2019-10-31'),
(913, 14, 26, 2108, '2019-10-31'),
(914, 15, 24, 24, '2019-10-31'),
(915, 15, 25, 43, '2019-10-31'),
(916, 15, 26, 404, '2019-10-31'),
(917, 16, 24, 5, '2019-10-31'),
(918, 16, 25, 44, '2019-10-31'),
(919, 16, 26, 105, '2019-10-31'),
(920, 17, 24, 1, '2019-10-31'),
(921, 17, 25, 4, '2019-10-31'),
(922, 17, 26, 221, '2019-10-31'),
(923, 18, 24, 0, '2019-10-31'),
(924, 18, 25, 0, '2019-10-31'),
(925, 18, 26, 4, '2019-10-31'),
(926, 19, 24, 2, '2019-10-31'),
(927, 19, 25, 3, '2019-10-31'),
(928, 19, 26, 337, '2019-10-31'),
(929, 20, 24, 0, '2019-10-31'),
(930, 20, 25, 0, '2019-10-31'),
(931, 20, 26, 17, '2019-10-31'),
(932, 21, 24, 5, '2019-10-31'),
(933, 21, 25, 15, '2019-10-31'),
(934, 21, 26, 74, '2019-10-31'),
(935, 22, 24, 2, '2019-10-31'),
(936, 22, 25, 7, '2019-10-31'),
(937, 22, 26, 39, '2019-10-31'),
(938, 23, 24, 7, '2019-10-31'),
(939, 23, 25, 17, '2019-10-31'),
(940, 23, 26, 52, '2019-10-31'),
(941, 24, 24, 0, '2019-10-31'),
(942, 24, 25, 0, '2019-10-31'),
(943, 24, 26, 2, '2019-10-31'),
(944, 25, 24, 0, '2019-10-31'),
(945, 25, 25, 4, '2019-10-31'),
(946, 25, 26, 4, '2019-10-31'),
(947, 26, 24, 0, '2019-10-31'),
(948, 26, 25, 74, '2019-10-31'),
(949, 26, 26, 77, '2019-10-31'),
(950, 27, 24, 2, '2019-10-31'),
(951, 27, 25, 5, '2019-10-31'),
(952, 27, 26, 51, '2019-10-31'),
(953, 28, 24, 56, '2019-10-31'),
(954, 28, 25, 108, '2019-10-31'),
(955, 28, 26, 218, '2019-10-31'),
(956, 29, 24, 33, '2019-10-31'),
(957, 29, 25, 117, '2019-10-31'),
(958, 29, 26, 153, '2019-10-31'),
(959, 30, 24, 4, '2019-10-31'),
(960, 30, 25, 38, '2019-10-31'),
(961, 30, 26, 74, '2019-10-31'),
(962, 31, 24, 82, '2019-10-31'),
(963, 31, 25, 140, '2019-10-31'),
(964, 31, 26, 247, '2019-10-31'),
(965, 32, 24, 24, '2019-10-31'),
(966, 32, 25, 204, '2019-10-31'),
(967, 32, 26, 239, '2019-10-31'),
(968, 33, 24, 0, '2019-10-31'),
(969, 33, 25, 0, '2019-10-31'),
(970, 33, 26, 0, '2019-10-31'),
(971, 34, 24, 12, '2019-10-31'),
(972, 34, 25, 0, '2019-10-31'),
(973, 34, 26, 48, '2019-10-31'),
(974, 35, 24, 16, '2019-10-31'),
(975, 35, 25, 42, '2019-10-31'),
(976, 35, 26, 106, '2019-10-31'),
(977, 36, 24, 0, '2019-10-31'),
(978, 36, 25, 0, '2019-10-31'),
(979, 36, 26, 0, '2019-10-31'),
(980, 37, 24, 33, '2019-10-31'),
(981, 37, 25, 148, '2019-10-31'),
(982, 37, 26, 7340, '2019-10-31');

-- --------------------------------------------------------

--
-- Cấu trúc bảng cho bảng `chi_so_voffice`
--

CREATE TABLE `chi_so_voffice` (
  `id` int(11) NOT NULL,
  `user_id` int(11) NOT NULL,
  `tuy_chon_id` int(11) NOT NULL,
  `chi_so` int(11) NOT NULL,
  `thoi_gian` date NOT NULL
) ENGINE=InnoDB DEFAULT CHARSET=utf8mb4 COLLATE=utf8mb4_vietnamese_ci;

--
-- Đang đổ dữ liệu cho bảng `chi_so_voffice`
--

INSERT INTO `chi_so_voffice` (`id`, `user_id`, `tuy_chon_id`, `chi_so`, `thoi_gian`) VALUES
(1, 1, 13, 4, '2019-06-30'),
(2, 2, 13, 6, '2019-06-30'),
(3, 3, 13, 12, '2019-06-30'),
(4, 4, 13, 19, '2019-06-30'),
(5, 5, 13, 29, '2019-06-30'),
(6, 6, 13, 18, '2019-06-30'),
(7, 7, 13, 18, '2019-06-30'),
(8, 8, 13, 14, '2019-06-30'),
(9, 9, 13, 10, '2019-06-30'),
(10, 10, 13, 10, '2019-06-30'),
(11, 11, 13, 8, '2019-06-30'),
(12, 12, 13, 7, '2019-06-30'),
(13, 13, 13, 4, '2019-06-30'),
(14, 14, 13, 4, '2019-06-30'),
(15, 15, 13, 3, '2019-06-30'),
(16, 16, 13, 3, '2019-06-30'),
(17, 17, 13, 1, '2019-06-30'),
(18, 18, 13, 1, '2019-06-30'),
(19, 19, 13, 1, '2019-06-30'),
(20, 20, 13, 1, '2019-06-30'),
(21, 21, 13, 0, '2019-06-30'),
(22, 22, 13, 0, '2019-06-30'),
(23, 23, 13, 0, '2019-06-30'),
(24, 24, 13, 51, '2019-06-30'),
(25, 25, 13, 33, '2019-06-30'),
(26, 26, 13, 27, '2019-06-30'),
(27, 27, 13, 26, '2019-06-30'),
(28, 28, 13, 20, '2019-06-30'),
(29, 29, 13, 19, '2019-06-30'),
(30, 30, 13, 10, '2019-06-30'),
(31, 31, 13, 9, '2019-06-30'),
(32, 32, 13, 8, '2019-06-30'),
(33, 33, 13, 6, '2019-06-30'),
(34, 34, 13, 6, '2019-06-30'),
(35, 35, 13, 4, '2019-06-30'),
(36, 36, 13, 2, '2019-06-30'),
(37, 37, 13, 1, '2019-06-30'),
(38, 38, 13, 1, '2019-06-30'),
(39, 39, 13, 0, '2019-06-30'),
(40, 40, 13, 0, '2019-06-30'),
(41, 41, 13, 0, '2019-06-30'),
(42, 42, 13, 0, '2019-06-30'),
(43, 43, 13, 0, '2019-06-30'),
(44, 44, 13, 0, '2019-06-30'),
(45, 45, 13, 56, '2019-06-30'),
(46, 46, 13, 36, '2019-06-30'),
(47, 47, 13, 23, '2019-06-30'),
(48, 48, 13, 16, '2019-06-30'),
(49, 49, 13, 16, '2019-06-30'),
(50, 50, 13, 12, '2019-06-30'),
(51, 51, 13, 9, '2019-06-30'),
(52, 52, 13, 7, '2019-06-30'),
(53, 53, 13, 4, '2019-06-30'),
(54, 54, 13, 3, '2019-06-30'),
(55, 55, 13, 2, '2019-06-30'),
(56, 56, 13, 1, '2019-06-30'),
(57, 57, 13, 1, '2019-06-30'),
(58, 58, 13, 1, '2019-06-30'),
(59, 59, 13, 0, '2019-06-30'),
(60, 60, 13, 0, '2019-06-30'),
(61, 61, 13, 0, '2019-06-30'),
(62, 62, 13, 0, '2019-06-30'),
(63, 1, 13, 4, '2019-05-30'),
(64, 2, 13, 7, '2019-05-30'),
(65, 3, 13, 18, '2019-05-30'),
(66, 4, 13, 25, '2019-05-30'),
(67, 5, 13, 24, '2019-05-30'),
(68, 6, 13, 4, '2019-05-30'),
(69, 7, 13, 2, '2019-05-30'),
(70, 8, 13, 27, '2019-05-30'),
(71, 9, 13, 5, '2019-05-30'),
(72, 10, 13, 10, '2019-05-30'),
(73, 11, 13, 4, '2019-05-30'),
(74, 12, 13, 5, '2019-05-30'),
(75, 13, 13, 0, '2019-05-30'),
(76, 14, 13, 1, '2019-05-30'),
(77, 15, 13, 6, '2019-05-30'),
(78, 16, 13, 5, '2019-05-30'),
(79, 17, 13, 5, '2019-05-30'),
(80, 18, 13, 2, '2019-05-30'),
(81, 19, 13, 6, '2019-05-30'),
(82, 20, 13, 5, '2019-05-30'),
(83, 21, 13, 0, '2019-05-30'),
(84, 22, 13, 0, '2019-05-30'),
(85, 23, 13, 2, '2019-05-30'),
(86, 24, 13, 34, '2019-05-30'),
(87, 25, 13, 16, '2019-05-30'),
(88, 26, 13, 11, '2019-05-30'),
(89, 27, 13, 24, '2019-05-30'),
(90, 28, 13, 32, '2019-05-30'),
(91, 29, 13, 15, '2019-05-30'),
(92, 30, 13, 4, '2019-05-30'),
(93, 31, 13, 42, '2019-05-30'),
(94, 32, 13, 5, '2019-05-30'),
(95, 33, 13, 8, '2019-05-30'),
(96, 34, 13, 16, '2019-05-30'),
(97, 35, 13, 2, '2019-05-30'),
(98, 36, 13, 6, '2019-05-30'),
(99, 37, 13, 0, '2019-05-30'),
(100, 38, 13, 1, '2019-05-30'),
(101, 39, 13, 0, '2019-05-30'),
(102, 40, 13, 3, '2019-05-30'),
(103, 41, 13, 0, '2019-05-30'),
(104, 42, 13, 1, '2019-05-30'),
(105, 43, 13, 1, '2019-05-30'),
(106, 44, 13, 0, '2019-05-30'),
(107, 45, 13, 43, '2019-05-30'),
(108, 46, 13, 54, '2019-05-30'),
(109, 47, 13, 10, '2019-05-30'),
(110, 48, 13, 11, '2019-05-30'),
(111, 49, 13, 14, '2019-05-30'),
(112, 50, 13, 5, '2019-05-30'),
(113, 51, 13, 7, '2019-05-30'),
(114, 52, 13, 9, '2019-05-30'),
(115, 53, 13, 5, '2019-05-30'),
(116, 54, 13, 0, '2019-05-30'),
(117, 55, 13, 0, '2019-05-30'),
(118, 56, 13, 0, '2019-05-30'),
(119, 57, 13, 1, '2019-05-30'),
(120, 58, 13, 0, '2019-05-30'),
(121, 59, 13, 3, '2019-05-30'),
(122, 60, 13, 8, '2019-05-30'),
(123, 61, 13, 14, '2019-05-30'),
(124, 62, 13, 0, '2019-05-30'),
(504, 4, 13, 39, '2019-07-30'),
(505, 5, 13, 36, '2019-07-30'),
(506, 2, 13, 12, '2019-07-30'),
(507, 1, 13, 6, '2019-07-30'),
(508, 3, 13, 7, '2019-07-30'),
(509, 59, 13, 2, '2019-07-30'),
(510, 47, 13, 12, '2019-07-30'),
(511, 48, 13, 35, '2019-07-30'),
(512, 50, 13, 9, '2019-07-30'),
(513, 60, 13, 4, '2019-07-30'),
(514, 46, 13, 51, '2019-07-30'),
(515, 57, 13, 2, '2019-07-30'),
(516, 51, 13, 2, '2019-07-30'),
(517, 49, 13, 18, '2019-07-30'),
(518, 52, 13, 5, '2019-07-30'),
(519, 55, 13, 1, '2019-07-30'),
(520, 45, 13, 110, '2019-07-30'),
(521, 54, 13, 1, '2019-07-30'),
(522, 61, 13, 2, '2019-07-30'),
(523, 53, 13, 3, '2019-07-30'),
(524, 9, 13, 14, '2019-07-30'),
(525, 8, 13, 27, '2019-07-30'),
(526, 18, 13, 12, '2019-07-30'),
(527, 15, 13, 3, '2019-07-30'),
(528, 6, 13, 27, '2019-07-30'),
(529, 12, 13, 6, '2019-07-30'),
(530, 11, 13, 1, '2019-07-30'),
(531, 10, 13, 15, '2019-07-30'),
(532, 19, 13, 1, '2019-07-30'),
(533, 16, 13, 5, '2019-07-30'),
(534, 14, 13, 4, '2019-07-30'),
(535, 17, 13, 4, '2019-07-30'),
(536, 7, 13, 8, '2019-07-30'),
(537, 28, 13, 21, '2019-07-30'),
(538, 42, 13, 4, '2019-07-30'),
(539, 35, 13, 2, '2019-07-30'),
(540, 33, 13, 14, '2019-07-30'),
(541, 38, 13, 8, '2019-07-30'),
(542, 40, 13, 13, '2019-07-30'),
(543, 30, 13, 4, '2019-07-30'),
(544, 25, 13, 22, '2019-07-30'),
(545, 37, 13, 2, '2019-07-30'),
(546, 39, 13, 1, '2019-07-30'),
(547, 32, 13, 16, '2019-07-30'),
(548, 26, 13, 31, '2019-07-30'),
(549, 36, 13, 4, '2019-07-30'),
(550, 27, 13, 21, '2019-07-30'),
(551, 34, 13, 4, '2019-07-30'),
(552, 31, 13, 10, '2019-07-30'),
(553, 29, 13, 29, '2019-07-30'),
(554, 24, 13, 42, '2019-07-30'),
(555, 13, 13, 3, '2019-07-30'),
(556, 20, 13, 0, '2019-07-30'),
(557, 21, 13, 0, '2019-07-30'),
(558, 22, 13, 0, '2019-07-30'),
(559, 23, 13, 0, '2019-07-30'),
(560, 41, 13, 0, '2019-07-30'),
(561, 43, 13, 0, '2019-07-30'),
(562, 44, 13, 0, '2019-07-30'),
(563, 56, 13, 0, '2019-07-30'),
(564, 58, 13, 0, '2019-07-30'),
(565, 62, 13, 0, '2019-07-30'),
(566, 1, 13, 8, '2019-08-30'),
(567, 2, 13, 10, '2019-08-30'),
(568, 3, 13, 18, '2019-08-30'),
(569, 4, 13, 14, '2019-08-30'),
(570, 5, 13, 18, '2019-08-30'),
(571, 6, 13, 18, '2019-08-30'),
(572, 7, 13, 0, '2019-08-30'),
(573, 8, 13, 32, '2019-08-30'),
(574, 9, 13, 14, '2019-08-30'),
(575, 10, 13, 13, '2019-08-30'),
(576, 11, 13, 12, '2019-08-30'),
(577, 12, 13, 9, '2019-08-30'),
(578, 13, 13, 3, '2019-08-30'),
(579, 14, 13, 4, '2019-08-30'),
(580, 15, 13, 0, '2019-08-30'),
(581, 16, 13, 3, '2019-08-30'),
(582, 17, 13, 3, '2019-08-30'),
(583, 18, 13, 3, '2019-08-30'),
(584, 19, 13, 0, '2019-08-30'),
(585, 20, 13, 0, '2019-08-30'),
(586, 21, 13, 0, '2019-08-30'),
(587, 22, 13, 0, '2019-08-30'),
(588, 23, 13, 0, '2019-08-30'),
(589, 24, 13, 30, '2019-08-30'),
(590, 25, 13, 36, '2019-08-30'),
(591, 26, 13, 22, '2019-08-30'),
(592, 27, 13, 0, '2019-08-30'),
(593, 28, 13, 20, '2019-08-30'),
(594, 29, 13, 21, '2019-08-30'),
(595, 30, 13, 2, '2019-08-30'),
(596, 31, 13, 11, '2019-08-30'),
(597, 32, 13, 14, '2019-08-30'),
(598, 33, 13, 9, '2019-08-30'),
(599, 34, 13, 0, '2019-08-30'),
(600, 35, 13, 0, '2019-08-30'),
(601, 36, 13, 2, '2019-08-30'),
(602, 37, 13, 9, '2019-08-30'),
(603, 38, 13, 2, '2019-08-30'),
(604, 39, 13, 1, '2019-08-30'),
(605, 40, 13, 7, '2019-08-30'),
(606, 41, 13, 0, '2019-08-30'),
(607, 42, 13, 2, '2019-08-30'),
(608, 43, 13, 5, '2019-08-30'),
(609, 44, 13, 1, '2019-08-30'),
(610, 45, 13, 134, '2019-08-30'),
(611, 46, 13, 61, '2019-08-30'),
(612, 47, 13, 9, '2019-08-30'),
(613, 48, 13, 19, '2019-08-30'),
(614, 49, 13, 14, '2019-08-30'),
(615, 50, 13, 5, '2019-08-30'),
(616, 51, 13, 4, '2019-08-30'),
(617, 52, 13, 5, '2019-08-30'),
(618, 53, 13, 3, '2019-08-30'),
(619, 54, 13, 2, '2019-08-30'),
(620, 55, 13, 0, '2019-08-30'),
(621, 56, 13, 1, '2019-08-30'),
(622, 57, 13, 0, '2019-08-30'),
(623, 58, 13, 4, '2019-08-30'),
(624, 59, 13, 0, '2019-08-30'),
(625, 60, 13, 2, '2019-08-30'),
(626, 61, 13, 10, '2019-08-30'),
(627, 62, 13, 1, '2019-08-30'),
(628, 1, 13, 16, '2019-09-30'),
(629, 2, 13, 7, '2019-09-30'),
(630, 3, 13, 21, '2019-09-30'),
(631, 4, 13, 8, '2019-09-30'),
(632, 5, 13, 22, '2019-09-30'),
(633, 6, 13, 14, '2019-09-30'),
(634, 7, 13, 2, '2019-09-30'),
(635, 8, 13, 23, '2019-09-30'),
(636, 9, 13, 8, '2019-09-30'),
(637, 10, 13, 10, '2019-09-30'),
(638, 11, 13, 7, '2019-09-30'),
(639, 12, 13, 7, '2019-09-30'),
(640, 13, 13, 2, '2019-09-30'),
(641, 14, 13, 0, '2019-09-30'),
(642, 15, 13, 3, '2019-09-30'),
(643, 16, 13, 4, '2019-09-30'),
(644, 17, 13, 6, '2019-09-30'),
(645, 18, 13, 3, '2019-09-30'),
(646, 19, 13, 0, '2019-09-30'),
(647, 20, 13, 1, '2019-09-30'),
(648, 21, 13, 0, '2019-09-30'),
(649, 22, 13, 0, '2019-09-30'),
(650, 23, 13, 0, '2019-09-30'),
(651, 24, 13, 26, '2019-09-30'),
(652, 25, 13, 7, '2019-09-30'),
(653, 26, 13, 25, '2019-09-30'),
(654, 27, 13, 8, '2019-09-30'),
(655, 28, 13, 39, '2019-09-30'),
(656, 29, 13, 22, '2019-09-30'),
(657, 30, 13, 16, '2019-09-30'),
(658, 31, 13, 16, '2019-09-30'),
(659, 32, 13, 0, '2019-09-30'),
(660, 33, 13, 8, '2019-09-30'),
(661, 34, 13, 4, '2019-09-30'),
(662, 35, 13, 3, '2019-09-30'),
(663, 36, 13, 3, '2019-09-30'),
(664, 37, 13, 4, '2019-09-30'),
(665, 38, 13, 6, '2019-09-30'),
(666, 39, 13, 0, '2019-09-30'),
(667, 40, 13, 4, '2019-09-30'),
(668, 41, 13, 0, '2019-09-30'),
(669, 42, 13, 4, '2019-09-30'),
(670, 43, 13, 1, '2019-09-30'),
(671, 44, 13, 0, '2019-09-30'),
(672, 45, 13, 75, '2019-09-30'),
(673, 46, 13, 66, '2019-09-30'),
(674, 47, 13, 7, '2019-09-30'),
(675, 48, 13, 29, '2019-09-30'),
(676, 49, 13, 18, '2019-09-30'),
(677, 50, 13, 4, '2019-09-30'),
(678, 51, 13, 2, '2019-09-30'),
(679, 52, 13, 11, '2019-09-30'),
(680, 53, 13, 7, '2019-09-30'),
(681, 54, 13, 1, '2019-09-30'),
(682, 55, 13, 0, '2019-09-30'),
(683, 56, 13, 3, '2019-09-30'),
(684, 57, 13, 0, '2019-09-30'),
(685, 58, 13, 3, '2019-09-30'),
(686, 59, 13, 2, '2019-09-30'),
(687, 60, 13, 4, '2019-09-30'),
(688, 61, 13, 1, '2019-09-30'),
(689, 62, 13, 1, '2019-09-30'),
(690, 1, 13, 7, '2019-10-31'),
(691, 2, 13, 21, '2019-10-31'),
(692, 3, 13, 10, '2019-10-31'),
(693, 4, 13, 11, '2019-10-31'),
(694, 5, 13, 26, '2019-10-31'),
(695, 6, 13, 9, '2019-10-31'),
(696, 7, 13, 4, '2019-10-31'),
(697, 8, 13, 18, '2019-10-31'),
(698, 9, 13, 11, '2019-10-31'),
(699, 10, 13, 0, '2019-10-31'),
(700, 11, 13, 12, '2019-10-31'),
(701, 12, 13, 5, '2019-10-31'),
(702, 13, 13, 1, '2019-10-31'),
(703, 14, 13, 2, '2019-10-31'),
(704, 15, 13, 8, '2019-10-31'),
(705, 16, 13, 3, '2019-10-31'),
(706, 17, 13, 2, '2019-10-31'),
(707, 18, 13, 1, '2019-10-31'),
(708, 19, 13, 5, '2019-10-31'),
(709, 20, 13, 1, '2019-10-31'),
(710, 21, 13, 0, '2019-10-31'),
(711, 22, 13, 0, '2019-10-31'),
(712, 23, 13, 0, '2019-10-31'),
(713, 24, 13, 29, '2019-10-31'),
(714, 25, 13, 18, '2019-10-31'),
(715, 26, 13, 25, '2019-10-31'),
(716, 27, 13, 24, '2019-10-31'),
(717, 28, 13, 26, '2019-10-31'),
(718, 29, 13, 24, '2019-10-31'),
(719, 30, 13, 5, '2019-10-31'),
(720, 31, 13, 6, '2019-10-31'),
(721, 32, 13, 8, '2019-10-31'),
(722, 33, 13, 18, '2019-10-31'),
(723, 34, 13, 6, '2019-10-31'),
(724, 35, 13, 0, '2019-10-31'),
(725, 36, 13, 4, '2019-10-31'),
(726, 37, 13, 9, '2019-10-31'),
(727, 38, 13, 7, '2019-10-31'),
(728, 39, 13, 3, '2019-10-31'),
(729, 40, 13, 7, '2019-10-31'),
(730, 41, 13, 0, '2019-10-31'),
(731, 42, 13, 4, '2019-10-31'),
(732, 43, 13, 0, '2019-10-31'),
(733, 44, 13, 2, '2019-10-31'),
(734, 45, 13, 92, '2019-10-31'),
(735, 46, 13, 82, '2019-10-31'),
(736, 47, 13, 5, '2019-10-31'),
(737, 48, 13, 21, '2019-10-31'),
(738, 49, 13, 33, '2019-10-31'),
(739, 50, 13, 5, '2019-10-31'),
(740, 51, 13, 0, '2019-10-31'),
(741, 52, 13, 9, '2019-10-31'),
(742, 53, 13, 3, '2019-10-31'),
(743, 54, 13, 0, '2019-10-31'),
(744, 55, 13, 0, '2019-10-31'),
(745, 56, 13, 4, '2019-10-31'),
(746, 57, 13, 0, '2019-10-31'),
(747, 58, 13, 2, '2019-10-31'),
(748, 59, 13, 2, '2019-10-31'),
(749, 60, 13, 8, '2019-10-31'),
(750, 61, 13, 0, '2019-10-31'),
(751, 62, 13, 6, '2019-10-31');

-- --------------------------------------------------------

--
-- Cấu trúc bảng cho bảng `don_vi`
--

CREATE TABLE `don_vi` (
  `id` int(11) NOT NULL,
  `ten` varchar(255) COLLATE utf8mb4_vietnamese_ci DEFAULT NULL,
  `khoi` int(11) DEFAULT NULL,
  `id_veco1` int(11) DEFAULT NULL,
  `id_veco2` int(11) DEFAULT NULL,
  `ap_dung_quy_trinh` tinyint(1) NOT NULL DEFAULT '0'
) ENGINE=InnoDB DEFAULT CHARSET=utf8mb4 COLLATE=utf8mb4_vietnamese_ci;

--
-- Đang đổ dữ liệu cho bảng `don_vi`
--

INSERT INTO `don_vi` (`id`, `ten`, `khoi`, `id_veco1`, `id_veco2`, `ap_dung_quy_trinh`) VALUES
(1, 'Trung tâm Rada', 1, 3, 256, 1),
(2, 'Trung tâm Thông tin và Tác chiến điện tử', 1, 5, 254, 1),
(3, 'Trung tâm Quang điện tử', 1, 4, 253, 1),
(4, 'Trung tâm Mô hình mô phỏng', 1, 6, 258, 1),
(5, 'Trung tâm Chỉ huy điều khiển', 1, 2, 257, 1),
(6, 'Trung tâm Kỹ thuật công nghệ - K1', 1, 741, 259, 0),
(7, 'Trung tâm Sản xuất - K1', 1, 262, 260, 0),
(8, 'Trung tâm DV Sau bán hàng - K1', 1, 706, 261, 0),
(9, 'Phòng Đảm bảo chất lượng - K1', 1, 707, 262, 0),
(10, 'Phòng Tổng hợp - K1', 1, 737, 263, 0),
(11, 'Trung tâm Nghiên cứu thiết bị VTBR', 2, NULL, 21, 1),
(12, 'Trung tâm Nghiên cứu CN truyền dẫn', 2, NULL, 22, 1),
(13, 'Trung tâm Công nghệ chuyển mạch', 2, NULL, 23, 1),
(14, 'Trung tâm OCS', 2, NULL, 24, 1),
(15, 'Trung tâm Smart Connect', 2, NULL, 25, 1),
(16, 'Trung tâm Nghiên cứu thiết bị y tế', 2, NULL, 26, 0),
(17, 'Trung tâm Kỹ thuật công nghệ - K2', 2, NULL, 27, 0),
(18, ' Phòng Quản lý sản xuất', 2, NULL, 28, 0),
(19, 'Trung tâm Dịch vụ sau bán hàng - K2', 2, NULL, 29, 0),
(20, 'Phòng Đảm bảo chất lượng - K2', 2, NULL, 30, 0),
(21, 'Phòng Tổng hợp - K2', 2, NULL, 31, 0),
(22, 'Trung tâm Chip 5G', 3, NULL, 32, 1),
(23, 'Phòng CORE', 3, NULL, 33, 1),
(24, 'Phòng Chiến lược', 4, NULL, 35, 0),
(25, 'Phòng Pháp chế và KSNB', 4, NULL, 36, 0),
(26, 'Phòng Tài chính', 4, 88, 37, 0),
(27, 'Phòng Tổ chức lao động', 4, NULL, 38, 0),
(28, 'Phòng Công nghệ thông tin', 4, 93, 39, 0),
(29, 'Phòng Chính trị', 4, 92, 40, 0),
(30, 'Văn Phòng', 4, 738, 41, 0),
(31, 'Phòng Hành chính', 4, 91, 42, 0),
(32, 'Phòng Khoa học công nghệ', 4, 89, 43, 0),
(33, 'Trung tâm Mua sắm', 4, NULL, 44, 0),
(34, 'Trung tâm Kinh doanh', 4, 465, 45, 0),
(35, ' Trung tâm Quản lý chất lượng', 4, 85, 46, 0),
(36, 'Khối 1', 1, NULL, NULL, 0),
(37, 'Khối 2', 2, NULL, 19, 0);

-- --------------------------------------------------------

--
-- Cấu trúc bảng cho bảng `du_an`
--

CREATE TABLE `du_an` (
  `id` int(11) NOT NULL,
  `ma_de_tai` text COLLATE utf8_vietnamese_ci,
  `ten` text COLLATE utf8_vietnamese_ci NOT NULL,
  `trang_thai` tinyint(1) NOT NULL DEFAULT '1',
  `user_id` int(11) DEFAULT NULL,
  `donvi_id` int(11) DEFAULT NULL,
  `updated_at` timestamp NULL DEFAULT NULL,
  `created_at` timestamp NULL DEFAULT NULL
) ENGINE=InnoDB DEFAULT CHARSET=utf8 COLLATE=utf8_vietnamese_ci;

--
-- Đang đổ dữ liệu cho bảng `du_an`
--

INSERT INTO `du_an` (`id`, `ma_de_tai`, `ten`, `trang_thai`, `user_id`, `donvi_id`, `updated_at`, `created_at`) VALUES
(1, 'IMDB', 'Nghiên cứu xây dựng cơ sở dữ liệu trên bộ nhớ (IMDB)', 1, 9, 14, '2019-10-07 02:10:14', NULL),
(2, 'ONT', 'Nghiên cứu, thiết kế và chế thử thiết bị ONT', 1, 6, 12, '2019-10-28 19:52:46', NULL),
(3, 'EPC', 'Nghiên cứu sản xuất hệ thống mạng lõi chuyển mạch gói Evolved Packet Core (EPC) hỗ trợ 4G-LTE', 1, 8, 13, NULL, NULL),
(4, 'GMSC', 'Nghiên cứu phát triển hệ thống Gate MSC hỗ trợ TDM', 1, 7, 13, NULL, NULL),
(5, 'IMS', 'Nghiên cứu phát triển hệ thống đa phương tiện IP hỗ trợ mạng 4G (vIMS)', 1, 14, 13, NULL, NULL),
(6, 'Smallcell gNodeB 5G', 'Nghiên cứu, chế tạo trạm thu phát gốc Smallcell gNodeB 5G', 1, 14, 11, NULL, NULL),
(7, 'Site Router', 'Nghiên cứu phát triển chế tạo thiết bị Site Router', 1, 8, 12, NULL, NULL),
(8, 'TĐH CH HQ', 'Hệ thống tự động hóa chi huy cho Hải Quân', 1, 4, 5, NULL, NULL),
(9, 'MP SU-30MK2', 'Nghiên cứu, xây dựng Tổ hợp mô phỏng huấn luyện kíp chỉ huy bay và phi công Su-30MK2', 1, 13, 4, NULL, NULL),
(10, 'MP TSĐN', 'Nghiên cứu, thiết kế, xây dựng hệ thống Mô phỏng huấn luyện kĩ chiến thuật Trinh sát đặc nhiệm', 1, 13, 4, NULL, NULL),
(11, 'QĐT tầm xa', 'Nghiên cứu, thiết kế, chế tạo đài quang điện tử tầm xa trên tàu', 1, 2, 3, '2019-10-16 00:28:55', NULL),
(12, 'V-ELINT18', 'Nghiên cứu, thiết kế và chế tạo hệ thống Radar thụ động V-ELINT18', 1, 3, 2, '2019-10-14 20:17:29', NULL),
(13, 'V-HCR', 'Hệ thống truyền dẫn vô tuyến nhảy tần tốc độ cao (V-HCR)', 1, 3, 2, NULL, NULL),
(14, 'VRP712/S', 'Máy vô tuyến đa băng VRP712/S', 1, 3, 2, NULL, NULL),
(17, 'AI', 'Ứng dụng trí tuệ nhân tạo vào bài toán tự động giám sát toàn cảnh bằng công nghệ nhận diện khuôn mặt và nhận dạng người', 1, 10, 23, NULL, NULL),
(18, 'RA', 'Retail Analytics', 1, 10, 23, '2019-09-21 02:37:39', NULL),
(19, 'WBHF', 'HT thông tin HF băng rộng (WBHF)', 1, 3, 2, NULL, NULL),
(20, 'VQ2', 'Nghiên cứu, thiết kế, xây dựng, triển khai Bộ mẫu Hệ thống cảnh giới và bảo vệ vùng trời quốc gia GĐ2', 1, 4, 5, NULL, NULL),
(21, 'Sa bàn 3D', 'Hệ thống Sa bàn ảo 3D', 1, 13, 4, '2019-10-04 19:17:57', NULL),
(33, 'VIPPHONE', 'Sản phẩm điện thoại Smartphone 4G bảo mật (Vipphone)', 1, 7, 15, '2019-09-21 03:03:01', '2019-09-21 03:03:01'),
(34, 'Chip DFE', 'Nghiên cứu thiết kế và sản xuất thử chip Digital Frontend (DFE) cho BTS 5G', 1, 10, 22, '2019-10-04 19:22:35', '2019-10-04 19:22:35'),
(35, 'Chip RFIC', 'Nghiên cứu thiết kế và sản xuất thử chip RFIC cho BTS 5G băng tần Sub-6GHz', 1, 10, 22, '2019-10-04 19:23:24', '2019-10-04 19:23:24'),
(38, 'S-Tracking', 'Sản phẩm giám sát thiết bị tàu cá S-Tracking', 1, 7, 15, '2019-10-08 00:00:16', '2019-10-08 00:00:16'),
(40, 'CRBT', 'Hệ thống Nhạc chuông chờ Viettel CRBT', 1, 6, 14, '2019-10-08 23:47:10', '2019-10-08 00:07:04'),
(41, 'VRS_SRS', 'Ra-đa 3D chiến thuật (tầm gần) băng S VRS-SRS', 1, 2, 1, '2019-10-25 02:24:51', '2019-10-08 00:15:16'),
(42, 'KNAN', 'Thiết bị Kính ngắm ảnh nhiệt cho súng bắn tỉa SVD', 1, 2, 3, '2019-10-08 00:16:45', '2019-10-08 00:16:45'),
(43, 'MP Ô tô', 'Hệ thống Mô phỏng lái xe Ô tô', 1, 13, 4, '2019-11-04 19:55:07', '2019-10-08 00:17:29'),
(44, 'MP Tank', 'Hệ thống Mô phỏng huấn luyện Kip xe tăng T54B/T55', 1, 13, 4, '2019-10-08 00:20:31', '2019-10-08 00:20:31'),
(45, 'TSAN', 'Thiết bị Trinh sát Ảnh nhiệt', 1, 2, 3, '2019-10-08 00:21:57', '2019-10-08 00:21:57'),
(46, 'VRS CSX', 'Nghiên cứu thiết kế chế tạo đài ra đa cảnh giới bờ tầm trung VRS CSX', 1, 2, 1, '2019-10-08 00:27:44', '2019-10-08 00:22:58'),
(47, 'VRS 2DMI', 'Đài Ra Đa bắt thấp sóng đề xi mét cho biển đảo VRS 2DMI', 1, 2, 1, '2019-10-08 00:27:31', '2019-10-08 00:24:14'),
(48, 'VSI3', 'Hệ thống trinh sát vô tuyến điện tử VSI3', 1, 3, 2, '2019-10-08 00:27:20', '2019-10-08 00:25:05'),
(49, 'MSC', 'Hệ thống chuyển mạch mềm cho mạng di động MSC', 1, 7, 13, '2019-10-08 23:48:18', '2019-10-08 23:48:18'),
(50, 'SMSC', ' Hệ thống tổng đài tin nhắn thông minh (Viettel Intelligent Short Message Center)', 1, 5, 13, '2019-10-08 23:49:12', '2019-10-08 23:49:12'),
(51, 'OCS 3.0', 'Hệ thống tính cước thời gian thực - Viettel online charging System v3.0', 1, 9, 14, '2019-10-08 23:49:48', '2019-10-08 23:49:48'),
(52, 'OCS 2.0', 'Hệ thống tính cước thời gian thực - Viettel online charging System v2.x', 1, 9, 14, '2019-10-08 23:50:26', '2019-10-08 23:50:26'),
(53, 'eNodeB 4T4R', 'Nghiên cứu sản xuất hệ thống trạm thu phát gốc 4G-LTE (eNodeB)', 1, 14, 11, '2019-10-08 23:51:06', '2019-10-08 23:51:06'),
(54, 'HT máy hỏi', 'Hệ thống máy hỏi cho đài radar 3D băng S', 1, 2, 1, '2019-10-13 19:05:32', '2019-10-13 19:05:32'),
(55, 'VRS-818/SW', 'Máy vô tuyến điện song công băng rộng VRS-818/SW', 1, 3, 2, '2019-11-04 19:41:48', '2019-11-04 19:41:48');

-- --------------------------------------------------------

--
-- Cấu trúc bảng cho bảng `kpi_quytrinh`
--

CREATE TABLE `kpi_quytrinh` (
  `id` int(11) NOT NULL,
  `quy_trinh_id` int(11) DEFAULT NULL,
  `module_id` int(11) NOT NULL DEFAULT '1',
  `du_an_id` int(11) DEFAULT NULL,
  `diem` int(11) DEFAULT NULL,
  `thoigian` text COLLATE utf8_vietnamese_ci,
  `updated_at` timestamp NULL DEFAULT NULL,
  `created_at` timestamp NULL DEFAULT NULL
) ENGINE=InnoDB DEFAULT CHARSET=utf8 COLLATE=utf8_vietnamese_ci;

--
-- Đang đổ dữ liệu cho bảng `kpi_quytrinh`
--

INSERT INTO `kpi_quytrinh` (`id`, `quy_trinh_id`, `module_id`, `du_an_id`, `diem`, `thoigian`, `updated_at`, `created_at`) VALUES
(1, 1, 1, 8, 56, '2019-07', '2019-11-06 00:19:32', '2019-11-06 00:19:32'),
(2, 8, 1, 8, 57, '2019-07', '2019-11-06 00:19:32', '2019-11-06 00:19:32'),
(3, 5, 1, 8, 58, '2019-07', '2019-11-06 00:19:32', '2019-11-06 00:19:32'),
(4, 1, 1, 3, 89, '2019-07', '2019-11-06 00:19:32', '2019-11-06 00:19:32'),
(5, 8, 1, 3, 80, '2019-07', '2019-11-06 00:19:32', '2019-11-06 00:19:32'),
(6, 2, 1, 3, NULL, '2019-07', '2019-11-06 00:19:32', '2019-11-06 00:19:32'),
(7, 3, 1, 3, NULL, '2019-07', '2019-11-06 00:19:32', '2019-11-06 00:19:32'),
(8, 5, 1, 3, 71, '2019-07', '2019-11-06 00:19:32', '2019-11-06 00:19:32'),
(9, 1, 1, 4, 64, '2019-07', '2019-11-06 00:19:32', '2019-11-06 00:19:32'),
(10, 8, 1, 4, 66, '2019-07', '2019-11-06 00:19:32', '2019-11-06 00:19:32'),
(11, 2, 1, 4, NULL, '2019-07', '2019-11-06 00:19:32', '2019-11-06 00:19:32'),
(12, 3, 1, 4, NULL, '2019-07', '2019-11-06 00:19:32', '2019-11-06 00:19:32'),
(13, 5, 1, 4, 68, '2019-07', '2019-11-06 00:19:32', '2019-11-06 00:19:32'),
(14, 1, 1, 5, 90, '2019-07', '2019-11-06 00:19:32', '2019-11-06 00:19:32'),
(15, 8, 1, 5, 80, '2019-07', '2019-11-06 01:33:34', '2019-11-06 00:19:32'),
(16, 2, 1, 5, NULL, '2019-07', '2019-11-06 00:19:32', '2019-11-06 00:19:32'),
(17, 3, 1, 5, NULL, '2019-07', '2019-11-06 00:19:32', '2019-11-06 00:19:32'),
(18, 5, 1, 5, 69, '2019-07', '2019-11-06 00:19:32', '2019-11-06 00:19:32'),
(19, 6, 1, 7, 71, '2019-07', '2019-11-06 00:19:32', '2019-11-06 00:19:32'),
(20, 8, 1, 7, 71, '2019-07', '2019-11-06 00:19:32', '2019-11-06 00:19:32'),
(21, 1, 1, 9, 82, '2019-07', '2019-11-06 00:19:32', '2019-11-06 00:19:32'),
(22, 8, 1, 9, 67, '2019-07', '2019-11-06 00:19:32', '2019-11-06 00:19:32'),
(23, 2, 1, 9, 69, '2019-07', '2019-11-06 00:19:32', '2019-11-06 00:19:32'),
(24, 3, 1, 9, 43, '2019-07', '2019-11-06 00:19:32', '2019-11-06 00:19:32'),
(25, 5, 1, 9, 72, '2019-07', '2019-11-06 00:19:32', '2019-11-06 00:19:32'),
(26, 1, 1, 10, 77, '2019-07', '2019-11-06 00:19:32', '2019-11-06 00:19:32'),
(27, 8, 1, 10, 57, '2019-07', '2019-11-06 00:19:32', '2019-11-06 00:19:32'),
(28, 2, 1, 10, 52, '2019-07', '2019-11-06 00:19:32', '2019-11-06 00:19:32'),
(29, 3, 1, 10, 39, '2019-07', '2019-11-06 00:19:32', '2019-11-06 00:19:32'),
(30, 5, 1, 10, 61, '2019-07', '2019-11-06 00:19:32', '2019-11-06 00:19:32'),
(31, 1, 1, 2, 58, '2019-07', '2019-11-06 00:19:32', '2019-11-06 00:19:32'),
(32, 8, 1, 2, 64, '2019-07', '2019-11-06 01:33:34', '2019-11-06 00:19:32'),
(33, 2, 1, 2, 69, '2019-07', '2019-11-06 00:19:32', '2019-11-06 00:19:32'),
(34, 3, 1, 2, 78, '2019-07', '2019-11-06 00:19:32', '2019-11-06 00:19:32'),
(35, 5, 1, 2, 49, '2019-07', '2019-11-06 00:19:32', '2019-11-06 00:19:32'),
(36, 1, 1, 6, 70, '2019-07', '2019-11-06 00:19:32', '2019-11-06 00:19:32'),
(37, 8, 1, 6, 81, '2019-07', '2019-11-06 00:19:32', '2019-11-06 00:19:32'),
(38, 2, 1, 6, 100, '2019-07', '2019-11-06 00:19:32', '2019-11-06 00:19:32'),
(39, 3, 1, 6, 53, '2019-07', '2019-11-06 00:19:32', '2019-11-06 00:19:32'),
(40, 5, 1, 6, 100, '2019-07', '2019-11-06 00:19:32', '2019-11-06 00:19:32'),
(41, 1, 1, 1, 82, '2019-07', '2019-11-06 00:19:32', '2019-11-06 00:19:32'),
(42, 8, 1, 1, 79, '2019-07', '2019-11-06 01:33:34', '2019-11-06 00:19:32'),
(43, 2, 1, 1, NULL, '2019-07', '2019-11-06 00:19:32', '2019-11-06 00:19:32'),
(44, 3, 1, 1, NULL, '2019-07', '2019-11-06 00:19:32', '2019-11-06 00:19:32'),
(45, 5, 1, 1, 75, '2019-07', '2019-11-06 00:19:32', '2019-11-06 00:19:32'),
(46, 1, 1, 11, 92, '2019-07', '2019-11-06 01:33:34', '2019-11-06 00:19:32'),
(47, 8, 1, 11, 45, '2019-07', '2019-11-06 00:19:32', '2019-11-06 00:19:32'),
(48, 2, 1, 11, 43, '2019-07', '2019-11-06 01:33:34', '2019-11-06 00:19:32'),
(49, 3, 1, 11, 35, '2019-07', '2019-11-06 00:19:32', '2019-11-06 00:19:32'),
(50, 5, 1, 11, 10, '2019-07', '2019-11-06 01:33:34', '2019-11-06 00:19:32'),
(51, 1, 1, 12, 81, '2019-07', '2019-11-06 01:33:34', '2019-11-06 00:19:32'),
(52, 8, 1, 12, 88, '2019-07', '2019-11-06 01:33:34', '2019-11-06 00:19:32'),
(53, 2, 1, 12, 80, '2019-07', '2019-11-06 01:33:34', '2019-11-06 00:19:32'),
(54, 3, 1, 12, 93, '2019-07', '2019-11-06 01:33:34', '2019-11-06 00:19:32'),
(55, 5, 1, 12, 96, '2019-07', '2019-11-06 01:33:34', '2019-11-06 00:19:32'),
(56, 1, 1, 13, 97, '2019-07', '2019-11-06 01:33:34', '2019-11-06 00:19:32'),
(57, 8, 1, 13, 94, '2019-07', '2019-11-06 00:19:32', '2019-11-06 00:19:32'),
(58, 2, 1, 13, 94, '2019-07', '2019-11-06 01:33:34', '2019-11-06 00:19:32'),
(59, 3, 1, 13, 97, '2019-07', '2019-11-06 01:33:34', '2019-11-06 00:19:32'),
(60, 5, 1, 13, 89, '2019-07', '2019-11-06 01:33:34', '2019-11-06 00:19:32'),
(61, 1, 1, 14, 92, '2019-07', '2019-11-06 01:33:34', '2019-11-06 00:19:32'),
(62, 8, 1, 14, 89, '2019-07', '2019-11-06 00:19:32', '2019-11-06 00:19:32'),
(63, 2, 1, 14, 84, '2019-07', '2019-11-06 01:33:34', '2019-11-06 00:19:32'),
(64, 3, 1, 14, 100, '2019-07', '2019-11-06 00:19:32', '2019-11-06 00:19:32'),
(65, 5, 1, 14, 80, '2019-07', '2019-11-06 01:33:34', '2019-11-06 00:19:32'),
(66, 5, 1, 17, 69, '2019-08', '2019-11-06 01:33:34', '2019-11-06 00:19:32'),
(67, 8, 1, 17, 69, '2019-08', '2019-11-06 01:33:34', '2019-11-06 00:19:32'),
(68, 5, 1, 18, 78, '2019-08', '2019-11-06 01:33:34', '2019-11-06 00:19:32'),
(69, 8, 1, 18, 78, '2019-08', '2019-11-06 01:33:34', '2019-11-06 00:19:32'),
(70, 1, 1, 8, 56, '2019-08', '2019-11-06 00:19:32', '2019-11-06 00:19:32'),
(71, 8, 1, 8, 55, '2019-08', '2019-11-06 01:33:34', '2019-11-06 00:19:32'),
(72, 5, 1, 8, 53, '2019-08', '2019-11-06 01:33:34', '2019-11-06 00:19:32'),
(73, 1, 1, 20, 41, '2019-08', '2019-11-06 00:19:32', '2019-11-06 00:19:32'),
(74, 8, 1, 20, 44, '2019-08', '2019-11-06 00:19:32', '2019-11-06 00:19:32'),
(75, 5, 1, 20, 47, '2019-08', '2019-11-06 00:19:32', '2019-11-06 00:19:32'),
(76, 9, 1, 34, NULL, '2019-08', '2019-11-06 00:19:32', '2019-11-06 00:19:32'),
(77, 8, 1, 34, 0, '2019-08', '2019-11-06 00:19:32', '2019-11-06 00:19:32'),
(78, 9, 1, 35, NULL, '2019-08', '2019-11-06 00:19:32', '2019-11-06 00:19:32'),
(79, 8, 1, 35, 0, '2019-08', '2019-11-06 00:19:32', '2019-11-06 00:19:32'),
(80, 1, 1, 4, 67, '2019-08', '2019-11-06 00:19:32', '2019-11-06 00:19:32'),
(81, 8, 1, 4, 69, '2019-08', '2019-11-06 00:19:32', '2019-11-06 00:19:32'),
(82, 2, 1, 4, NULL, '2019-08', '2019-11-06 00:19:32', '2019-11-06 00:19:32'),
(83, 3, 1, 4, NULL, '2019-08', '2019-11-06 00:19:32', '2019-11-06 00:19:32'),
(84, 5, 1, 4, 71, '2019-08', '2019-11-06 00:19:32', '2019-11-06 00:19:32'),
(85, 1, 1, 3, 93, '2019-08', '2019-11-06 00:19:32', '2019-11-06 00:19:32'),
(86, 8, 1, 3, 82, '2019-08', '2019-11-06 00:19:32', '2019-11-06 00:19:32'),
(87, 2, 1, 3, NULL, '2019-08', '2019-11-06 00:19:32', '2019-11-06 00:19:32'),
(88, 3, 1, 3, NULL, '2019-08', '2019-11-06 00:19:32', '2019-11-06 00:19:32'),
(89, 5, 1, 3, 71, '2019-08', '2019-11-06 00:19:32', '2019-11-06 00:19:32'),
(90, 1, 1, 5, 94, '2019-08', '2019-11-06 00:19:32', '2019-11-06 00:19:32'),
(91, 8, 1, 5, 81, '2019-08', '2019-11-06 00:19:32', '2019-11-06 00:19:32'),
(92, 2, 1, 5, NULL, '2019-08', '2019-11-06 00:19:32', '2019-11-06 00:19:32'),
(93, 3, 1, 5, NULL, '2019-08', '2019-11-06 00:19:32', '2019-11-06 00:19:32'),
(94, 5, 1, 5, 68, '2019-08', '2019-11-06 00:19:32', '2019-11-06 00:19:32'),
(95, 6, 1, 7, 76, '2019-08', '2019-11-06 00:19:32', '2019-11-06 00:19:32'),
(96, 8, 1, 7, 76, '2019-08', '2019-11-06 00:19:32', '2019-11-06 00:19:32'),
(97, 1, 1, 9, 64, '2019-08', '2019-11-06 01:33:34', '2019-11-06 00:19:32'),
(98, 8, 1, 9, 60, '2019-08', '2019-11-06 01:33:34', '2019-11-06 00:19:32'),
(99, 2, 1, 9, 86, '2019-08', '2019-11-06 01:33:34', '2019-11-06 00:19:32'),
(100, 3, 1, 9, 37, '2019-08', '2019-11-06 01:33:34', '2019-11-06 00:19:32'),
(101, 5, 1, 9, 53, '2019-08', '2019-11-06 01:33:34', '2019-11-06 00:19:33'),
(102, 1, 1, 10, 64, '2019-08', '2019-11-06 01:33:34', '2019-11-06 00:19:33'),
(103, 8, 1, 10, 41, '2019-08', '2019-11-06 01:33:34', '2019-11-06 00:19:33'),
(104, 2, 1, 10, 22, '2019-08', '2019-11-06 01:33:34', '2019-11-06 00:19:33'),
(105, 3, 1, 10, 22, '2019-08', '2019-11-06 01:33:34', '2019-11-06 00:19:33'),
(106, 5, 1, 10, 55, '2019-08', '2019-11-06 01:33:34', '2019-11-06 00:19:33'),
(107, 1, 1, 21, 80, '2019-08', '2019-11-06 00:19:33', '2019-11-06 00:19:33'),
(108, 8, 1, 21, 80, '2019-08', '2019-11-06 00:19:33', '2019-11-06 00:19:33'),
(109, 1, 1, 2, 94, '2019-08', '2019-11-06 00:19:33', '2019-11-06 00:19:33'),
(110, 8, 1, 2, 91, '2019-08', '2019-11-06 00:19:33', '2019-11-06 00:19:33'),
(111, 2, 1, 2, 90, '2019-08', '2019-11-06 00:19:33', '2019-11-06 00:19:33'),
(112, 3, 1, 2, 97, '2019-08', '2019-11-06 00:19:33', '2019-11-06 00:19:33'),
(113, 5, 1, 2, 84, '2019-08', '2019-11-06 00:19:33', '2019-11-06 00:19:33'),
(114, 1, 1, 6, 90, '2019-08', '2019-11-06 00:19:33', '2019-11-06 00:19:33'),
(115, 8, 1, 6, 90, '2019-08', '2019-11-06 00:19:33', '2019-11-06 00:19:33'),
(116, 2, 1, 6, 88, '2019-08', '2019-11-06 00:19:33', '2019-11-06 00:19:33'),
(117, 3, 1, 6, 100, '2019-08', '2019-11-06 00:19:33', '2019-11-06 00:19:33'),
(118, 5, 1, 6, 83, '2019-08', '2019-11-06 00:19:33', '2019-11-06 00:19:33'),
(119, 1, 1, 1, 83, '2019-08', '2019-11-06 00:19:33', '2019-11-06 00:19:33'),
(120, 8, 1, 1, 80, '2019-08', '2019-11-06 00:19:33', '2019-11-06 00:19:33'),
(121, 2, 1, 1, NULL, '2019-08', '2019-11-06 00:19:33', '2019-11-06 00:19:33'),
(122, 3, 1, 1, NULL, '2019-08', '2019-11-06 00:19:33', '2019-11-06 00:19:33'),
(123, 5, 1, 1, 76, '2019-08', '2019-11-06 00:19:33', '2019-11-06 00:19:33'),
(124, 1, 1, 11, 91, '2019-08', '2019-11-06 01:33:34', '2019-11-06 00:19:33'),
(125, 8, 1, 11, 65, '2019-08', '2019-11-06 01:33:34', '2019-11-06 00:19:33'),
(126, 2, 1, 11, 52, '2019-08', '2019-11-06 01:33:34', '2019-11-06 00:19:33'),
(127, 3, 1, 11, 21, '2019-08', '2019-11-06 01:33:34', '2019-11-06 00:19:33'),
(128, 5, 1, 11, 95, '2019-08', '2019-11-06 01:33:34', '2019-11-06 00:19:33'),
(129, 1, 1, 12, 81, '2019-08', '2019-11-06 01:33:34', '2019-11-06 00:19:33'),
(130, 8, 1, 12, 81, '2019-08', '2019-11-06 01:33:34', '2019-11-06 00:19:33'),
(131, 2, 1, 12, 71, '2019-08', '2019-11-06 01:33:34', '2019-11-06 00:19:33'),
(132, 3, 1, 12, 79, '2019-08', '2019-11-06 01:33:34', '2019-11-06 00:19:33'),
(133, 5, 1, 12, 91, '2019-08', '2019-11-06 01:33:34', '2019-11-06 00:19:33'),
(134, 1, 1, 13, 62, '2019-08', '2019-11-06 01:33:34', '2019-11-06 00:19:33'),
(135, 8, 1, 13, 72, '2019-08', '2019-11-06 01:33:34', '2019-11-06 00:19:33'),
(136, 2, 1, 13, 92, '2019-08', '2019-11-06 01:33:34', '2019-11-06 00:19:33'),
(137, 3, 1, 13, 90, '2019-08', '2019-11-06 01:33:34', '2019-11-06 00:19:33'),
(138, 5, 1, 13, 44, '2019-08', '2019-11-06 01:33:34', '2019-11-06 00:19:33'),
(139, 1, 1, 14, 83, '2019-08', '2019-11-06 01:33:34', '2019-11-06 00:19:33'),
(140, 8, 1, 14, 73, '2019-08', '2019-11-06 01:33:34', '2019-11-06 00:19:33'),
(141, 2, 1, 14, 47, '2019-08', '2019-11-06 01:33:34', '2019-11-06 00:19:33'),
(142, 3, 1, 14, 96, '2019-08', '2019-11-06 01:33:34', '2019-11-06 00:19:33'),
(143, 5, 1, 14, 66, '2019-08', '2019-11-06 01:33:34', '2019-11-06 00:19:33'),
(144, 1, 1, 19, 61, '2019-08', '2019-11-06 01:33:34', '2019-11-06 00:19:33'),
(145, 8, 1, 19, 69, '2019-08', '2019-11-06 01:33:34', '2019-11-06 00:19:33'),
(146, 2, 1, 19, 70, '2019-08', '2019-11-06 01:33:34', '2019-11-06 00:19:33'),
(147, 3, 1, 19, 80, '2019-08', '2019-11-06 01:33:34', '2019-11-06 00:19:33'),
(148, 5, 1, 19, 64, '2019-08', '2019-11-06 01:33:34', '2019-11-06 00:19:33'),
(149, 1, 1, 8, 67, '2019-09', '2019-11-06 00:19:33', '2019-11-06 00:19:33'),
(150, 8, 1, 8, 66, '2019-09', '2019-11-06 00:19:33', '2019-11-06 00:19:33'),
(151, 5, 1, 8, 65, '2019-09', '2019-11-06 00:19:33', '2019-11-06 00:19:33'),
(152, 1, 1, 9, 64, '2019-09', '2019-11-06 01:33:34', '2019-11-06 00:19:33'),
(153, 8, 1, 9, 60, '2019-09', '2019-11-06 01:33:34', '2019-11-06 00:19:33'),
(154, 2, 1, 9, 86, '2019-09', '2019-11-06 01:33:34', '2019-11-06 00:19:33'),
(155, 3, 1, 9, 37, '2019-09', '2019-11-06 01:33:34', '2019-11-06 00:19:33'),
(156, 5, 1, 9, 53, '2019-09', '2019-11-06 01:33:34', '2019-11-06 00:19:33'),
(157, 1, 1, 10, 64, '2019-09', '2019-11-06 01:33:34', '2019-11-06 00:19:33'),
(158, 8, 1, 10, 41, '2019-09', '2019-11-06 01:33:34', '2019-11-06 00:19:33'),
(159, 2, 1, 10, 22, '2019-09', '2019-11-06 01:33:34', '2019-11-06 00:19:33'),
(160, 3, 1, 10, 23, '2019-09', '2019-11-06 00:19:33', '2019-11-06 00:19:33'),
(161, 5, 1, 10, 55, '2019-09', '2019-11-06 01:33:34', '2019-11-06 00:19:33'),
(162, 1, 1, 21, 80, '2019-09', '2019-11-06 00:19:33', '2019-11-06 00:19:33'),
(163, 8, 1, 21, 80, '2019-09', '2019-11-06 00:19:33', '2019-11-06 00:19:33'),
(164, 1, 1, 11, 91, '2019-09', '2019-11-06 01:33:34', '2019-11-06 00:19:33'),
(165, 8, 1, 11, 70, '2019-09', '2019-11-06 00:19:33', '2019-11-06 00:19:33'),
(166, 2, 1, 11, 39, '2019-09', '2019-11-06 00:19:33', '2019-11-06 00:19:33'),
(167, 3, 1, 11, 54, '2019-09', '2019-11-06 00:19:33', '2019-11-06 00:19:33'),
(168, 5, 1, 11, 96, '2019-09', '2019-11-06 00:19:33', '2019-11-06 00:19:33'),
(169, 1, 1, 12, 81, '2019-09', '2019-11-06 01:33:34', '2019-11-06 00:19:33'),
(170, 8, 1, 12, 81, '2019-09', '2019-11-06 01:33:34', '2019-11-06 00:19:33'),
(171, 2, 1, 12, 71, '2019-09', '2019-11-06 01:33:34', '2019-11-06 00:19:33'),
(172, 3, 1, 12, 79, '2019-09', '2019-11-06 01:33:34', '2019-11-06 00:19:33'),
(173, 5, 1, 12, 91, '2019-09', '2019-11-06 01:33:34', '2019-11-06 00:19:33'),
(174, 1, 1, 13, 62, '2019-09', '2019-11-06 01:33:34', '2019-11-06 00:19:33'),
(175, 8, 1, 13, 80, '2019-09', '2019-11-06 00:19:33', '2019-11-06 00:19:33'),
(176, 2, 1, 13, 92, '2019-09', '2019-11-06 01:33:34', '2019-11-06 00:19:33'),
(177, 3, 1, 13, 90, '2019-09', '2019-11-06 01:33:34', '2019-11-06 00:19:33'),
(178, 5, 1, 13, 75, '2019-09', '2019-11-06 00:19:33', '2019-11-06 00:19:33'),
(179, 1, 1, 14, 81, '2019-09', '2019-11-06 00:19:33', '2019-11-06 00:19:33'),
(180, 8, 1, 14, 73, '2019-09', '2019-11-06 01:33:35', '2019-11-06 00:19:33'),
(181, 2, 1, 14, 47, '2019-09', '2019-11-06 01:33:35', '2019-11-06 00:19:33'),
(182, 3, 1, 14, 96, '2019-09', '2019-11-06 01:33:35', '2019-11-06 00:19:33'),
(183, 5, 1, 14, 66, '2019-09', '2019-11-06 01:33:35', '2019-11-06 00:19:33'),
(184, 1, 1, 19, 61, '2019-09', '2019-11-06 01:33:35', '2019-11-06 00:19:33'),
(185, 8, 1, 19, 69, '2019-09', '2019-11-06 01:33:35', '2019-11-06 00:19:33'),
(186, 2, 1, 19, 70, '2019-09', '2019-11-06 01:33:35', '2019-11-06 00:19:33'),
(187, 3, 1, 19, 80, '2019-09', '2019-11-06 01:33:35', '2019-11-06 00:19:33'),
(188, 5, 1, 19, 64, '2019-09', '2019-11-06 01:33:35', '2019-11-06 00:19:33'),
(189, 1, 1, 4, 78, '2019-09', '2019-11-06 00:19:33', '2019-11-06 00:19:33'),
(190, 8, 1, 4, 83, '2019-09', '2019-11-06 01:33:35', '2019-11-06 00:19:33'),
(191, 2, 1, 4, NULL, '2019-09', '2019-11-06 00:19:33', '2019-11-06 00:19:33'),
(192, 3, 1, 4, NULL, '2019-09', '2019-11-06 00:19:33', '2019-11-06 00:19:33'),
(193, 5, 1, 4, 87, '2019-09', '2019-11-06 00:19:33', '2019-11-06 00:19:33'),
(194, 1, 1, 3, 93, '2019-09', '2019-11-06 00:19:33', '2019-11-06 00:19:33'),
(195, 8, 1, 3, 82, '2019-09', '2019-11-06 00:19:33', '2019-11-06 00:19:33'),
(196, 2, 1, 3, NULL, '2019-09', '2019-11-06 00:19:33', '2019-11-06 00:19:33'),
(197, 3, 1, 3, NULL, '2019-09', '2019-11-06 00:19:33', '2019-11-06 00:19:33'),
(198, 5, 1, 3, 71, '2019-09', '2019-11-06 00:19:33', '2019-11-06 00:19:33'),
(199, 1, 1, 5, 94, '2019-09', '2019-11-06 00:19:33', '2019-11-06 00:19:33'),
(200, 8, 1, 5, 81, '2019-09', '2019-11-06 00:19:33', '2019-11-06 00:19:33'),
(201, 2, 1, 5, NULL, '2019-09', '2019-11-06 00:19:33', '2019-11-06 00:19:33'),
(202, 3, 1, 5, NULL, '2019-09', '2019-11-06 00:19:33', '2019-11-06 00:19:33'),
(203, 5, 1, 5, 68, '2019-09', '2019-11-06 00:19:33', '2019-11-06 00:19:33'),
(204, 6, 1, 7, 82, '2019-09', '2019-11-06 00:19:33', '2019-11-06 00:19:33'),
(205, 8, 1, 7, 82, '2019-09', '2019-11-06 00:19:33', '2019-11-06 00:19:33'),
(206, 1, 1, 2, 94, '2019-09', '2019-11-06 00:19:33', '2019-11-06 00:19:33'),
(207, 8, 1, 2, 91, '2019-09', '2019-11-06 00:19:33', '2019-11-06 00:19:33'),
(208, 2, 1, 2, 90, '2019-09', '2019-11-06 00:19:33', '2019-11-06 00:19:33'),
(209, 3, 1, 2, 97, '2019-09', '2019-11-06 00:19:33', '2019-11-06 00:19:33'),
(210, 5, 1, 2, 84, '2019-09', '2019-11-06 00:19:33', '2019-11-06 00:19:33'),
(211, 1, 1, 6, 83, '2019-09', '2019-11-06 00:19:33', '2019-11-06 00:19:33'),
(212, 8, 1, 6, 81, '2019-09', '2019-11-06 00:19:33', '2019-11-06 00:19:33'),
(213, 2, 1, 6, 100, '2019-09', '2019-11-06 00:19:33', '2019-11-06 00:19:33'),
(214, 3, 1, 6, 65, '2019-09', '2019-11-06 00:19:33', '2019-11-06 00:19:33'),
(215, 5, 1, 6, 75, '2019-09', '2019-11-06 00:19:33', '2019-11-06 00:19:33'),
(216, 1, 1, 1, 86, '2019-09', '2019-11-06 00:19:33', '2019-11-06 00:19:33'),
(217, 8, 1, 1, 80, '2019-09', '2019-11-06 00:19:33', '2019-11-06 00:19:33'),
(218, 2, 1, 1, NULL, '2019-09', '2019-11-06 00:19:33', '2019-11-06 00:19:33'),
(219, 3, 1, 1, NULL, '2019-09', '2019-11-06 00:19:33', '2019-11-06 00:19:33'),
(220, 5, 1, 1, 74, '2019-09', '2019-11-06 00:19:33', '2019-11-06 00:19:33'),
(221, 7, 1, 33, 63, '2019-09', '2019-11-06 00:19:33', '2019-11-06 00:19:33'),
(222, 8, 1, 33, 63, '2019-09', '2019-11-06 00:19:33', '2019-11-06 00:19:33'),
(223, 5, 1, 17, 72, '2019-09', '2019-11-06 01:33:35', '2019-11-06 00:19:33'),
(224, 8, 1, 17, 72, '2019-09', '2019-11-06 01:33:35', '2019-11-06 00:19:33'),
(225, 5, 1, 18, 82, '2019-09', '2019-11-06 00:25:38', '2019-11-06 00:25:38'),
(226, 8, 1, 18, 82, '2019-09', '2019-11-06 00:25:38', '2019-11-06 00:25:38'),
(227, 9, 1, 34, 20, '2019-09', '2019-11-06 00:25:38', '2019-11-06 00:25:38'),
(228, 8, 1, 34, 20, '2019-09', '2019-11-06 00:25:38', '2019-11-06 00:25:38'),
(229, 9, 1, 35, 20, '2019-09', '2019-11-06 00:25:38', '2019-11-06 00:25:38'),
(230, 8, 1, 35, 20, '2019-09', '2019-11-06 00:25:38', '2019-11-06 00:25:38'),
(231, 1, 1, 8, 67, '2019-10', '2019-11-06 00:25:38', '2019-11-06 00:25:38'),
(232, 8, 1, 8, 66, '2019-10', '2019-11-06 00:25:38', '2019-11-06 00:25:38'),
(233, 5, 1, 8, 65, '2019-10', '2019-11-06 00:25:38', '2019-11-06 00:25:38'),
(234, 1, 1, 9, 80, '2019-10', '2019-11-06 00:25:38', '2019-11-06 00:25:38'),
(235, 8, 1, 9, 66, '2019-10', '2019-11-06 01:33:35', '2019-11-06 00:25:38'),
(236, 2, 1, 9, 83, '2019-10', '2019-11-06 01:33:35', '2019-11-06 00:25:38'),
(237, 3, 1, 9, 38, '2019-10', '2019-11-06 01:33:35', '2019-11-06 00:25:38'),
(238, 5, 1, 9, 61, '2019-10', '2019-11-06 01:33:35', '2019-11-06 00:25:38'),
(239, 1, 1, 10, 80, '2019-10', '2019-11-06 00:25:38', '2019-11-06 00:25:38'),
(240, 8, 1, 10, 76, '2019-10', '2019-11-06 01:33:35', '2019-11-06 00:25:38'),
(241, 2, 1, 10, 43, '2019-10', '2019-11-06 01:33:35', '2019-11-06 00:25:38'),
(242, 3, 1, 10, 97, '2019-10', '2019-11-06 01:33:35', '2019-11-06 00:25:38'),
(243, 5, 1, 10, 83, '2019-10', '2019-11-06 00:25:38', '2019-11-06 00:25:38'),
(244, 1, 1, 43, 0, '2019-10', '2019-11-06 00:25:38', '2019-11-06 00:25:38'),
(245, 8, 1, 43, 0, '2019-10', '2019-11-06 01:33:35', '2019-11-06 00:25:38'),
(246, 2, 1, 43, NULL, '2019-10', '2019-11-06 00:25:38', '2019-11-06 00:25:38'),
(247, 3, 1, 43, NULL, '2019-10', '2019-11-06 00:26:12', '2019-11-06 00:26:12'),
(248, 5, 1, 43, NULL, '2019-10', '2019-11-06 00:26:35', '2019-11-06 00:26:35'),
(249, 1, 1, 21, 0, '2019-10', '2019-11-06 00:26:35', '2019-11-06 00:26:35'),
(250, 8, 1, 21, 0, '2019-10', '2019-11-06 01:33:35', '2019-11-06 00:26:35'),
(251, 1, 1, 54, 100, '2019-10', '2019-11-06 00:26:35', '2019-11-06 00:26:35'),
(252, 8, 1, 54, 81, '2019-10', '2019-11-06 01:33:35', '2019-11-06 00:26:35'),
(253, 2, 1, 54, 50, '2019-10', '2019-11-06 00:26:35', '2019-11-06 00:26:35'),
(254, 3, 1, 54, 94, '2019-10', '2019-11-06 01:33:35', '2019-11-06 00:26:35'),
(255, 1, 1, 41, 67, '2019-10', '2019-11-06 01:33:35', '2019-11-06 00:26:35'),
(256, 8, 1, 41, 68, '2019-10', '2019-11-06 01:33:35', '2019-11-06 00:26:35'),
(257, 2, 1, 41, 18, '2019-10', '2019-11-06 01:33:35', '2019-11-06 00:26:35'),
(258, 3, 1, 41, 94, '2019-10', '2019-11-06 01:33:35', '2019-11-06 00:26:35'),
(259, 5, 1, 41, 94, '2019-10', '2019-11-06 01:33:35', '2019-11-06 00:26:35'),
(260, 1, 1, 11, 98, '2019-10', '2019-11-06 01:33:35', '2019-11-06 00:26:35'),
(261, 8, 1, 11, 61, '2019-10', '2019-11-06 01:33:35', '2019-11-06 00:26:35'),
(262, 2, 1, 11, 28, '2019-10', '2019-11-06 01:33:35', '2019-11-06 00:26:35'),
(263, 3, 1, 11, 18, '2019-10', '2019-11-06 01:33:35', '2019-11-06 00:26:35'),
(264, 5, 1, 11, 100, '2019-10', '2019-11-06 00:26:35', '2019-11-06 00:26:35'),
(265, 1, 1, 42, 95, '2019-10', '2019-11-06 00:26:35', '2019-11-06 00:26:35'),
(266, 8, 1, 42, 35, '2019-10', '2019-11-06 01:33:35', '2019-11-06 00:26:35'),
(267, 2, 1, 42, 14, '2019-10', '2019-11-06 00:26:35', '2019-11-06 00:26:35'),
(268, 3, 1, 42, 24, '2019-10', '2019-11-06 00:26:35', '2019-11-06 00:26:35'),
(269, 5, 1, 42, 8, '2019-10', '2019-11-06 00:26:35', '2019-11-06 00:26:35'),
(270, 1, 1, 12, 77, '2019-10', '2019-11-06 01:33:35', '2019-11-06 00:26:35'),
(271, 8, 1, 12, 80, '2019-10', '2019-11-06 01:33:35', '2019-11-06 00:26:35'),
(272, 2, 1, 12, 66, '2019-10', '2019-11-06 01:33:35', '2019-11-06 00:26:35'),
(273, 3, 1, 12, 87, '2019-10', '2019-11-06 01:33:35', '2019-11-06 00:26:35'),
(274, 5, 1, 12, 91, '2019-10', '2019-11-06 01:33:35', '2019-11-06 00:26:35'),
(275, 1, 1, 13, 85, '2019-10', '2019-11-06 01:33:35', '2019-11-06 00:26:35'),
(276, 8, 1, 13, 86, '2019-10', '2019-11-06 01:33:35', '2019-11-06 00:26:35'),
(277, 2, 1, 13, 92, '2019-10', '2019-11-06 01:33:35', '2019-11-06 00:26:35'),
(278, 3, 1, 13, 94, '2019-10', '2019-11-06 01:33:35', '2019-11-06 00:26:35'),
(279, 5, 1, 13, 74, '2019-10', '2019-11-06 01:33:35', '2019-11-06 00:26:35'),
(280, 1, 1, 14, 89, '2019-10', '2019-11-06 01:33:35', '2019-11-06 00:26:35'),
(281, 8, 1, 14, 79, '2019-10', '2019-11-06 01:33:35', '2019-11-06 00:26:35'),
(282, 2, 1, 14, 47, '2019-10', '2019-11-06 01:33:35', '2019-11-06 00:26:35'),
(283, 3, 1, 14, 97, '2019-10', '2019-11-06 01:33:35', '2019-11-06 00:26:35'),
(284, 5, 1, 14, 81, '2019-10', '2019-11-06 01:33:35', '2019-11-06 00:26:35'),
(285, 1, 1, 19, 43, '2019-10', '2019-11-06 01:33:35', '2019-11-06 00:26:35'),
(286, 8, 1, 19, 67, '2019-10', '2019-11-06 01:33:35', '2019-11-06 00:26:35'),
(287, 2, 1, 19, 73, '2019-10', '2019-11-06 01:33:35', '2019-11-06 00:26:35'),
(288, 3, 1, 19, 78, '2019-10', '2019-11-06 01:33:35', '2019-11-06 00:26:35'),
(289, 5, 1, 19, 75, '2019-10', '2019-11-06 01:33:35', '2019-11-06 00:26:35'),
(290, 1, 1, 55, 69, '2019-10', '2019-11-06 01:33:35', '2019-11-06 00:26:35'),
(291, 8, 1, 55, 82, '2019-10', '2019-11-06 01:33:35', '2019-11-06 00:26:35'),
(292, 2, 1, 55, 92, '2019-10', '2019-11-06 01:33:35', '2019-11-06 00:26:35'),
(293, 3, 1, 55, 94, '2019-10', '2019-11-06 01:33:35', '2019-11-06 00:26:35'),
(294, 5, 1, 55, 74, '2019-10', '2019-11-06 01:33:35', '2019-11-06 00:26:35'),
(295, 5, 1, 17, 72, '2019-10', '2019-11-06 01:33:35', '2019-11-06 00:26:35'),
(296, 8, 1, 17, 72, '2019-10', '2019-11-06 01:33:35', '2019-11-06 00:26:35'),
(297, 9, 1, 34, 80, '2019-10', '2019-11-06 00:26:35', '2019-11-06 00:26:35'),
(298, 8, 1, 34, 80, '2019-10', '2019-11-06 00:26:35', '2019-11-06 00:26:35'),
(299, 9, 1, 35, 80, '2019-10', '2019-11-06 00:26:35', '2019-11-06 00:26:35'),
(300, 8, 1, 35, 80, '2019-10', '2019-11-06 00:26:35', '2019-11-06 00:26:35'),
(301, 1, 1, 4, 78, '2019-10', '2019-11-06 00:26:35', '2019-11-06 00:26:35'),
(302, 8, 1, 4, 83, '2019-10', '2019-11-06 00:26:35', '2019-11-06 00:26:35'),
(303, 2, 1, 4, NULL, '2019-10', '2019-11-06 00:26:35', '2019-11-06 00:26:35'),
(304, 3, 1, 4, NULL, '2019-10', '2019-11-06 00:26:35', '2019-11-06 00:26:35'),
(305, 5, 1, 4, 88, '2019-10', '2019-11-06 00:26:35', '2019-11-06 00:26:35'),
(306, 1, 1, 3, 94, '2019-10', '2019-11-06 00:26:35', '2019-11-06 00:26:35'),
(307, 8, 1, 3, 83, '2019-10', '2019-11-06 00:26:35', '2019-11-06 00:26:35'),
(308, 2, 1, 3, NULL, '2019-10', '2019-11-06 00:26:35', '2019-11-06 00:26:35'),
(309, 3, 1, 3, NULL, '2019-10', '2019-11-06 00:26:35', '2019-11-06 00:26:35'),
(310, 5, 1, 3, 71, '2019-10', '2019-11-06 00:26:35', '2019-11-06 00:26:35'),
(311, 1, 1, 5, 94, '2019-10', '2019-11-06 00:26:35', '2019-11-06 00:26:35'),
(312, 8, 1, 5, 82, '2019-10', '2019-11-06 01:33:35', '2019-11-06 00:26:35'),
(313, 2, 1, 5, NULL, '2019-10', '2019-11-06 00:26:35', '2019-11-06 00:26:35'),
(314, 3, 1, 5, NULL, '2019-10', '2019-11-06 00:26:35', '2019-11-06 00:26:35'),
(315, 5, 1, 5, 69, '2019-10', '2019-11-06 00:26:35', '2019-11-06 00:26:35'),
(316, 6, 1, 7, 82, '2019-10', '2019-11-06 00:26:35', '2019-11-06 00:26:35'),
(317, 8, 1, 7, 82, '2019-10', '2019-11-06 00:26:35', '2019-11-06 00:26:35'),
(318, 1, 1, 2, 94, '2019-10', '2019-11-06 00:26:35', '2019-11-06 00:26:35'),
(319, 8, 1, 2, 93, '2019-10', '2019-11-06 00:26:35', '2019-11-06 00:26:35'),
(320, 2, 1, 2, 97, '2019-10', '2019-11-06 00:26:35', '2019-11-06 00:26:35'),
(321, 3, 1, 2, 97, '2019-10', '2019-11-06 00:26:35', '2019-11-06 00:26:35'),
(322, 5, 1, 2, 84, '2019-10', '2019-11-06 00:26:35', '2019-11-06 00:26:35'),
(323, 1, 1, 6, 86, '2019-10', '2019-11-06 00:26:35', '2019-11-06 00:26:35'),
(324, 8, 1, 6, 89, '2019-10', '2019-11-06 00:26:35', '2019-11-06 00:26:35'),
(325, 2, 1, 6, 100, '2019-10', '2019-11-06 00:26:35', '2019-11-06 00:26:35'),
(326, 3, 1, 6, 96, '2019-10', '2019-11-06 00:26:35', '2019-11-06 00:26:35'),
(327, 5, 1, 6, 75, '2019-10', '2019-11-06 00:26:35', '2019-11-06 00:26:35'),
(328, 1, 1, 1, 86, '2019-10', '2019-11-06 00:26:35', '2019-11-06 00:26:35'),
(329, 8, 1, 1, 80, '2019-10', '2019-11-06 00:26:35', '2019-11-06 00:26:35'),
(330, 2, 1, 1, NULL, '2019-10', '2019-11-06 00:26:35', '2019-11-06 00:26:35'),
(331, 3, 1, 1, NULL, '2019-10', '2019-11-06 00:26:35', '2019-11-06 00:26:35'),
(332, 5, 1, 1, 74, '2019-10', '2019-11-06 00:26:35', '2019-11-06 00:26:35'),
(333, 7, 1, 33, 87, '2019-10', '2019-11-06 00:26:35', '2019-11-06 00:26:35'),
(334, 8, 1, 33, 87, '2019-10', '2019-11-06 00:26:35', '2019-11-06 00:26:35');

-- --------------------------------------------------------

--
-- Cấu trúc bảng cho bảng `kpi_quytrinh_test`
--

CREATE TABLE `kpi_quytrinh_test` (
  `id` int(11) NOT NULL,
  `quy_trinh_id` int(11) DEFAULT NULL,
  `module_id` int(11) NOT NULL DEFAULT '1',
  `du_an_id` int(11) DEFAULT NULL,
  `diem` int(11) DEFAULT NULL,
  `thoigian` text COLLATE utf8_vietnamese_ci,
  `updated_at` timestamp NULL DEFAULT NULL,
  `created_at` timestamp NULL DEFAULT NULL
) ENGINE=InnoDB DEFAULT CHARSET=utf8 COLLATE=utf8_vietnamese_ci;

--
-- Đang đổ dữ liệu cho bảng `kpi_quytrinh_test`
--

INSERT INTO `kpi_quytrinh_test` (`id`, `quy_trinh_id`, `module_id`, `du_an_id`, `diem`, `thoigian`, `updated_at`, `created_at`) VALUES
(1, 2, 2, 12, 52, '2019-10', '2019-10-25 01:36:03', '2019-10-24 20:38:18'),
(2, 2, 1, 12, 52, '2019-10', '2019-10-25 01:36:03', '2019-10-24 20:38:18'),
(3, 8, 1, 12, 52, '2019-10', '2019-10-25 01:36:03', '2019-10-25 01:36:03'),
(4, 6, 1, 7, 75, '2019-10', '2019-10-28 19:49:36', '2019-10-28 19:49:36'),
(5, 8, 1, 7, 75, '2019-10', '2019-10-28 19:49:36', '2019-10-28 19:49:36'),
(6, 1, 1, 2, 100, '2019-10', '2019-10-28 20:30:49', '2019-10-28 20:30:49'),
(7, 8, 1, 2, 91, '2019-10', '2019-10-29 00:15:05', '2019-10-28 20:30:50'),
(8, 2, 1, 2, 81, '2019-10', '2019-10-28 20:51:45', '2019-10-28 20:51:45'),
(9, 2, 3, 6, 100, '2019-10', '2019-10-28 20:55:32', '2019-10-28 20:55:32'),
(10, 2, 1, 6, 100, '2019-10', '2019-10-28 20:55:32', '2019-10-28 20:55:32'),
(11, 8, 1, 6, 94, '2019-10', '2019-10-28 21:23:29', '2019-10-28 20:55:32'),
(12, 2, 4, 6, 100, '2019-10', '2019-10-28 21:00:33', '2019-10-28 21:00:33'),
(13, 3, 3, 6, 100, '2019-10', '2019-10-28 21:06:21', '2019-10-28 21:06:21'),
(14, 3, 1, 6, 100, '2019-10', '2019-10-28 21:06:21', '2019-10-28 21:06:21'),
(15, 3, 4, 6, 100, '2019-10', '2019-10-28 21:09:32', '2019-10-28 21:09:32'),
(16, 5, 5, 6, 100, '2019-10', '2019-10-28 21:11:50', '2019-10-28 21:11:50'),
(17, 5, 1, 6, 82, '2019-10', '2019-10-28 21:23:29', '2019-10-28 21:11:50'),
(18, 1, 1, 5, 91, '2019-10', '2019-10-28 21:12:52', '2019-10-28 21:12:52'),
(19, 8, 1, 5, 73, '2019-10', '2019-10-28 21:20:13', '2019-10-28 21:12:52'),
(20, 5, 6, 6, 100, '2019-10', '2019-10-28 21:15:33', '2019-10-28 21:15:33'),
(21, 5, 1, 5, 55, '2019-10', '2019-10-28 21:20:13', '2019-10-28 21:20:13'),
(22, 3, 1, 2, 97, '2019-10', '2019-10-28 21:21:58', '2019-10-28 21:21:58'),
(23, 5, 7, 6, 63, '2019-10', '2019-10-28 21:22:42', '2019-10-28 21:22:42'),
(24, 1, 1, 3, 95, '2019-10', '2019-10-28 21:23:14', '2019-10-28 21:23:14'),
(25, 8, 1, 3, 85, '2019-10', '2019-10-28 21:33:37', '2019-10-28 21:23:15'),
(26, 5, 8, 6, 63, '2019-10', '2019-10-28 21:23:29', '2019-10-28 21:23:29'),
(27, 5, 9, 6, 82, '2019-10', '2019-10-28 21:27:25', '2019-10-28 21:27:25'),
(28, 5, 1, 3, 74, '2019-10', '2019-10-28 21:33:37', '2019-10-28 21:33:37'),
(29, 5, 1, 2, 85, '2019-10', '2019-10-29 00:15:05', '2019-10-28 22:02:47');

-- --------------------------------------------------------

--
-- Cấu trúc bảng cho bảng `kpi_veco`
--

CREATE TABLE `kpi_veco` (
  `id` int(11) NOT NULL,
  `don_vi_id` int(11) NOT NULL,
  `tuy_chon_id` int(11) NOT NULL,
  `chi_so` int(11) NOT NULL,
  `thoi_gian` date NOT NULL,
  `updated_at` timestamp NULL DEFAULT NULL,
  `created_at` timestamp NULL DEFAULT NULL
) ENGINE=InnoDB DEFAULT CHARSET=utf8mb4 COLLATE=utf8mb4_vietnamese_ci;

--
-- Đang đổ dữ liệu cho bảng `kpi_veco`
--

INSERT INTO `kpi_veco` (`id`, `don_vi_id`, `tuy_chon_id`, `chi_so`, `thoi_gian`, `updated_at`, `created_at`) VALUES
(1, 1, 15, 3, '2019-07-05', NULL, NULL),
(2, 2, 15, 7, '2019-07-05', NULL, NULL),
(3, 3, 15, 10, '2019-07-05', NULL, NULL),
(4, 4, 15, 1, '2019-07-05', NULL, NULL),
(5, 5, 15, 13, '2019-07-05', NULL, NULL),
(6, 6, 15, 34, '2019-07-05', NULL, NULL),
(7, 7, 15, 1, '2019-07-05', NULL, NULL),
(8, 8, 15, 7, '2019-07-05', NULL, NULL),
(9, 9, 15, 0, '2019-07-05', NULL, NULL),
(10, 10, 15, 4, '2019-07-05', NULL, NULL),
(11, 11, 15, 0, '2019-07-05', NULL, NULL),
(12, 12, 15, 3, '2019-07-05', NULL, NULL),
(13, 13, 15, 0, '2019-07-05', NULL, NULL),
(14, 14, 15, 3, '2019-07-05', NULL, NULL),
(15, 15, 15, 2, '2019-07-05', NULL, NULL),
(16, 16, 15, 0, '2019-07-05', NULL, NULL),
(17, 17, 15, 21, '2019-07-05', NULL, NULL),
(18, 18, 15, 3, '2019-07-05', NULL, NULL),
(19, 19, 15, 0, '2019-07-05', NULL, NULL),
(20, 20, 15, 0, '2019-07-05', NULL, NULL),
(21, 21, 15, 6, '2019-07-05', NULL, NULL),
(22, 22, 15, 10, '2019-07-05', NULL, NULL),
(23, 23, 15, 1, '2019-07-05', NULL, NULL),
(24, 24, 15, 0, '2019-07-05', NULL, NULL),
(25, 25, 15, 2, '2019-07-05', NULL, NULL),
(26, 26, 15, 2, '2019-07-05', NULL, NULL),
(27, 27, 15, 7, '2019-07-05', NULL, NULL),
(28, 28, 15, 1, '2019-07-05', NULL, NULL),
(29, 29, 15, 2, '2019-07-05', NULL, NULL),
(30, 30, 15, 3, '2019-07-05', NULL, NULL),
(31, 31, 15, 5, '2019-07-05', NULL, NULL),
(32, 32, 15, 9, '2019-07-05', NULL, NULL),
(33, 33, 15, 7, '2019-07-05', NULL, NULL),
(34, 34, 15, 17, '2019-07-05', NULL, NULL),
(35, 35, 15, 12, '2019-07-05', NULL, NULL),
(36, 3, 15, 5, '2019-07-12', NULL, NULL),
(37, 10, 15, 2, '2019-07-12', NULL, NULL),
(38, 5, 15, 2, '2019-07-12', NULL, NULL),
(39, 8, 15, 3, '2019-07-12', NULL, NULL),
(40, 6, 15, 27, '2019-07-12', NULL, NULL),
(41, 4, 15, 1, '2019-07-12', NULL, NULL),
(42, 1, 15, 7, '2019-07-12', NULL, NULL),
(43, 7, 15, 2, '2019-07-12', NULL, NULL),
(44, 2, 15, 3, '2019-07-12', NULL, NULL),
(45, 31, 15, 5, '2019-07-12', NULL, NULL),
(46, 26, 15, 3, '2019-07-12', NULL, NULL),
(47, 27, 15, 8, '2019-07-12', NULL, NULL),
(48, 32, 15, 2, '2019-07-12', NULL, NULL),
(49, 34, 15, 5, '2019-07-12', NULL, NULL),
(50, 33, 15, 10, '2019-07-12', NULL, NULL),
(51, 9, 15, 4, '2019-07-12', NULL, NULL),
(52, 11, 15, 0, '2019-07-12', NULL, NULL),
(53, 12, 15, 1, '2019-07-12', NULL, NULL),
(54, 13, 15, 0, '2019-07-12', NULL, NULL),
(55, 14, 15, 0, '2019-07-12', NULL, NULL),
(56, 15, 15, 2, '2019-07-12', NULL, NULL),
(57, 16, 15, 0, '2019-07-12', NULL, NULL),
(58, 17, 15, 19, '2019-07-12', NULL, NULL),
(59, 18, 15, 3, '2019-07-12', NULL, NULL),
(60, 19, 15, 0, '2019-07-12', NULL, NULL),
(61, 20, 15, 0, '2019-07-12', NULL, NULL),
(62, 21, 15, 5, '2019-07-12', NULL, NULL),
(63, 22, 15, 5, '2019-07-12', NULL, NULL),
(64, 23, 15, 0, '2019-07-12', NULL, NULL),
(65, 24, 15, 1, '2019-07-12', NULL, NULL),
(66, 25, 15, 0, '2019-07-12', NULL, NULL),
(67, 28, 15, 2, '2019-07-12', NULL, NULL),
(68, 29, 15, 0, '2019-07-12', NULL, NULL),
(69, 35, 15, 10, '2019-07-12', NULL, NULL),
(70, 30, 15, 2, '2019-07-12', NULL, NULL),
(71, 1, 15, 2, '2019-07-19', NULL, NULL),
(72, 2, 15, 14, '2019-07-19', NULL, NULL),
(73, 3, 15, 6, '2019-07-19', NULL, NULL),
(74, 4, 15, 0, '2019-07-19', NULL, NULL),
(75, 5, 15, 5, '2019-07-19', NULL, NULL),
(76, 6, 15, 37, '2019-07-19', NULL, NULL),
(77, 7, 15, 5, '2019-07-19', NULL, NULL),
(78, 8, 15, 5, '2019-07-19', NULL, NULL),
(79, 9, 15, 0, '2019-07-19', NULL, NULL),
(80, 10, 15, 3, '2019-07-19', NULL, NULL),
(81, 11, 15, 10, '2019-07-19', NULL, NULL),
(82, 12, 15, 3, '2019-07-19', NULL, NULL),
(83, 13, 15, 1, '2019-07-19', NULL, NULL),
(84, 14, 15, 2, '2019-07-19', NULL, NULL),
(85, 15, 15, 3, '2019-07-19', NULL, NULL),
(86, 16, 15, 3, '2019-07-19', NULL, NULL),
(87, 17, 15, 79, '2019-07-19', NULL, NULL),
(88, 18, 15, 3, '2019-07-19', NULL, NULL),
(89, 19, 15, 1, '2019-07-19', NULL, NULL),
(90, 20, 15, 2, '2019-07-19', NULL, NULL),
(91, 21, 15, 5, '2019-07-19', NULL, NULL),
(92, 22, 15, 7, '2019-07-19', NULL, NULL),
(93, 23, 15, 0, '2019-07-19', NULL, NULL),
(94, 24, 15, 1, '2019-07-19', NULL, NULL),
(95, 25, 15, 1, '2019-07-19', NULL, NULL),
(96, 26, 15, 1, '2019-07-19', NULL, NULL),
(97, 27, 15, 6, '2019-07-19', NULL, NULL),
(98, 28, 15, 5, '2019-07-19', NULL, NULL),
(99, 29, 15, 1, '2019-07-19', NULL, NULL),
(100, 30, 15, 2, '2019-07-19', NULL, NULL),
(101, 31, 15, 3, '2019-07-19', NULL, NULL),
(102, 32, 15, 5, '2019-07-19', NULL, NULL),
(103, 33, 15, 7, '2019-07-19', NULL, NULL),
(104, 34, 15, 16, '2019-07-19', NULL, NULL),
(105, 35, 15, 10, '2019-07-19', NULL, NULL),
(106, 1, 15, 2, '2019-08-02', NULL, NULL),
(107, 2, 15, 10, '2019-08-02', NULL, NULL),
(108, 3, 15, 4, '2019-08-02', NULL, NULL),
(109, 4, 15, 0, '2019-08-02', NULL, NULL),
(110, 5, 15, 7, '2019-08-02', NULL, NULL),
(111, 6, 15, 39, '2019-08-02', NULL, NULL),
(112, 7, 15, 3, '2019-08-02', NULL, NULL),
(113, 8, 15, 5, '2019-08-02', NULL, NULL),
(114, 9, 15, 0, '2019-08-02', NULL, NULL),
(115, 10, 15, 2, '2019-08-02', NULL, NULL),
(116, 11, 15, 0, '2019-08-02', NULL, NULL),
(117, 12, 15, 2, '2019-08-02', NULL, NULL),
(118, 13, 15, 1, '2019-08-02', NULL, NULL),
(119, 14, 15, 1, '2019-08-02', NULL, NULL),
(120, 15, 15, 7, '2019-08-02', NULL, NULL),
(121, 16, 15, 1, '2019-08-02', NULL, NULL),
(122, 17, 15, 40, '2019-08-02', NULL, NULL),
(123, 18, 15, 3, '2019-08-02', NULL, NULL),
(124, 19, 15, 1, '2019-08-02', NULL, NULL),
(125, 20, 15, 2, '2019-08-02', NULL, NULL),
(126, 21, 15, 8, '2019-08-02', NULL, NULL),
(127, 22, 15, 6, '2019-08-02', NULL, NULL),
(128, 23, 15, 0, '2019-08-02', NULL, NULL),
(129, 24, 15, 0, '2019-08-02', NULL, NULL),
(130, 25, 15, 1, '2019-08-02', NULL, NULL),
(131, 26, 15, 2, '2019-08-02', NULL, NULL),
(132, 27, 15, 5, '2019-08-02', NULL, NULL),
(133, 28, 15, 2, '2019-08-02', NULL, NULL),
(134, 29, 15, 1, '2019-08-02', NULL, NULL),
(135, 30, 15, 1, '2019-08-02', NULL, NULL),
(136, 31, 15, 3, '2019-08-02', NULL, NULL),
(137, 32, 15, 2, '2019-08-02', NULL, NULL),
(138, 33, 15, 7, '2019-08-02', NULL, NULL),
(139, 34, 15, 19, '2019-08-02', NULL, NULL),
(140, 35, 15, 9, '2019-08-02', NULL, NULL),
(141, 1, 15, 9, '2019-08-09', NULL, NULL),
(142, 2, 15, 1, '2019-08-09', NULL, NULL),
(143, 3, 15, 4, '2019-08-09', NULL, NULL),
(144, 4, 15, 1, '2019-08-09', NULL, NULL),
(145, 5, 15, 6, '2019-08-09', NULL, NULL),
(146, 6, 15, 44, '2019-08-09', NULL, NULL),
(147, 7, 15, 2, '2019-08-09', NULL, NULL),
(148, 8, 15, 3, '2019-08-09', NULL, NULL),
(149, 9, 15, 0, '2019-08-09', NULL, NULL),
(150, 10, 15, 4, '2019-08-09', NULL, NULL),
(151, 11, 15, 0, '2019-08-09', NULL, NULL),
(152, 12, 15, 2, '2019-08-09', NULL, NULL),
(153, 13, 15, 4, '2019-08-09', NULL, NULL),
(154, 14, 15, 0, '2019-08-09', NULL, NULL),
(155, 15, 15, 6, '2019-08-09', NULL, NULL),
(156, 16, 15, 4, '2019-08-09', NULL, NULL),
(157, 17, 15, 68, '2019-08-09', NULL, NULL),
(158, 18, 15, 3, '2019-08-09', NULL, NULL),
(159, 19, 15, 0, '2019-08-09', NULL, NULL),
(160, 20, 15, 4, '2019-08-09', NULL, NULL),
(161, 21, 15, 7, '2019-08-09', NULL, NULL),
(162, 22, 15, 11, '2019-08-09', NULL, NULL),
(163, 23, 15, 0, '2019-08-09', NULL, NULL),
(164, 24, 15, 0, '2019-08-09', NULL, NULL),
(165, 25, 15, 0, '2019-08-09', NULL, NULL),
(166, 26, 15, 4, '2019-08-09', NULL, NULL),
(167, 27, 15, 9, '2019-08-09', NULL, NULL),
(168, 28, 15, 0, '2019-08-09', NULL, NULL),
(169, 29, 15, 1, '2019-08-09', NULL, NULL),
(170, 30, 15, 2, '2019-08-09', NULL, NULL),
(171, 31, 15, 2, '2019-08-09', NULL, NULL),
(172, 32, 15, 1, '2019-08-09', NULL, NULL),
(173, 33, 15, 11, '2019-08-09', NULL, NULL),
(174, 34, 15, 11, '2019-08-09', NULL, NULL),
(175, 35, 15, 10, '2019-08-09', NULL, NULL),
(176, 1, 15, 2, '2019-08-16', NULL, NULL),
(177, 2, 15, 5, '2019-08-16', NULL, NULL),
(178, 3, 15, 9, '2019-08-16', NULL, NULL),
(179, 4, 15, 0, '2019-08-16', NULL, NULL),
(180, 5, 15, 7, '2019-08-16', NULL, NULL),
(181, 6, 15, 38, '2019-08-16', NULL, NULL),
(182, 7, 15, 6, '2019-08-16', NULL, NULL),
(183, 8, 15, 5, '2019-08-16', NULL, NULL),
(184, 9, 15, 0, '2019-08-16', NULL, NULL),
(185, 10, 15, 7, '2019-08-16', NULL, NULL),
(186, 11, 15, 0, '2019-08-16', NULL, NULL),
(187, 12, 15, 2, '2019-08-16', NULL, NULL),
(188, 13, 15, 2, '2019-08-16', NULL, NULL),
(189, 14, 15, 3, '2019-08-16', NULL, NULL),
(190, 15, 15, 3, '2019-08-16', NULL, NULL),
(191, 16, 15, 1, '2019-08-16', NULL, NULL),
(192, 17, 15, 51, '2019-08-16', NULL, NULL),
(193, 18, 15, 3, '2019-08-16', NULL, NULL),
(194, 19, 15, 1, '2019-08-16', NULL, NULL),
(195, 20, 15, 3, '2019-08-16', NULL, NULL),
(196, 21, 15, 2, '2019-08-16', NULL, NULL),
(197, 22, 15, 10, '2019-08-16', NULL, NULL),
(198, 23, 15, 0, '2019-08-16', NULL, NULL),
(199, 24, 15, 0, '2019-08-16', NULL, NULL),
(200, 25, 15, 0, '2019-08-16', NULL, NULL),
(201, 26, 15, 3, '2019-08-16', NULL, NULL),
(202, 27, 15, 4, '2019-08-16', NULL, NULL),
(203, 28, 15, 1, '2019-08-16', NULL, NULL),
(204, 29, 15, 0, '2019-08-16', NULL, NULL),
(205, 30, 15, 1, '2019-08-16', NULL, NULL),
(206, 31, 15, 5, '2019-08-16', NULL, NULL),
(207, 32, 15, 3, '2019-08-16', NULL, NULL),
(208, 33, 15, 18, '2019-08-16', NULL, NULL),
(209, 34, 15, 10, '2019-08-16', NULL, NULL),
(210, 35, 15, 12, '2019-08-16', NULL, NULL),
(211, 1, 15, 5, '2019-08-30', NULL, NULL),
(212, 2, 15, 6, '2019-08-30', NULL, NULL),
(213, 3, 15, 7, '2019-08-30', NULL, NULL),
(214, 4, 15, 0, '2019-08-30', NULL, NULL),
(215, 5, 15, 2, '2019-08-30', NULL, NULL),
(216, 6, 15, 26, '2019-08-30', NULL, NULL),
(217, 7, 15, 4, '2019-08-30', NULL, NULL),
(218, 8, 15, 6, '2019-08-30', NULL, NULL),
(219, 9, 15, 2, '2019-08-30', NULL, NULL),
(220, 10, 15, 3, '2019-08-30', NULL, NULL),
(221, 11, 15, 7, '2019-08-30', NULL, NULL),
(222, 12, 15, 2, '2019-08-30', NULL, NULL),
(223, 13, 15, 2, '2019-08-30', NULL, NULL),
(224, 14, 15, 1, '2019-08-30', NULL, NULL),
(225, 15, 15, 2, '2019-08-30', NULL, NULL),
(226, 16, 15, 1, '2019-08-30', NULL, NULL),
(227, 17, 15, 45, '2019-08-30', NULL, NULL),
(228, 18, 15, 3, '2019-08-30', NULL, NULL),
(229, 19, 15, 2, '2019-08-30', NULL, NULL),
(230, 20, 15, 0, '2019-08-30', NULL, NULL),
(231, 21, 15, 9, '2019-08-30', NULL, NULL),
(232, 22, 15, 9, '2019-08-30', NULL, NULL),
(233, 23, 15, 0, '2019-08-30', NULL, NULL),
(234, 24, 15, 0, '2019-08-30', NULL, NULL),
(235, 25, 15, 1, '2019-08-30', NULL, NULL),
(236, 26, 15, 1, '2019-08-30', NULL, NULL),
(237, 27, 15, 7, '2019-08-30', NULL, NULL),
(238, 28, 15, 1, '2019-08-30', NULL, NULL),
(239, 29, 15, 1, '2019-08-30', NULL, NULL),
(240, 30, 15, 1, '2019-08-30', NULL, NULL),
(241, 31, 15, 2, '2019-08-30', NULL, NULL),
(242, 32, 15, 3, '2019-08-30', NULL, NULL),
(243, 33, 15, 10, '2019-08-30', NULL, NULL),
(244, 34, 15, 12, '2019-08-30', NULL, NULL),
(245, 35, 15, 10, '2019-08-30', NULL, NULL),
(257, 1, 15, 5, '2019-09-06', '2019-09-08 22:27:31', '2019-09-08 22:27:31'),
(258, 2, 15, 5, '2019-09-06', '2019-09-08 22:27:43', '2019-09-08 22:27:43'),
(259, 3, 15, 6, '2019-09-06', '2019-09-08 22:28:09', '2019-09-08 22:28:09'),
(260, 4, 15, 3, '2019-09-06', '2019-09-08 22:28:20', '2019-09-08 22:28:20'),
(261, 5, 15, 4, '2019-09-06', '2019-09-08 22:28:32', '2019-09-08 22:28:32'),
(262, 6, 15, 51, '2019-09-06', '2019-09-08 22:28:50', '2019-09-08 22:28:50'),
(263, 7, 15, 1, '2019-09-06', '2019-09-08 22:29:07', '2019-09-08 22:29:07'),
(264, 8, 15, 3, '2019-09-06', '2019-09-08 22:29:39', '2019-09-08 22:29:39'),
(265, 9, 15, 0, '2019-09-06', '2019-09-08 22:30:26', '2019-09-08 22:30:26'),
(266, 10, 15, 6, '2019-09-06', '2019-09-08 22:30:36', '2019-09-08 22:30:36'),
(267, 11, 15, 2, '2019-09-06', '2019-09-08 22:30:55', '2019-09-08 22:30:55'),
(268, 12, 15, 1, '2019-09-06', '2019-09-08 22:31:08', '2019-09-08 22:31:08'),
(269, 13, 15, 3, '2019-09-06', '2019-09-08 22:31:17', '2019-09-08 22:31:17'),
(270, 14, 15, 0, '2019-09-06', '2019-09-08 22:31:26', '2019-09-08 22:31:26'),
(271, 15, 15, 2, '2019-09-06', '2019-09-08 22:31:33', '2019-09-08 22:31:33'),
(272, 16, 15, 0, '2019-09-06', '2019-09-08 22:31:43', '2019-09-08 22:31:43'),
(273, 17, 15, 37, '2019-09-06', '2019-09-08 22:32:06', '2019-09-08 22:32:06'),
(274, 18, 15, 5, '2019-09-06', '2019-09-08 22:32:23', '2019-09-08 22:32:23'),
(275, 19, 15, 5, '2019-09-06', '2019-09-08 22:32:37', '2019-09-08 22:32:37'),
(276, 20, 15, 7, '2019-09-06', '2019-09-08 22:32:49', '2019-09-08 22:32:49'),
(277, 21, 15, 8, '2019-09-06', '2019-09-08 22:32:59', '2019-09-08 22:32:59'),
(278, 22, 15, 0, '2019-09-06', '2019-09-08 22:33:10', '2019-09-08 22:33:10'),
(279, 23, 15, 0, '2019-09-06', '2019-09-08 22:33:18', '2019-09-08 22:33:18'),
(280, 24, 15, 0, '2019-09-06', '2019-09-08 22:33:26', '2019-09-08 22:33:26'),
(281, 25, 15, 0, '2019-09-06', '2019-09-08 22:33:37', '2019-09-08 22:33:37'),
(282, 26, 15, 3, '2019-09-06', '2019-09-08 22:33:44', '2019-09-08 22:33:44'),
(283, 27, 15, 5, '2019-09-06', '2019-09-08 22:33:56', '2019-09-08 22:33:56'),
(284, 28, 15, 3, '2019-09-06', '2019-09-08 22:34:06', '2019-09-08 22:34:06'),
(285, 29, 15, 2, '2019-09-06', '2019-09-08 22:34:13', '2019-09-08 22:34:13'),
(286, 30, 15, 1, '2019-09-06', '2019-09-08 22:34:20', '2019-09-08 22:34:20'),
(287, 31, 15, 3, '2019-09-06', '2019-09-08 22:34:37', '2019-09-08 22:34:37'),
(288, 32, 15, 2, '2019-09-06', '2019-09-08 22:34:48', '2019-09-08 22:34:48'),
(289, 33, 15, 13, '2019-09-06', '2019-09-08 22:35:01', '2019-09-08 22:35:01'),
(290, 34, 15, 6, '2019-09-06', '2019-09-08 22:35:20', '2019-09-08 22:35:20'),
(291, 35, 15, 14, '2019-09-06', '2019-09-08 22:35:40', '2019-09-08 22:35:40'),
(292, 1, 15, 10, '2019-09-13', '2019-09-18 18:49:17', '2019-09-18 18:49:17'),
(293, 2, 15, 8, '2019-09-13', '2019-09-18 18:50:09', '2019-09-18 18:50:09'),
(294, 3, 15, 17, '2019-09-13', '2019-09-18 18:50:26', '2019-09-18 18:50:26'),
(295, 4, 15, 1, '2019-09-13', '2019-09-18 18:50:36', '2019-09-18 18:50:36'),
(296, 5, 15, 2, '2019-09-13', '2019-09-18 18:50:48', '2019-09-18 18:50:48'),
(297, 6, 15, 54, '2019-09-13', '2019-09-18 18:51:32', '2019-09-18 18:51:32'),
(298, 7, 15, 2, '2019-09-13', '2019-09-18 18:51:53', '2019-09-18 18:51:53'),
(299, 8, 15, 7, '2019-09-13', '2019-09-18 18:52:04', '2019-09-18 18:52:04'),
(300, 9, 15, 0, '2019-09-13', '2019-09-18 18:52:48', '2019-09-18 18:52:48'),
(301, 10, 15, 8, '2019-09-13', '2019-09-18 18:53:06', '2019-09-18 18:53:06'),
(302, 11, 15, 0, '2019-09-13', '2019-09-18 18:53:27', '2019-09-18 18:53:27'),
(303, 12, 15, 1, '2019-09-13', '2019-09-18 18:53:54', '2019-09-18 18:53:54'),
(304, 13, 15, 4, '2019-09-13', '2019-09-18 18:54:06', '2019-09-18 18:54:06'),
(305, 14, 15, 0, '2019-09-13', '2019-09-18 18:54:28', '2019-09-18 18:54:28'),
(306, 15, 15, 0, '2019-09-13', '2019-09-18 18:54:43', '2019-09-18 18:54:43'),
(307, 16, 15, 1, '2019-09-13', '2019-09-18 18:54:50', '2019-09-18 18:54:50'),
(308, 17, 15, 36, '2019-09-13', '2019-09-18 18:55:29', '2019-09-18 18:55:29'),
(309, 18, 15, 6, '2019-09-13', '2019-09-18 18:56:06', '2019-09-18 18:56:06'),
(310, 19, 15, 1, '2019-09-13', '2019-09-18 18:56:16', '2019-09-18 18:56:16'),
(311, 20, 15, 5, '2019-09-13', '2019-09-18 18:56:33', '2019-09-18 18:56:33'),
(312, 21, 15, 8, '2019-09-13', '2019-09-18 18:56:44', '2019-09-18 18:56:44'),
(313, 22, 15, 7, '2019-09-13', '2019-09-18 18:56:50', '2019-09-18 18:56:50'),
(314, 23, 15, 0, '2019-09-13', '2019-09-18 18:57:07', '2019-09-18 18:57:07'),
(315, 24, 15, 1, '2019-09-13', '2019-09-18 18:57:16', '2019-09-18 18:57:16'),
(316, 25, 15, 0, '2019-09-13', '2019-09-18 18:57:24', '2019-09-18 18:57:24'),
(317, 26, 15, 3, '2019-09-13', '2019-09-18 18:57:32', '2019-09-18 18:57:32'),
(318, 27, 15, 7, '2019-09-13', '2019-09-18 18:57:49', '2019-09-18 18:57:49'),
(319, 28, 15, 1, '2019-09-13', '2019-09-18 18:58:05', '2019-09-18 18:58:05'),
(320, 29, 15, 1, '2019-09-13', '2019-09-18 18:58:21', '2019-09-18 18:58:21'),
(321, 30, 15, 1, '2019-09-13', '2019-09-18 18:58:31', '2019-09-18 18:58:31'),
(322, 31, 15, 4, '2019-09-13', '2019-09-18 18:58:42', '2019-09-18 18:58:42'),
(323, 32, 15, 2, '2019-09-13', '2019-09-18 18:58:57', '2019-09-18 18:58:57'),
(324, 33, 15, 16, '2019-09-13', '2019-09-18 18:59:26', '2019-09-18 18:59:26'),
(325, 34, 15, 7, '2019-09-13', '2019-09-18 18:59:55', '2019-09-18 18:59:55'),
(326, 35, 15, 8, '2019-09-13', '2019-09-18 19:00:43', '2019-09-18 19:00:43'),
(327, 1, 15, 8, '2019-09-20', '2019-09-21 03:12:07', '2019-09-21 03:12:07'),
(328, 2, 15, 2, '2019-09-20', '2019-09-21 03:13:53', '2019-09-21 03:13:53'),
(329, 3, 15, 6, '2019-09-20', '2019-09-21 03:14:02', '2019-09-21 03:14:02'),
(330, 4, 15, 1, '2019-09-20', '2019-09-21 03:14:11', '2019-09-21 03:14:11'),
(331, 5, 15, 5, '2019-09-20', '2019-09-21 03:14:21', '2019-09-21 03:14:21'),
(332, 6, 15, 46, '2019-09-20', '2019-09-21 03:14:43', '2019-09-21 03:14:43'),
(333, 7, 15, 9, '2019-09-20', '2019-09-21 03:14:57', '2019-09-21 03:14:57'),
(334, 8, 15, 7, '2019-09-20', '2019-09-21 03:15:09', '2019-09-21 03:15:09'),
(335, 9, 15, 0, '2019-09-20', '2019-09-21 03:15:24', '2019-09-21 03:15:24'),
(336, 10, 15, 17, '2019-09-20', '2019-09-21 03:15:37', '2019-09-21 03:15:37'),
(337, 11, 15, 1, '2019-09-20', '2019-09-21 03:15:47', '2019-09-21 03:15:47'),
(338, 12, 15, 2, '2019-09-20', '2019-09-21 03:16:02', '2019-09-21 03:16:02'),
(339, 13, 15, 2, '2019-09-20', '2019-09-21 03:16:13', '2019-09-21 03:16:13'),
(340, 14, 15, 0, '2019-09-20', '2019-09-21 03:16:24', '2019-09-21 03:16:24'),
(341, 15, 15, 2, '2019-09-20', '2019-09-21 03:16:35', '2019-09-21 03:16:35'),
(342, 16, 15, 4, '2019-09-20', '2019-09-21 03:16:47', '2019-09-21 03:16:47'),
(343, 17, 15, 27, '2019-09-20', '2019-09-21 03:17:19', '2019-09-21 03:17:19'),
(344, 18, 15, 6, '2019-09-20', '2019-09-21 03:17:28', '2019-09-21 03:17:28'),
(345, 19, 15, 4, '2019-09-20', '2019-09-21 03:17:37', '2019-09-21 03:17:37'),
(346, 20, 15, 1, '2019-09-20', '2019-09-21 03:17:46', '2019-09-21 03:17:46'),
(347, 21, 15, 10, '2019-09-20', '2019-09-21 03:17:58', '2019-09-21 03:17:58'),
(348, 22, 15, 5, '2019-09-20', '2019-09-21 03:18:05', '2019-09-21 03:18:05'),
(349, 23, 15, 2, '2019-09-20', '2019-09-21 03:18:18', '2019-09-21 03:18:18'),
(350, 24, 15, 1, '2019-09-20', '2019-09-21 03:18:28', '2019-09-21 03:18:28'),
(351, 25, 15, 0, '2019-09-20', '2019-09-21 03:18:34', '2019-09-21 03:18:34'),
(352, 26, 15, 4, '2019-09-20', '2019-09-21 03:18:42', '2019-09-21 03:18:42'),
(353, 27, 15, 7, '2019-09-20', '2019-09-21 03:18:54', '2019-09-21 03:18:54'),
(354, 28, 15, 1, '2019-09-20', '2019-09-21 03:19:04', '2019-09-21 03:19:04'),
(355, 29, 15, 2, '2019-09-20', '2019-09-21 03:19:12', '2019-09-21 03:19:12'),
(356, 30, 15, 1, '2019-09-20', '2019-09-21 03:19:22', '2019-09-21 03:19:22'),
(357, 31, 15, 3, '2019-09-20', '2019-09-21 03:19:31', '2019-09-21 03:19:31'),
(358, 32, 15, 3, '2019-09-20', '2019-09-21 03:19:46', '2019-09-21 03:19:46'),
(359, 33, 15, 17, '2019-09-20', '2019-09-21 03:20:03', '2019-09-21 03:20:03'),
(360, 34, 15, 11, '2019-09-20', '2019-09-21 03:20:21', '2019-09-21 03:20:21'),
(361, 35, 15, 6, '2019-09-20', '2019-09-21 03:20:29', '2019-09-21 03:20:29'),
(362, 1, 15, 11, '2019-10-04', '2019-10-05 02:53:16', '2019-10-05 02:53:16'),
(363, 2, 15, 5, '2019-10-04', '2019-10-05 02:53:30', '2019-10-05 02:53:30'),
(364, 3, 15, 9, '2019-10-04', '2019-10-05 02:53:46', '2019-10-05 02:53:46'),
(365, 4, 15, 0, '2019-10-04', '2019-10-05 02:54:06', '2019-10-05 02:54:06'),
(366, 5, 15, 4, '2019-10-04', '2019-10-05 02:54:13', '2019-10-05 02:54:13'),
(367, 6, 15, 41, '2019-10-04', '2019-10-05 02:54:29', '2019-10-05 02:54:29'),
(368, 7, 15, 1, '2019-10-04', '2019-10-05 02:54:39', '2019-10-05 02:54:39'),
(369, 8, 15, 5, '2019-10-04', '2019-10-05 02:54:47', '2019-10-05 02:54:47'),
(370, 9, 15, 0, '2019-10-04', '2019-10-05 02:55:04', '2019-10-05 02:55:04'),
(371, 10, 15, 4, '2019-10-04', '2019-10-05 02:55:13', '2019-10-05 02:55:13'),
(372, 11, 15, 0, '2019-10-04', '2019-10-05 02:55:29', '2019-10-05 02:55:29'),
(373, 12, 15, 1, '2019-10-04', '2019-10-05 02:55:42', '2019-10-05 02:55:42'),
(374, 13, 15, 1, '2019-10-04', '2019-10-05 02:55:48', '2019-10-05 02:55:48'),
(375, 14, 15, 1, '2019-10-04', '2019-10-05 02:55:55', '2019-10-05 02:55:55'),
(376, 15, 15, 2, '2019-10-04', '2019-10-05 02:56:02', '2019-10-05 02:56:02'),
(377, 16, 15, 2, '2019-10-04', '2019-10-05 02:56:08', '2019-10-05 02:56:08'),
(378, 17, 15, 23, '2019-10-04', '2019-10-05 02:56:51', '2019-10-05 02:56:51'),
(379, 18, 15, 6, '2019-10-04', '2019-10-05 02:57:07', '2019-10-05 02:57:07'),
(380, 19, 15, 4, '2019-10-04', '2019-10-05 02:57:15', '2019-10-05 02:57:15'),
(381, 20, 15, 4, '2019-10-04', '2019-10-05 02:57:24', '2019-10-05 02:57:24'),
(382, 21, 15, 8, '2019-10-04', '2019-10-05 02:57:31', '2019-10-05 02:57:31'),
(383, 22, 15, 4, '2019-10-04', '2019-10-05 02:57:37', '2019-10-05 02:57:37'),
(384, 23, 15, 0, '2019-10-04', '2019-10-05 02:57:49', '2019-10-05 02:57:49'),
(385, 24, 15, 0, '2019-10-04', '2019-10-05 02:57:55', '2019-10-05 02:57:55'),
(386, 25, 15, 0, '2019-10-04', '2019-10-05 02:58:06', '2019-10-05 02:58:06'),
(387, 26, 15, 3, '2019-10-04', '2019-10-05 02:58:14', '2019-10-05 02:58:14'),
(388, 27, 15, 4, '2019-10-04', '2019-10-05 02:58:27', '2019-10-05 02:58:27'),
(389, 28, 15, 1, '2019-10-04', '2019-10-05 02:58:36', '2019-10-05 02:58:36'),
(390, 29, 15, 0, '2019-10-04', '2019-10-05 02:58:44', '2019-10-05 02:58:44'),
(391, 30, 15, 0, '2019-10-04', '2019-10-05 02:58:56', '2019-10-05 02:58:56'),
(392, 31, 15, 5, '2019-10-04', '2019-10-05 02:59:02', '2019-10-05 02:59:02'),
(393, 32, 15, 1, '2019-10-04', '2019-10-05 02:59:11', '2019-10-05 02:59:11'),
(394, 33, 15, 12, '2019-10-04', '2019-10-05 02:59:23', '2019-10-05 02:59:23'),
(395, 34, 15, 6, '2019-10-04', '2019-10-05 02:59:37', '2019-10-05 02:59:37'),
(396, 35, 15, 5, '2019-10-04', '2019-10-05 02:59:45', '2019-10-05 02:59:45'),
(397, 1, 15, 5, '2019-10-10', '2019-10-16 18:46:37', '2019-10-16 18:46:37'),
(398, 2, 15, 3, '2019-10-10', '2019-10-16 18:46:46', '2019-10-16 18:46:46'),
(399, 3, 15, 17, '2019-10-10', '2019-10-16 18:47:02', '2019-10-16 18:47:02'),
(400, 4, 15, 2, '2019-10-10', '2019-10-16 18:47:11', '2019-10-16 18:47:11'),
(401, 5, 15, 4, '2019-10-10', '2019-10-16 18:47:18', '2019-10-16 18:47:18'),
(402, 6, 15, 25, '2019-10-10', '2019-10-16 18:47:33', '2019-10-16 18:47:33'),
(403, 7, 15, 9, '2019-10-10', '2019-10-16 18:47:46', '2019-10-16 18:47:46'),
(404, 8, 15, 9, '2019-10-10', '2019-10-16 18:47:57', '2019-10-16 18:47:57'),
(405, 9, 15, 5, '2019-10-10', '2019-10-16 18:48:09', '2019-10-16 18:48:09'),
(406, 10, 15, 6, '2019-10-10', '2019-10-16 18:48:19', '2019-10-16 18:48:19'),
(407, 11, 15, 0, '2019-10-10', '2019-10-16 18:48:31', '2019-10-16 18:48:31'),
(408, 12, 15, 2, '2019-10-10', '2019-10-16 18:48:41', '2019-10-16 18:48:41'),
(409, 13, 15, 0, '2019-10-10', '2019-10-16 18:48:56', '2019-10-16 18:48:56'),
(410, 14, 15, 3, '2019-10-10', '2019-10-16 18:49:08', '2019-10-16 18:49:08'),
(411, 15, 15, 2, '2019-10-10', '2019-10-16 18:49:15', '2019-10-16 18:49:15'),
(412, 16, 15, 5, '2019-10-10', '2019-10-16 18:49:29', '2019-10-16 18:49:29'),
(413, 17, 15, 68, '2019-10-10', '2019-10-16 18:50:12', '2019-10-16 18:50:12'),
(414, 18, 15, 5, '2019-10-10', '2019-10-16 18:50:37', '2019-10-16 18:50:37'),
(415, 19, 15, 2, '2019-10-10', '2019-10-16 18:50:47', '2019-10-16 18:50:47'),
(416, 20, 15, 6, '2019-10-10', '2019-10-16 18:51:05', '2019-10-16 18:51:05'),
(417, 21, 15, 8, '2019-10-10', '2019-10-16 18:51:16', '2019-10-16 18:51:16'),
(418, 22, 15, 10, '2019-10-10', '2019-10-16 18:51:43', '2019-10-16 18:51:43'),
(419, 23, 15, 1, '2019-10-10', '2019-10-16 18:52:07', '2019-10-16 18:52:07'),
(420, 24, 15, 1, '2019-10-10', '2019-10-16 18:52:12', '2019-10-16 18:52:12'),
(421, 25, 15, 0, '2019-10-10', '2019-10-16 18:52:20', '2019-10-16 18:52:20'),
(422, 26, 15, 2, '2019-10-10', '2019-10-16 18:52:28', '2019-10-16 18:52:28'),
(423, 27, 15, 7, '2019-10-10', '2019-10-16 18:52:44', '2019-10-16 18:52:44'),
(424, 28, 15, 2, '2019-10-10', '2019-10-16 18:52:54', '2019-10-16 18:52:54'),
(425, 29, 15, 0, '2019-10-10', '2019-10-16 18:53:01', '2019-10-16 18:53:01'),
(426, 30, 15, 3, '2019-10-10', '2019-10-16 18:53:15', '2019-10-16 18:53:15'),
(427, 31, 15, 5, '2019-10-10', '2019-10-16 18:53:23', '2019-10-16 18:53:23'),
(428, 32, 15, 4, '2019-10-10', '2019-10-16 18:53:36', '2019-10-16 18:53:36'),
(429, 33, 15, 10, '2019-10-10', '2019-10-16 18:53:47', '2019-10-16 18:53:47'),
(430, 34, 15, 9, '2019-10-10', '2019-10-16 18:54:01', '2019-10-16 18:54:01'),
(431, 35, 15, 2, '2019-10-10', '2019-10-16 18:54:10', '2019-10-16 18:54:10'),
(432, 1, 15, 8, '2019-10-17', '2019-10-21 01:42:40', '2019-10-21 01:42:40'),
(433, 2, 15, 4, '2019-10-17', '2019-10-21 01:42:52', '2019-10-21 01:42:52'),
(434, 3, 15, 8, '2019-10-17', '2019-10-21 01:43:07', '2019-10-21 01:43:07'),
(435, 4, 15, 2, '2019-10-17', '2019-10-21 01:43:20', '2019-10-21 01:43:20'),
(436, 5, 15, 3, '2019-10-17', '2019-10-21 01:43:49', '2019-10-21 01:43:49'),
(437, 6, 15, 47, '2019-10-17', '2019-10-21 01:44:43', '2019-10-21 01:44:43'),
(438, 7, 15, 11, '2019-10-17', '2019-10-21 01:44:54', '2019-10-21 01:44:54'),
(439, 8, 15, 4, '2019-10-17', '2019-10-21 01:45:04', '2019-10-21 01:45:04'),
(440, 9, 15, 6, '2019-10-17', '2019-10-21 01:45:22', '2019-10-21 01:45:22'),
(441, 10, 15, 4, '2019-10-17', '2019-10-21 01:45:38', '2019-10-21 01:45:38'),
(442, 11, 15, 0, '2019-10-17', '2019-10-21 01:45:49', '2019-10-21 01:45:49'),
(443, 12, 15, 0, '2019-10-17', '2019-10-21 01:45:58', '2019-10-21 01:45:58'),
(444, 13, 15, 2, '2019-10-17', '2019-10-21 01:46:15', '2019-10-21 01:46:15'),
(445, 14, 15, 4, '2019-10-17', '2019-10-21 01:46:25', '2019-10-21 01:46:25'),
(446, 15, 15, 2, '2019-10-17', '2019-10-21 01:46:33', '2019-10-21 01:46:33'),
(447, 16, 15, 1, '2019-10-17', '2019-10-21 01:46:42', '2019-10-21 01:46:42'),
(448, 17, 15, 31, '2019-10-17', '2019-10-21 01:47:05', '2019-10-21 01:47:05'),
(449, 18, 15, 4, '2019-10-17', '2019-10-21 01:47:14', '2019-10-21 01:47:14'),
(450, 19, 15, 12, '2019-10-17', '2019-10-21 01:47:28', '2019-10-21 01:47:28'),
(451, 20, 15, 6, '2019-10-17', '2019-10-21 01:47:38', '2019-10-21 01:47:38'),
(452, 21, 15, 3, '2019-10-17', '2019-10-21 01:47:48', '2019-10-21 01:47:48'),
(453, 22, 15, 5, '2019-10-17', '2019-10-21 01:47:54', '2019-10-21 01:47:54'),
(454, 23, 15, 3, '2019-10-17', '2019-10-21 01:48:04', '2019-10-21 01:48:04'),
(455, 24, 15, 1, '2019-10-17', '2019-10-21 01:48:12', '2019-10-21 01:48:12'),
(456, 25, 15, 1, '2019-10-17', '2019-10-21 01:48:22', '2019-10-21 01:48:22'),
(457, 26, 15, 4, '2019-10-17', '2019-10-21 01:48:28', '2019-10-21 01:48:28'),
(458, 27, 15, 10, '2019-10-17', '2019-10-21 01:48:40', '2019-10-21 01:48:40'),
(459, 28, 15, 3, '2019-10-17', '2019-10-21 01:48:48', '2019-10-21 01:48:48'),
(460, 29, 15, 2, '2019-10-17', '2019-10-21 01:48:57', '2019-10-21 01:48:57'),
(461, 30, 15, 1, '2019-10-17', '2019-10-21 01:49:03', '2019-10-21 01:49:03'),
(462, 31, 15, 7, '2019-10-17', '2019-10-21 01:49:12', '2019-10-21 01:49:12'),
(463, 32, 15, 2, '2019-10-17', '2019-10-21 01:49:26', '2019-10-21 01:49:26'),
(464, 33, 15, 16, '2019-10-17', '2019-10-21 01:49:37', '2019-10-21 01:49:37'),
(465, 34, 15, 15, '2019-10-17', '2019-10-21 01:49:52', '2019-10-21 01:49:52'),
(466, 35, 15, 2, '2019-10-17', '2019-10-21 01:49:58', '2019-10-21 01:49:58'),
(467, 1, 15, 17, '2019-10-25', '2019-10-27 18:54:16', '2019-10-27 18:54:16'),
(468, 2, 15, 3, '2019-10-25', '2019-10-27 18:54:22', '2019-10-27 18:54:22'),
(469, 3, 15, 7, '2019-10-25', '2019-10-27 18:54:30', '2019-10-27 18:54:30'),
(470, 4, 15, 1, '2019-10-25', '2019-10-27 18:54:42', '2019-10-27 18:54:42'),
(471, 5, 15, 9, '2019-10-25', '2019-10-27 18:54:50', '2019-10-27 18:54:50'),
(472, 6, 15, 53, '2019-10-25', '2019-10-27 18:55:09', '2019-10-27 18:55:09'),
(473, 7, 15, 10, '2019-10-25', '2019-10-27 18:55:27', '2019-10-27 18:55:27'),
(474, 8, 15, 5, '2019-10-25', '2019-10-27 18:55:38', '2019-10-27 18:55:38'),
(475, 9, 15, 0, '2019-10-25', '2019-10-27 18:56:00', '2019-10-27 18:56:00'),
(476, 10, 15, 8, '2019-10-25', '2019-10-27 18:56:08', '2019-10-27 18:56:08'),
(477, 11, 15, 0, '2019-10-25', '2019-10-27 18:56:22', '2019-10-27 18:56:22'),
(478, 12, 15, 0, '2019-10-25', '2019-10-27 18:56:30', '2019-10-27 18:56:30'),
(479, 13, 15, 3, '2019-10-25', '2019-10-27 18:56:39', '2019-10-27 18:56:39'),
(480, 14, 15, 4, '2019-10-25', '2019-10-27 18:56:48', '2019-10-27 18:56:48'),
(481, 15, 15, 2, '2019-10-25', '2019-10-27 18:56:59', '2019-10-27 18:56:59'),
(482, 16, 15, 1, '2019-10-25', '2019-10-27 18:57:08', '2019-10-27 18:57:08'),
(483, 17, 15, 63, '2019-10-25', '2019-10-27 18:58:01', '2019-10-27 18:58:01'),
(484, 18, 15, 2, '2019-10-25', '2019-10-27 18:58:14', '2019-10-27 18:58:14'),
(485, 19, 15, 5, '2019-10-25', '2019-10-27 18:58:23', '2019-10-27 18:58:23'),
(486, 20, 15, 5, '2019-10-25', '2019-10-27 18:58:33', '2019-10-27 18:58:33'),
(487, 21, 15, 7, '2019-10-25', '2019-10-27 18:58:43', '2019-10-27 18:58:43'),
(488, 22, 15, 8, '2019-10-25', '2019-10-27 18:59:02', '2019-10-27 18:59:02'),
(489, 23, 15, 1, '2019-10-25', '2019-10-27 18:59:09', '2019-10-27 18:59:09'),
(490, 24, 15, 1, '2019-10-25', '2019-10-27 18:59:31', '2019-10-27 18:59:31'),
(491, 25, 15, 0, '2019-10-25', '2019-10-27 18:59:37', '2019-10-27 18:59:37'),
(492, 26, 15, 5, '2019-10-25', '2019-10-27 18:59:48', '2019-10-27 18:59:48'),
(493, 27, 15, 9, '2019-10-25', '2019-10-27 19:00:01', '2019-10-27 19:00:01'),
(494, 28, 15, 0, '2019-10-25', '2019-10-27 19:00:09', '2019-10-27 19:00:09'),
(495, 29, 15, 0, '2019-10-25', '2019-10-27 19:02:46', '2019-10-27 19:02:46'),
(496, 30, 15, 1, '2019-10-25', '2019-10-27 19:02:59', '2019-10-27 19:02:59'),
(497, 31, 15, 0, '2019-10-25', '2019-10-27 19:03:08', '2019-10-27 19:03:08'),
(498, 32, 15, 4, '2019-10-25', '2019-10-27 19:03:25', '2019-10-27 19:03:25'),
(499, 33, 15, 15, '2019-10-25', '2019-10-27 19:03:48', '2019-10-27 19:03:48'),
(500, 34, 15, 11, '2019-10-25', '2019-10-27 19:04:09', '2019-10-27 19:04:09'),
(501, 35, 15, 9, '2019-10-25', '2019-10-27 19:04:28', '2019-10-27 19:04:28'),
(502, 1, 15, 7, '2019-11-01', '2019-11-05 02:59:57', '2019-11-05 02:59:57'),
(503, 2, 15, 3, '2019-11-01', '2019-11-05 03:00:08', '2019-11-05 03:00:08'),
(504, 3, 15, 5, '2019-11-01', '2019-11-05 03:00:16', '2019-11-05 03:00:16'),
(505, 4, 15, 1, '2019-11-01', '2019-11-05 03:00:27', '2019-11-05 03:00:27'),
(506, 5, 15, 3, '2019-11-01', '2019-11-05 03:00:36', '2019-11-05 03:00:36'),
(507, 6, 15, 41, '2019-11-01', '2019-11-05 03:00:57', '2019-11-05 03:00:57'),
(508, 7, 15, 5, '2019-11-01', '2019-11-05 03:01:12', '2019-11-05 03:01:12'),
(509, 8, 15, 6, '2019-11-01', '2019-11-05 03:01:38', '2019-11-05 03:01:38'),
(510, 9, 15, 5, '2019-11-01', '2019-11-05 03:01:49', '2019-11-05 03:01:49'),
(511, 10, 15, 6, '2019-11-01', '2019-11-05 03:02:16', '2019-11-05 03:02:16'),
(512, 11, 15, 0, '2019-11-01', '2019-11-05 03:02:29', '2019-11-05 03:02:29'),
(513, 12, 15, 0, '2019-11-01', '2019-11-05 03:02:39', '2019-11-05 03:02:39'),
(514, 13, 15, 1, '2019-11-01', '2019-11-05 03:02:50', '2019-11-05 03:02:50'),
(515, 14, 15, 0, '2019-11-01', '2019-11-05 03:02:58', '2019-11-05 03:02:58'),
(516, 15, 15, 6, '2019-11-01', '2019-11-05 03:03:07', '2019-11-05 03:03:07'),
(517, 16, 15, 1, '2019-11-01', '2019-11-05 03:03:43', '2019-11-05 03:03:43'),
(518, 17, 15, 22, '2019-11-01', '2019-11-05 03:04:21', '2019-11-05 03:04:21'),
(519, 18, 15, 4, '2019-11-01', '2019-11-05 03:04:32', '2019-11-05 03:04:32'),
(520, 19, 15, 4, '2019-11-01', '2019-11-05 03:04:44', '2019-11-05 03:04:44'),
(521, 20, 15, 5, '2019-11-01', '2019-11-05 03:04:51', '2019-11-05 03:04:51'),
(522, 21, 15, 8, '2019-11-01', '2019-11-05 03:05:06', '2019-11-05 03:05:06'),
(523, 22, 15, 6, '2019-11-01', '2019-11-05 03:05:16', '2019-11-05 03:05:16'),
(524, 23, 15, 1, '2019-11-01', '2019-11-05 03:05:23', '2019-11-05 03:05:23'),
(525, 24, 15, 0, '2019-11-01', '2019-11-05 03:05:33', '2019-11-05 03:05:33'),
(526, 25, 15, 0, '2019-11-01', '2019-11-05 03:05:42', '2019-11-05 03:05:42'),
(527, 26, 15, 4, '2019-11-01', '2019-11-05 03:05:50', '2019-11-05 03:05:50'),
(528, 27, 15, 2, '2019-11-01', '2019-11-05 03:05:56', '2019-11-05 03:05:56'),
(529, 28, 15, 1, '2019-11-01', '2019-11-05 03:06:05', '2019-11-05 03:06:05'),
(530, 29, 15, 0, '2019-11-01', '2019-11-05 03:06:12', '2019-11-05 03:06:12'),
(531, 30, 15, 2, '2019-11-01', '2019-11-05 03:06:21', '2019-11-05 03:06:21'),
(532, 31, 15, 0, '2019-11-01', '2019-11-05 03:06:34', '2019-11-05 03:06:34'),
(533, 32, 15, 1, '2019-11-01', '2019-11-05 03:06:43', '2019-11-05 03:06:43'),
(534, 33, 15, 9, '2019-11-01', '2019-11-05 03:06:57', '2019-11-05 03:06:57'),
(535, 34, 15, 14, '2019-11-01', '2019-11-05 03:07:21', '2019-11-05 03:07:21'),
(536, 35, 15, 2, '2019-11-01', '2019-11-05 03:07:47', '2019-11-05 03:07:47');

-- --------------------------------------------------------

--
-- Cấu trúc bảng cho bảng `migrations`
--

CREATE TABLE `migrations` (
  `id` int(10) UNSIGNED NOT NULL,
  `migration` varchar(255) COLLATE utf8mb4_unicode_ci NOT NULL,
  `batch` int(11) NOT NULL
) ENGINE=InnoDB DEFAULT CHARSET=utf8mb4 COLLATE=utf8mb4_unicode_ci;

--
-- Đang đổ dữ liệu cho bảng `migrations`
--

INSERT INTO `migrations` (`id`, `migration`, `batch`) VALUES
(7, '2014_10_12_000000_create_users_table', 1),
(8, '2014_10_12_100000_create_password_resets_table', 1),
(9, '2019_09_16_085142_create_permissions_table', 1),
(10, '2019_09_16_085241_create_roles_table', 1),
(11, '2019_09_16_085700_create_users_permissions_table', 1),
(12, '2019_09_16_085707_create_users_roles_table', 1);

-- --------------------------------------------------------

--
-- Cấu trúc bảng cho bảng `modules`
--

CREATE TABLE `modules` (
  `id` int(11) NOT NULL,
  `name` text NOT NULL,
  `updated_at` timestamp NOT NULL DEFAULT CURRENT_TIMESTAMP,
  `created_at` timestamp NOT NULL DEFAULT CURRENT_TIMESTAMP
) ENGINE=InnoDB DEFAULT CHARSET=utf8mb4;

--
-- Đang đổ dữ liệu cho bảng `modules`
--

INSERT INTO `modules` (`id`, `name`, `updated_at`, `created_at`) VALUES
(1, 'Tổng thể', '2019-10-17 04:51:04', '2019-10-17 04:51:04'),
(2, 'Sensor Thu', '2019-10-24 20:38:18', '2019-10-24 20:38:18'),
(3, 'RRU', '2019-10-28 20:55:32', '2019-10-28 20:55:32'),
(4, 'BBU', '2019-10-28 21:00:33', '2019-10-28 21:00:33'),
(5, 'Firmware', '2019-10-28 21:11:50', '2019-10-28 21:11:50'),
(6, 'L1', '2019-10-28 21:15:33', '2019-10-28 21:15:33'),
(7, 'L2&L3', '2019-10-28 21:22:42', '2019-10-28 21:22:42'),
(8, 'FPGA', '2019-10-28 21:23:29', '2019-10-28 21:23:29'),
(9, 'OSS', '2019-10-28 21:27:25', '2019-10-28 21:27:25');

-- --------------------------------------------------------

--
-- Cấu trúc bảng cho bảng `password_resets`
--

CREATE TABLE `password_resets` (
  `email` varchar(255) COLLATE utf8mb4_unicode_ci NOT NULL,
  `token` varchar(255) COLLATE utf8mb4_unicode_ci NOT NULL,
  `created_at` timestamp NULL DEFAULT NULL
) ENGINE=InnoDB DEFAULT CHARSET=utf8mb4 COLLATE=utf8mb4_unicode_ci;

-- --------------------------------------------------------

--
-- Cấu trúc bảng cho bảng `permissions`
--

CREATE TABLE `permissions` (
  `id` int(10) UNSIGNED NOT NULL,
  `slug` varchar(255) COLLATE utf8mb4_unicode_ci NOT NULL,
  `name` varchar(255) COLLATE utf8mb4_unicode_ci NOT NULL,
  `created_at` timestamp NULL DEFAULT NULL,
  `updated_at` timestamp NULL DEFAULT NULL
) ENGINE=InnoDB DEFAULT CHARSET=utf8mb4 COLLATE=utf8mb4_unicode_ci;

-- --------------------------------------------------------

--
-- Cấu trúc bảng cho bảng `quy_trinh`
--

CREATE TABLE `quy_trinh` (
  `id` int(11) NOT NULL,
  `ten` text COLLATE utf8_vietnamese_ci NOT NULL,
  `ma_quy_trinh` text COLLATE utf8_vietnamese_ci NOT NULL
) ENGINE=InnoDB DEFAULT CHARSET=utf8 COLLATE=utf8_vietnamese_ci;

--
-- Đang đổ dữ liệu cho bảng `quy_trinh`
--

INSERT INTO `quy_trinh` (`id`, `ten`, `ma_quy_trinh`) VALUES
(1, 'Nghiên cứu sản phẩm', 'SP'),
(2, 'Thiết kế Cơ khí', 'CK'),
(3, 'Thiết kế Phần cứng', 'PC'),
(4, 'Thiết kế Phần cứng (Rút gọn)', 'PCRG'),
(5, 'Thiết kế Phần mềm', 'PM'),
(6, 'Sản xuất Thử nghiệm', 'SXTN'),
(7, 'Sản xuất Loạt', 'SXL'),
(8, 'Trung bình', 'TB'),
(9, 'Nghiên cứu phát triển Chip', 'CHIP'),
(10, 'Tiếp nhận, xử lý khiếu nại, bảo hành, sửa chữa sản phẩm sau bán hàng', 'SBH');

-- --------------------------------------------------------

--
-- Cấu trúc bảng cho bảng `roles`
--

CREATE TABLE `roles` (
  `id` int(10) UNSIGNED NOT NULL,
  `slug` varchar(255) COLLATE utf8mb4_unicode_ci NOT NULL,
  `name` varchar(255) COLLATE utf8mb4_unicode_ci NOT NULL,
  `created_at` timestamp NULL DEFAULT NULL,
  `updated_at` timestamp NULL DEFAULT NULL
) ENGINE=InnoDB DEFAULT CHARSET=utf8mb4 COLLATE=utf8mb4_unicode_ci;

--
-- Đang đổ dữ liệu cho bảng `roles`
--

INSERT INTO `roles` (`id`, `slug`, `name`, `created_at`, `updated_at`) VALUES
(1, 'admin', 'Administrator', '2019-09-16 19:56:18', '2019-09-16 19:56:18'),
(2, 'QA', 'Quality Assurance', '2019-09-16 19:56:18', '2019-09-16 19:56:18'),
(3, 'QA-admin', 'Quality Assurance Administrator', '2019-09-18 02:54:32', '2019-09-18 02:54:32');

-- --------------------------------------------------------

--
-- Cấu trúc bảng cho bảng `tai_lieu_quy_trinh`
--

CREATE TABLE `tai_lieu_quy_trinh` (
  `id` int(11) NOT NULL,
  `ten` text NOT NULL,
  `link` text NOT NULL,
  `danh_gia` text NOT NULL,
  `ghi_chu` text,
  `kpi_quytrinh_id` int(11) NOT NULL,
  `updated_at` timestamp NULL DEFAULT NULL,
  `created_at` timestamp NULL DEFAULT NULL
) ENGINE=InnoDB DEFAULT CHARSET=utf8mb4;

--
-- Đang đổ dữ liệu cho bảng `tai_lieu_quy_trinh`
--

INSERT INTO `tai_lieu_quy_trinh` (`id`, `ten`, `link`, `danh_gia`, `ghi_chu`, `kpi_quytrinh_id`, `updated_at`, `created_at`) VALUES
(1, 'Cây công việc chi tiết trên hệ thống VECO', 'V_Elint 18', '1', '', 1, '2019-10-24 20:38:18', '2019-10-24 20:38:18'),
(2, '- ME - Tai lieu yeu cau thiet ke', 'V_Elint 18', '0', '', 1, '2019-10-24 20:38:18', '2019-10-24 20:38:18'),
(3, '- ME - Thiet ke tong the', 'V_Elint 18', '0', '', 1, '2019-10-24 20:38:18', '2019-10-24 20:38:18'),
(4, '- ME - BOM', 'V_Elint 18', '0', '', 1, '2019-10-24 20:38:18', '2019-10-24 20:38:18'),
(5, '- ME.ID - Checklist', 'V_Elint 18', '-1', '', 1, '2019-10-24 20:38:18', '2019-10-24 20:38:18'),
(6, '- ME.ID - Ban ve ID', 'V_Elint 18', '-1', '', 1, '2019-10-24 20:38:18', '2019-10-24 20:38:18'),
(7, '- ME.ID - BB Lua Chon Concept', 'V_Elint 18', '-1', '', 1, '2019-10-24 20:38:18', '2019-10-24 20:38:18'),
(8, '- ME.ID - BBBG tai lieu', 'V_Elint 18', '-1', '', 1, '2019-10-24 20:38:18', '2019-10-24 20:38:18'),
(9, '- ME - Phieu yeu cau mo phong (nếu có)', 'V_Elint 18', '1', '', 1, '2019-10-24 20:38:18', '2019-10-24 20:38:18'),
(10, '- File thiet ke', 'V_Elint 18', '1', '', 1, '2019-10-24 20:38:18', '2019-10-24 20:38:18'),
(11, 'ME.ID - Xac nhan thiet ke ID', 'V_Elint 18', '-1', '', 1, '2019-10-24 20:38:18', '2019-10-24 20:38:18'),
(12, 'ME - Ket qua tinh toan mo phong', 'V_Elint 18', '0', '', 1, '2019-10-24 20:38:18', '2019-10-24 20:38:18'),
(13, '- ME - Huong dan lap rap, do kiem chi tieu va kiem tra tinh nang', 'V_Elint 18', '0', '', 1, '2019-10-24 20:38:18', '2019-10-24 20:38:18'),
(14, '- ME - Huong dan gia cong be mat', 'V_Elint 18', '0', '', 1, '2019-10-24 20:38:18', '2019-10-24 20:38:18'),
(15, '- ME - Checklist theo chuan thiet ke', 'V_Elint 18', '0', '', 1, '2019-10-24 20:38:18', '2019-10-24 20:38:18'),
(16, '- ME - Phieu quyet dinh gia cong che tao', 'V_Elint 18', '0', 'Thiếu chỉ tiêu BOM', 1, '2019-10-24 20:39:00', '2019-10-24 20:38:18'),
(17, '- Các chi tiết, linh kiện đã được gia công chế tạo, mua sắm \n- Phiếu đo kiểm chỉ tiêu bản vẽ cho các chi tiết', 'V_Elint 18', '1', '', 1, '2019-10-24 20:38:18', '2019-10-24 20:38:18'),
(18, 'Quyết định phê duyệt Dự án sản xuất thử nghiệm', 'https://svn.k2.vht.vn/!/#TT.NCCNTruyenDan.SiteRouter/view/head/1.TKT/1.Nhiem%20vu%20TKT1/1.HSQL/1.PD/TTr Phe duyet de tai SiteRouter.pdf', '1', '', 4, '2019-10-28 19:49:36', '2019-10-28 19:49:36'),
(19, 'Hồ sơ đầu vào quá trình sản xuất thử nghiệm', 'https://svn.k2.vht.vn/!/#TT.NCCNTruyenDan.SiteRouter/view/head/', '1', '', 4, '2019-10-28 19:49:36', '2019-10-28 19:49:36'),
(20, 'Kế hoạch chi tiết thực hiện Dự án', 'https://svn.k2.vht.vn/!/#TT.NCCNTruyenDan.SiteRouter/view/head/1.TKT/1.Nhiem%20vu%20TKT1/1.HSQL/2.KH/08.Thuyet minh de tai_SiteRouter.pdf', '1', '', 4, '2019-10-28 19:49:36', '2019-10-28 19:49:36'),
(21, 'Hoàn thành cập nhật cây công việc trên Hệ thống VECO', 'VECO', '1', '', 4, '2019-10-28 19:49:36', '2019-10-28 19:49:36'),
(22, 'Hoàn thành bảng rà soát Vật tư linh kiện tồn kho', 'https://svn.k2.vht.vn/!/#TT.NCCNTruyenDan.SiteRouter/view/head/3.DVT/1.Du an Site Router/2.CBSX/RE  Ban giao linh kien.msg', '1', '', 4, '2019-10-28 19:49:36', '2019-10-28 19:49:36'),
(23, 'Hoàn thành hợp đồng gia công, mua sắm Vật tư linh kiện với đối tác', 'https://svn.k2.vht.vn/!/#TT.NCCNTruyenDan.SiteRouter/view/head/3.DVT/1.Du an Site Router/2.CBSX/5.1 - Ký VO giữa M1 và VTTEK.msg', '0', '', 4, '2019-10-28 19:49:36', '2019-10-28 19:49:36'),
(24, 'Hoàn thành chuẩn bị vật tư linh kiện', 'NA', '0', '', 4, '2019-10-28 19:49:36', '2019-10-28 19:49:36'),
(25, 'Hoàn thành kiểm tra Vật tư linh kiện tồn kho', 'NA', '0', '', 4, '2019-10-28 19:49:36', '2019-10-28 19:49:36'),
(26, 'BM.VHT.KHCN.01-SXTN.03 - Checklist TLSX', 'NA', '1', '', 4, '2019-10-28 19:49:36', '2019-10-28 19:49:36'),
(27, 'BM.VHT.KHCN.01-SXTN.04 - Checklist CCSX', 'NA', '0', '', 4, '2019-10-28 19:49:36', '2019-10-28 19:49:36'),
(28, 'Hoàn thành kiểm tra danh mục và yêu cầu của công cụ sản xuất', 'https://svn.k2.vht.vn/!/#TT.NCCNTruyenDan.SiteRouter/view/head/3.DVT/1.Du%20an%20Site%20Router/2.CBSX/6.1 & 6.2 - Hiện trạng công cụ sản xuất.xlsx', '1', '', 4, '2019-10-28 19:49:36', '2019-10-28 19:49:36'),
(29, 'BM.VHT.KHCN.01-SXTN.05 - Checklist BĐPPĐ', '"https://svn.k2.vht.vn/!/#TT.NCCNTruyenDan.SiteRouter/view/head/3.DVT/1.Du an Site Router/3.SX/1.QLCL/7.1 - Bài đo HW.docx https://svn.k2.vht.vn/!/#TT.NCCNTruyenDan.SiteRouter/view/head/3.DVT/1.Du an Site Router/3.SX/1.QLCL/7.1 - Bài đo SW.docx "', '1', '', 4, '2019-10-28 19:49:36', '2019-10-28 19:49:36'),
(30, 'Dự thảo kịch bản thử nghiệm tại đơn vị sử dụng', 'https://svn.k2.vht.vn/!/#TT.NCCNTruyenDan.SiteRouter/view/head/3.DVT/1.Du an Site Router/3.SX/1.QLCL/7.2 - Kich ban thu nghiem service test internal vơi thiet bi Cisco All board.xlsx', '1', '', 4, '2019-10-28 19:49:36', '2019-10-28 19:49:36'),
(31, 'BM.VHT.KHCN.01-SXTN.06 - Bien ban hop', 'https://svn.k2.vht.vn/!/#TT.NCCNTruyenDan.SiteRouter/view/head/3.DVT/1.Du an Site Router/3.SX/3.DCSX/8.1 - Lịch Sản xuất Site Router 20 bộ Loạt 0.msg', '1', '', 4, '2019-10-28 19:49:36', '2019-10-28 19:49:36'),
(32, 'BM.VHT.KHCN.01-SXTN.07 - Nhat ky QLSX', 'NA', '0', '', 4, '2019-10-28 19:49:36', '2019-10-28 19:49:36'),
(33, 'BM.VHT.KHCN.01-SXTN.08 - Mau bien ban do', 'https://svn.k2.vht.vn/!/#TT.NCCNTruyenDan.SiteRouter/view/head/3.DVT/1.Du an Site Router/3.SX/1.QLCL/7.2 - Kich ban thu nghiem service test internal vơi thiet bi Cisco All board.xlsx', '1', '', 4, '2019-10-28 19:49:36', '2019-10-28 19:49:36'),
(34, 'Kết quả đo kiểm, đánh giá sản phẩm SXTN', 'https://svn.k2.vht.vn/!/#TT.NCCNTruyenDan.SiteRouter/view/head/3.DVT/1.Du an Site Router/3.SX/1.QLCL/9.1 & 10.1 - Kết quả đo kiểm phần cứng Loạt 0.pdf', '1', '', 4, '2019-10-28 19:49:36', '2019-10-28 19:49:36'),
(35, 'BM.VHT.KHCN.01-SXTN.09A - Ke hoach thu nghiem thuc te', 'https://svn.k2.vht.vn/svn/TT.NCCNTruyenDan.SiteRouter/3.DVT/1.Du an Site Router/1.HSQL/2.KH/Phụ lục 4 – Chi tiết kế hoạch triển khai thử nghiệm thiết bị Site Router trên mạng lưới.pdf', '1', '', 4, '2019-10-28 19:49:36', '2019-10-28 19:49:36'),
(36, 'BM.VHT.KHCN.01-SXTN.09B - Bien ban thu nghiem thuc te', 'https://svn.k2.vht.vn/!/#TT.NCCNTruyenDan.SiteRouter/view/head/3.DVT/1.Du an Site Router/3.SX/1.QLCL/9.1 & 10.1 - Kết quả đo kiểm phần cứng Loạt 0.pdf', '1', '', 4, '2019-10-28 19:49:36', '2019-10-28 19:49:36'),
(37, 'BM.VHT.KHCN.01-SXTN.10 - Bao cao danh gia chat luong san pham', 'https://svn.k2.vht.vn/!/#TT.NCCNTruyenDan.SiteRouter/view/head/3.DVT/1.Du an Site Router/3.SX/1.QLCL/11.2 & 12.1 - VHT_Đánh giá chất lượng và khả năng đáp ứng dịch vụ sản phẩm Site Router_v2.pdf', '1', '', 4, '2019-10-28 19:49:36', '2019-10-28 19:49:36'),
(38, '- Yêu cầu thay đổi.\n- Log QLDA (theo QT quản lý thay đổi)', 'SYSTEM/Log QLDA', '1', '', 4, '2019-10-28 19:49:36', '2019-10-28 19:49:36'),
(39, 'Các tài liệu SXTN đã được cập nhật, điều chỉnh theo thực tế sản xuất', 'NA', '-1', '', 4, '2019-10-28 19:49:36', '2019-10-28 19:49:36'),
(40, 'BM.VHT.KHCN.01-SXTN.11 - QTCN lắp ráp GCTH-ĐĐC', 'https://svn.k2.vht.vn/svn/TT.NCCNTruyenDan.SiteRouter/3.DVT/1.Du an Site Router/3.SX/2.HSCN/QTCN', '1', '', 4, '2019-10-28 19:49:36', '2019-10-28 19:49:36'),
(41, 'BM.VHT.KHCN.01-SXTN.12 -Bao cao ket qua giai doan', 'Chưa đến giai đoạn', '-1', '', 4, '2019-10-28 19:49:36', '2019-10-28 19:49:36'),
(42, 'BM.VHT.KHCN.01-SXTN.13 - Bieu mau bao cao linh kien', 'Chưa đến giai đoạn', '-1', '', 4, '2019-10-28 19:49:36', '2019-10-28 19:49:36'),
(43, 'BM.VHT.KHCN.01-SXTN.14 - Bieu mau theo cong viec', 'Chưa đến giai đoạn', '-1', '', 4, '2019-10-28 19:49:36', '2019-10-28 19:49:36'),
(44, 'BM.VHT.KHCN.01-SXTN.15 - Bieu mau theo nhan su', 'Chưa đến giai đoạn', '-1', '', 4, '2019-10-28 19:49:36', '2019-10-28 19:49:36'),
(45, '(BM.VHT.KHCN.01-SXTN.16 - Tong hop chi phi nhan cong theo nhan su)', 'Chưa đến giai đoạn', '-1', '', 4, '2019-10-28 19:49:36', '2019-10-28 19:49:36'),
(46, 'Bộ hồ sơ DVT (gồm các tài liệu EVT đã được cập nhật, điều chỉnh theo thực tế sản xuất)\nTài liệu hướng dẫn sửa chữa và bảo dưỡng', 'https://svn.k2.vht.vn/svn/TT.NCCNTruyenDan.SiteRouter/3.DVT/1.Du an Site Router', '1', '', 4, '2019-10-28 19:49:36', '2019-10-28 19:49:36'),
(47, 'Checklist danh mục bộ hồ sơ DVTđược TT Sản xuất ký xác nhận.', 'https://svn.k2.vht.vn/svn/TT.NCCNTruyenDan.SiteRouter/3.DVT/1.Du an Site Router', '1', '', 4, '2019-10-28 19:49:36', '2019-10-28 19:49:36'),
(48, 'Bộ hồ sơ tài liệu nghiên cứu thiết kế theo quy định tại mục đầu ra QT này', 'https://svn.k2.vht.vn/svn/TT.NCCNTruyenDan.SiteRouter/3.DVT/1.Du an Site Router', '1', '', 4, '2019-10-28 19:49:36', '2019-10-28 19:49:36'),
(49, 'Quyết định về việc thực hiện Đề tài', 'https://svn.k2.vht.vn/!/#TT.NCCNTruyenDan.ONT/view/head/2.EVT/1.004-18-T%C4%90-RDP-DS/1.HSQL/ONT_EVT_Giao%20nhiem%20vu_ONT_V01.PDF', '1', '', 6, '2019-10-28 20:30:49', '2019-10-28 20:30:49'),
(50, 'Kế hoạch thực hiện đề tài', 'https://svn.k2.vht.vn/!/#TT.NCCNTruyenDan.ONT/view/head/2.EVT/1.004-18-T%C4%90-RDP-DS/1.HSQL/2.KH/ONT_EVT_Ke%20hoach%20trien%20khai_V01.pdf', '1', '', 6, '2019-10-28 20:30:49', '2019-10-28 20:30:49'),
(51, 'Kế hoạch kick-off', 'Không đánh giá phần này', '-1', '', 6, '2019-10-28 20:30:49', '2019-10-28 20:30:49'),
(52, 'Biên bản họp kick-off meeting', 'Không đánh giá phần này', '-1', '', 6, '2019-10-28 20:30:49', '2019-10-28 20:30:49'),
(53, 'Kế hoạch thực hiện đề tài được phê duyệt', 'https://svn.k2.vht.vn/!/#TT.NCCNTruyenDan.ONT/view/head/2.EVT/1.004-18-T%C4%90-RDP-DS/1.HSQL/2.KH/ONT_EVT_Ke%20hoach%20trien%20khai_V01.pdf', '1', '', 6, '2019-10-28 20:30:49', '2019-10-28 20:30:49'),
(54, 'Tài liệu thiết kế hệ thống', 'https://svn.k2.vht.vn/!/#TT.NCCNTruyenDan.ONT/view/head/2.EVT/1.004-18-T%C4%90-RDP-DS/2.NCTK/1.SP/1.TKHT/HD.VHT.KHCN.01-TK.TKHT_Tai%20lieu%20thiet%20ke%20he%20thong%20ONT.pdf', '1', '', 6, '2019-10-28 20:30:49', '2019-10-28 20:30:49'),
(55, 'Chỉ tiêu nội sản phẩm', 'https://svn.k2.vht.vn/!/#TT.NCCNTruyenDan.ONT/view/head/2.EVT/1.004-18-T%C4%90-RDP-DS/1.HSQL/1.PD/ONT_EVT_CTKT%20san%20pham.pdf', '1', '', 6, '2019-10-28 20:30:49', '2019-10-28 20:30:49'),
(56, 'Sơ đồ khối thiết kế module và giao diện kết nối các khối trong module', 'Thiết kế ONT chỉ có 1 module duy nhất nên đề xuất không chấm điểm phần này', '-1', '', 6, '2019-10-28 20:30:49', '2019-10-28 20:30:49'),
(57, 'Kết quả đo, kiểm tra tính năng, chỉ tiêu kỹ thuật module', 'https://svn.k2.vht.vn/!/#TT.NCCNTruyenDan.ONT/view/head/2.EVT/1.004-18-T%C4%90-RDP-DS/2.NCTK/2.ONT/7.DK/1.Bao%20cao%20do%20kiem%20Mau%20thu%201%20ONT', '1', '', 6, '2019-10-28 20:30:49', '2019-10-28 20:30:49'),
(58, 'Sản phẩm sau khi lắp ráp, hiệu chỉnh', 'Không cần link', '1', '', 6, '2019-10-28 20:30:49', '2019-10-28 20:30:49'),
(59, 'List lỗi trong quá trình lắp ráp và phương án khắc phục', 'Không cần link', '1', '', 6, '2019-10-28 20:30:49', '2019-10-28 20:30:49'),
(60, 'Dự thảo tài liệu mô tả sản phẩm', 'https://svn.k2.vht.vn/!/#TT.NCCNTruyenDan.ONT/view/head/2.EVT/1.004-18-T%C4%90-RDP-DS/2.NCTK/1.SP/BM.VHT.KHCN.01-TK.04%20-%20Mo%20ta%20san%20pham%20ONT.pdf', '1', '', 6, '2019-10-28 20:30:49', '2019-10-28 20:30:49'),
(61, 'Bài đo/phương pháp đo sản phẩm', 'https://svn.k2.vht.vn/!/#TT.NCCNTruyenDan.ONT/view/head/2.EVT/1.004-18-T%C4%90-RDP-DS/2.NCTK/1.SP/2.DKSP/ONT_EVT_To%20trinh%20phe%20duyet%20bai%20do%20nghiem%20thu%20thiet%20bi%20ONT%20theo%20CTKT_V01.pdf', '1', '', 6, '2019-10-28 20:30:49', '2019-10-28 20:30:49'),
(62, 'Kết quả đo, kiểm tra tính năng, chỉ tiêu kỹ thuật sản phẩm', 'Không cần link', '1', '', 6, '2019-10-28 20:30:49', '2019-10-28 20:30:49'),
(63, 'Báo cáo kết quả đánh giá ATTT sản phẩm', 'https://svn.k2.vht.vn/!/#TT.NCCNTruyenDan.ONT/view/head/2.EVT/1.004-18-T%C4%90-RDP-DS/2.NCTK/2.ONT/7.DK/1.Bao%20cao%20do%20kiem%20Mau%20thu%201%20ONT/PL03_Ket%20qua%20kiem%20thu%20Acceptance%20Test%20mau%20thu%201%20ONT.pdf', '1', '', 6, '2019-10-28 20:30:49', '2019-10-28 20:30:49'),
(64, 'Yêu cầu thay đổi', 'Không cần link', '1', '', 6, '2019-10-28 20:30:49', '2019-10-28 20:30:49'),
(65, 'Log QLDA', 'https://svn.k2.vht.vn/!/#TT.NCCNTruyenDan.ONT/view/head/2.EVT/1.004-18-T%C4%90-RDP-DS/2.NCTK/1.SP', '1', '', 6, '2019-10-28 20:30:49', '2019-10-28 20:30:49'),
(66, 'Kế hoạch thử nghiệm thực tế', 'chưa đến giai đoạn', '-1', '', 6, '2019-10-28 20:30:49', '2019-10-28 20:30:49'),
(67, 'Báo cáo kết quả thử nghiệm tại đơn vị sử dụng', 'chưa đến giai đoạn', '-1', '', 6, '2019-10-28 20:30:49', '2019-10-28 20:30:49'),
(68, 'Báo cáo đánh giá chất lượng sản phẩm', 'chưa đến giai đoạn', '-1', '', 6, '2019-10-28 20:30:49', '2019-10-28 20:30:49'),
(69, 'Báo cáo kết quả nghiên cứu giai đoạn', 'chưa đến giai đoạn', '-1', '', 6, '2019-10-28 20:30:49', '2019-10-28 20:30:49'),
(70, 'Báo cáo linh kiện', 'chưa đến giai đoạn', '-1', '', 6, '2019-10-28 20:30:49', '2019-10-28 20:30:49'),
(71, 'Bảng chấm công theo công việc', 'chưa đến giai đoạn', '-1', '', 6, '2019-10-28 20:30:49', '2019-10-28 20:30:49'),
(72, 'Báo cáo phân bổ chi phí nhân công theo nhân sự', 'chưa đến giai đoạn', '-1', '', 6, '2019-10-28 20:30:49', '2019-10-28 20:30:49'),
(73, 'Bảng Tổng hợp chi phí nhân công theo nhân sự', 'chưa đến giai đoạn', '-1', '', 6, '2019-10-28 20:30:49', '2019-10-28 20:30:49'),
(74, '1. Bộ tài liệu thiết kế hệ thống', 'chưa đến giai đoạn', '-1', '', 6, '2019-10-28 20:30:49', '2019-10-28 20:30:49'),
(75, '2. Chỉ tiêu nội: Chỉ tiêu, tính năng kỹ thuật sản phẩm', 'chưa đến giai đoạn', '-1', '', 6, '2019-10-28 20:30:49', '2019-10-28 20:30:49'),
(76, '3. Bài đo phương pháp đo chỉ tiêu nội', 'chưa đến giai đoạn', '-1', '', 6, '2019-10-28 20:30:49', '2019-10-28 20:30:49'),
(77, '4. Bảng đánh giá đo kiểm chỉ tiêu nội', 'chưa đến giai đoạn', '-1', '', 6, '2019-10-28 20:30:50', '2019-10-28 20:30:50'),
(78, '5. Bộ tài liệu thiết kế chi tiết các module thành phần', 'chưa đến giai đoạn', '-1', '', 6, '2019-10-28 20:30:50', '2019-10-28 20:30:50'),
(79, '6. Bài đo phương pháp kiểm tra các module cấu thành sản phẩm', 'chưa đến giai đoạn', '-1', '', 6, '2019-10-28 20:30:50', '2019-10-28 20:30:50'),
(80, '7. Bảng đánh giá đo kiểm chỉ tiêu module', 'chưa đến giai đoạn', '-1', '', 6, '2019-10-28 20:30:50', '2019-10-28 20:30:50'),
(81, '8. Hồ sơ quản lý điều chỉnh thiết kế', 'chưa đến giai đoạn', '-1', '', 6, '2019-10-28 20:30:50', '2019-10-28 20:30:50'),
(82, '9. Bộ tài liệu báo cáo giai đoạn nghiên cứu', 'chưa đến giai đoạn', '-1', '', 6, '2019-10-28 20:30:50', '2019-10-28 20:30:50'),
(83, 'Cây công việc chi tiết trên hệ thống VECO', 'Linh Veco', '1', '', 8, '2019-10-28 20:51:46', '2019-10-28 20:51:46'),
(84, '- ME - Tai lieu yeu cau thiet ke', 'https://svn.k2.vht.vn/!/#TT.NCCNTruyenDan.ONT/view/head/2.EVT/1.004-18-T%C4%90-RDP-DS/2.NCTK/2.ONT/2.ME/1.YC/ME-Tai%20lieu%20yeu%20cau%20thiet%20ke%20ONT.pdf', '1', '', 8, '2019-10-28 20:51:46', '2019-10-28 20:51:46'),
(85, '- ME - Thiet ke tong the', 'https://svn.k2.vht.vn/!/#TT.NCCNTruyenDan.ONT/view/head/2.EVT/1.004-18-T%C4%90-RDP-DS/2.NCTK/2.ONT/2.ME/2.TK/1.TK%20Tong%20the', '1', '', 8, '2019-10-28 20:51:46', '2019-10-28 20:51:46'),
(86, '- ME - BOM', 'Không cần link', '1', '', 8, '2019-10-28 20:51:46', '2019-10-28 20:51:46'),
(87, '- ME.ID - Checklist', 'không có', '0', '', 8, '2019-10-28 20:51:46', '2019-10-28 20:51:46'),
(88, '- ME.ID - Ban ve ID', 'https://svn.k2.vht.vn/!/#TT.NCCNTruyenDan.ONT/view/head/2.EVT/1.004-18-T%C4%90-RDP-DS/2.NCTK/2.ONT/2.ME/2.TK/2.TK%20ID', '1', '', 8, '2019-10-28 20:51:46', '2019-10-28 20:51:46'),
(89, '- ME.ID - BB Lua Chon Concept', 'không có', '0', '', 8, '2019-10-28 20:51:46', '2019-10-28 20:51:46'),
(90, '- ME.ID - BBBG tai lieu', 'không có', '0', '', 8, '2019-10-28 20:51:46', '2019-10-28 20:51:46'),
(91, '- ME - Phieu yeu cau mo phong (nếu có)', 'Không có', '-1', '', 8, '2019-10-28 20:51:46', '2019-10-28 20:51:46'),
(92, '- File thiet ke', 'https://svn.k2.vht.vn/!/#TT.NCCNTruyenDan.ONT/view/head/2.EVT/1.004-18-T%C4%90-RDP-DS/2.NCTK/2.ONT/2.ME/2.TK/3.TK%20Chi%20tiet', '1', '', 8, '2019-10-28 20:51:46', '2019-10-28 20:51:46'),
(93, 'ME.ID - Xac nhan thiet ke ID', 'https://svn.k2.vht.vn/!/#TT.NCCNTruyenDan.ONT/view/head/2.EVT/1.004-18-T%C4%90-RDP-DS/2.NCTK/2.ONT/2.ME/2.TK/4.Xac%20nhan%20TK%20ID', '1', '', 8, '2019-10-28 20:51:46', '2019-10-28 20:51:46'),
(94, 'ME - Ket qua tinh toan mo phong', 'https://svn.k2.vht.vn/!/#TT.NCCNTruyenDan.ONT/view/head/2.EVT/1.004-18-T%C4%90-RDP-DS/2.NCTK/2.ONT/2.ME/2.TK/5.Mo%20phong%20co%20khi', '1', '', 8, '2019-10-28 20:51:46', '2019-10-28 20:51:46'),
(95, '- ME - Huong dan lap rap, do kiem chi tieu va kiem tra tinh nang', 'Chưa đến giai đoạn', '-1', 'Chưa đến giai đoạn', 8, '2019-10-28 20:51:46', '2019-10-28 20:51:46'),
(96, '- ME - Huong dan gia cong be mat', 'Chưa đến giai đoạn', '-1', 'Chưa đến giai đoạn', 8, '2019-10-28 20:51:46', '2019-10-28 20:51:46'),
(97, '- ME - Checklist theo chuan thiet ke', 'Chưa đến giai đoạn', '-1', 'Chưa đến giai đoạn', 8, '2019-10-28 20:51:46', '2019-10-28 20:51:46'),
(98, '- ME - Phieu quyet dinh gia cong che tao', 'Chưa đến giai đoạn', '-1', 'Chưa đến giai đoạn', 8, '2019-10-28 20:51:46', '2019-10-28 20:51:46'),
(99, '- Các chi tiết, linh kiện đã được gia công chế tạo, mua sắm\n- Phiếu đo kiểm chỉ tiêu bản vẽ cho các chi tiết', 'Chưa đến giai đoạn', '-1', 'Chưa đến giai đoạn', 8, '2019-10-28 20:51:46', '2019-10-28 20:51:46'),
(100, 'ME - Bao cao loi va phuong an khac phuc', 'Chưa đến giai đoạn', '-1', 'Chưa đến giai đoạn', 8, '2019-10-28 20:51:46', '2019-10-28 20:51:46'),
(101, 'ME - Bao cao kiem tra tinh nang, do kiem CTKT', 'Chưa đến giai đoạn', '-1', 'Chưa đến giai đoạn', 8, '2019-10-28 20:51:46', '2019-10-28 20:51:46'),
(102, 'Cây công việc chi tiết trên hệ thống VECO', 'http://plm.vht.vn/projects/thuc-hien_nghien-cuu-phat-trien-tram-phat-song-5g-micro-gnodeb', '1', '', 9, '2019-10-28 20:55:32', '2019-10-28 20:55:32'),
(103, '- ME - Tai lieu yeu cau thiet ke', 'https://qlsxpm.vttek.vn/ccm/web/projects/VTTEK_5G%20(Change%20Management)#action=com.ibm.team.scm.browseElement&workspaceItemId=_7HWG4J06EemSepAFsNm78A&componentItemId=_3vtKwJ08EemSepAFsNm78A&itemType=com.ibm.team.scm.Folder&itemId=_MrpacMr2EemrGK5mWy4Yzg', '1', '', 9, '2019-10-28 20:55:32', '2019-10-28 20:55:32'),
(104, '- ME - Thiet ke tong the', 'https://qlsxpm.vttek.vn/ccm/web/projects/VTTEK_5G%20(Change%20Management)#action=com.ibm.team.scm.browseElement&workspaceItemId=_7HWG4J06EemSepAFsNm78A&componentItemId=_3vtKwJ08EemSepAFsNm78A&itemType=com.ibm.team.scm.Folder&itemId=_Mrtr4Mr2EemrGK5mWy4Yzg', '1', '', 9, '2019-10-28 20:55:32', '2019-10-28 20:55:32'),
(105, '- ME - BOM', 'https://qlsxpm.vttek.vn/ccm/web/projects/VTTEK_5G%20(Change%20Management)#action=com.ibm.team.scm.browseElement&workspaceItemId=_7HWG4J06EemSepAFsNm78A&componentItemId=_3vtKwJ08EemSepAFsNm78A&itemType=com.ibm.team.scm.Folder&itemId=_MsGGYMr2EemrGK5mWy4Yzg', '1', '', 9, '2019-10-28 20:55:32', '2019-10-28 20:55:32'),
(106, '- ME.ID - Checklist', 'https://qlsxpm.vttek.vn/ccm/web/projects/VTTEK_5G%20(Change%20Management)#action=com.ibm.team.scm.browseElement&workspaceItemId=_7HWG4J06EemSepAFsNm78A&componentItemId=_3vtKwJ08EemSepAFsNm78A&itemType=com.ibm.team.scm.Folder&itemId=_MrykYMr2EemrGK5mWy4Yzg', '1', '', 9, '2019-10-28 20:55:32', '2019-10-28 20:55:32'),
(107, '- ME.ID - Ban ve ID', 'https://qlsxpm.vttek.vn/ccm/web/projects/VTTEK_5G%20(Change%20Management)#action=com.ibm.team.scm.browseElement&workspaceItemId=_7HWG4J06EemSepAFsNm78A&componentItemId=_3vtKwJ08EemSepAFsNm78A&itemType=com.ibm.team.scm.Folder&itemId=_MrykYMr2EemrGK5mWy4Yzg', '1', '', 9, '2019-10-28 20:55:32', '2019-10-28 20:55:32'),
(108, '- ME.ID - BB Lua Chon Concept', 'https://qlsxpm.vttek.vn/ccm/web/projects/VTTEK_5G%20(Change%20Management)#action=com.ibm.team.scm.browseElement&workspaceItemId=_7HWG4J06EemSepAFsNm78A&componentItemId=_3vtKwJ08EemSepAFsNm78A&itemType=com.ibm.team.scm.Folder&itemId=_MrykYMr2EemrGK5mWy4Yzg', '1', '', 9, '2019-10-28 20:55:32', '2019-10-28 20:55:32'),
(109, '- ME.ID - BBBG tai lieu', 'https://qlsxpm.vttek.vn/ccm/web/projects/VTTEK_5G%20(Change%20Management)#action=com.ibm.team.scm.browseElement&workspaceItemId=_7HWG4J06EemSepAFsNm78A&componentItemId=_3vtKwJ08EemSepAFsNm78A&itemType=com.ibm.team.scm.Folder&itemId=_MrykYMr2EemrGK5mWy4Yzg', '1', '', 9, '2019-10-28 20:55:32', '2019-10-28 20:55:32'),
(110, '- ME - Phieu yeu cau mo phong (nếu có)', 'https://qlsxpm.vttek.vn/ccm/web/projects/VTTEK_5G%20(Change%20Management)#action=com.ibm.team.scm.browseElement&workspaceItemId=_7HWG4J06EemSepAFsNm78A&componentItemId=_3vtKwJ08EemSepAFsNm78A&itemType=com.ibm.team.scm.Folder&itemId=_Mr7HQMr2EemrGK5mWy4Yzg', '1', '', 9, '2019-10-28 20:55:32', '2019-10-28 20:55:32'),
(111, '- File thiet ke', 'https://qlsxpm.vttek.vn/ccm/web/projects/VTTEK_5G%20(Change%20Management)#action=com.ibm.team.scm.browseElement&workspaceItemId=_7HWG4J06EemSepAFsNm78A&componentItemId=_3vtKwJ08EemSepAFsNm78A&itemType=com.ibm.team.scm.Folder&itemId=_Mr7HQMr2EemrGK5mWy4Yzg', '1', '', 9, '2019-10-28 20:55:32', '2019-10-28 20:55:32'),
(112, 'ME.ID - Xac nhan thiet ke ID', 'https://qlsxpm.vttek.vn/ccm/web/projects/VTTEK_5G%20(Change%20Management)#action=com.ibm.team.scm.browseElement&workspaceItemId=_7HWG4J06EemSepAFsNm78A&componentItemId=_3vtKwJ08EemSepAFsNm78A&itemType=com.ibm.team.scm.Folder&itemId=_Mr7HQMr2EemrGK5mWy4Yzg', '1', '', 9, '2019-10-28 20:55:32', '2019-10-28 20:55:32'),
(113, 'ME - Ket qua tinh toan mo phong', 'https://qlsxpm.vttek.vn/ccm/web/projects/VTTEK_5G%20(Change%20Management)#action=com.ibm.team.scm.browseElement&workspaceItemId=_7HWG4J06EemSepAFsNm78A&componentItemId=_3vtKwJ08EemSepAFsNm78A&itemType=com.ibm.team.scm.Folder&itemId=_Mr7HQMr2EemrGK5mWy4Yzg', '1', '', 9, '2019-10-28 20:55:32', '2019-10-28 20:55:32'),
(114, 'Cây công việc chi tiết trên hệ thống VECO', 'http://plm.vht.vn/projects/thuc-hien_nghien-cuu-phat-trien-tram-phat-song-5g-micro-gnodeb', '1', '', 12, '2019-10-28 21:00:33', '2019-10-28 21:00:33'),
(115, '- ME - Tai lieu yeu cau thiet ke', 'https://qlsxpm.vttek.vn/ccm/web/projects/VTTEK_5G%20(Change%20Management)#action=com.ibm.team.scm.browseElement&workspaceItemId=_7HWG4J06EemSepAFsNm78A&componentItemId=_3vtKwJ08EemSepAFsNm78A&itemType=com.ibm.team.scm.Folder&itemId=_MsRskMr2EemrGK5mWy4Yzg', '1', '', 12, '2019-10-28 21:00:33', '2019-10-28 21:00:33'),
(116, '- ME - Thiet ke tong the', 'https://qlsxpm.vttek.vn/ccm/web/projects/VTTEK_5G%20(Change%20Management)#action=com.ibm.team.scm.browseElement&workspaceItemId=_7HWG4J06EemSepAFsNm78A&componentItemId=_3vtKwJ08EemSepAFsNm78A&itemType=com.ibm.team.scm.Folder&itemId=_MsV-AMr2EemrGK5mWy4Yzg', '1', '', 12, '2019-10-28 21:00:33', '2019-10-28 21:00:33'),
(117, '- ME - BOM', 'https://qlsxpm.vttek.vn/ccm/web/projects/VTTEK_5G%20(Change%20Management)#action=com.ibm.team.scm.browseElement&workspaceItemId=_7HWG4J06EemSepAFsNm78A&componentItemId=_3vtKwJ08EemSepAFsNm78A&itemType=com.ibm.team.scm.Folder&itemId=_MsV-AMr2EemrGK5mWy4Yzg', '1', '', 12, '2019-10-28 21:00:33', '2019-10-28 21:00:33'),
(118, '- ME.ID - Checklist', 'https://qlsxpm.vttek.vn/ccm/web/projects/VTTEK_5G%20(Change%20Management)#action=com.ibm.team.scm.browseElement&workspaceItemId=_7HWG4J06EemSepAFsNm78A&componentItemId=_3vtKwJ08EemSepAFsNm78A&itemType=com.ibm.team.scm.Folder&itemId=_MsZBUMr2EemrGK5mWy4Yzg', '1', '', 12, '2019-10-28 21:00:33', '2019-10-28 21:00:33'),
(119, '- ME.ID - Ban ve ID', 'https://qlsxpm.vttek.vn/ccm/web/projects/VTTEK_5G%20(Change%20Management)#action=com.ibm.team.scm.browseElement&workspaceItemId=_7HWG4J06EemSepAFsNm78A&componentItemId=_3vtKwJ08EemSepAFsNm78A&itemType=com.ibm.team.scm.Folder&itemId=_MsZBUMr2EemrGK5mWy4Yzg', '1', '', 12, '2019-10-28 21:00:33', '2019-10-28 21:00:33'),
(120, '- ME.ID - BB Lua Chon Concept', 'https://qlsxpm.vttek.vn/ccm/web/projects/VTTEK_5G%20(Change%20Management)#action=com.ibm.team.scm.browseElement&workspaceItemId=_7HWG4J06EemSepAFsNm78A&componentItemId=_3vtKwJ08EemSepAFsNm78A&itemType=com.ibm.team.scm.Folder&itemId=_MsZBUMr2EemrGK5mWy4Yzg', '1', '', 12, '2019-10-28 21:00:33', '2019-10-28 21:00:33'),
(121, '- ME.ID - BBBG tai lieu', 'https://qlsxpm.vttek.vn/ccm/web/projects/VTTEK_5G%20(Change%20Management)#action=com.ibm.team.scm.browseElement&workspaceItemId=_7HWG4J06EemSepAFsNm78A&componentItemId=_3vtKwJ08EemSepAFsNm78A&itemType=com.ibm.team.scm.Folder&itemId=_MsZBUMr2EemrGK5mWy4Yzg', '1', '', 12, '2019-10-28 21:00:33', '2019-10-28 21:00:33'),
(122, '- ME - Phieu yeu cau mo phong (nếu có)', 'https://qlsxpm.vttek.vn/ccm/web/projects/VTTEK_5G%20(Change%20Management)#action=com.ibm.team.scm.browseElement&workspaceItemId=_7HWG4J06EemSepAFsNm78A&componentItemId=_3vtKwJ08EemSepAFsNm78A&itemType=com.ibm.team.scm.Folder&itemId=_MsaPcMr2EemrGK5mWy4Yzg', '1', '', 12, '2019-10-28 21:00:33', '2019-10-28 21:00:33'),
(123, '- File thiet ke', 'https://qlsxpm.vttek.vn/ccm/web/projects/VTTEK_5G%20(Change%20Management)#action=com.ibm.team.scm.browseElement&workspaceItemId=_7HWG4J06EemSepAFsNm78A&componentItemId=_3vtKwJ08EemSepAFsNm78A&itemType=com.ibm.team.scm.Folder&itemId=_MsaPcMr2EemrGK5mWy4Yzg', '1', '', 12, '2019-10-28 21:00:33', '2019-10-28 21:00:33'),
(124, 'ME.ID - Xac nhan thiet ke ID', 'https://qlsxpm.vttek.vn/ccm/web/projects/VTTEK_5G%20(Change%20Management)#action=com.ibm.team.scm.browseElement&workspaceItemId=_7HWG4J06EemSepAFsNm78A&componentItemId=_3vtKwJ08EemSepAFsNm78A&itemType=com.ibm.team.scm.Folder&itemId=_MsaPcMr2EemrGK5mWy4Yzg', '1', '', 12, '2019-10-28 21:00:33', '2019-10-28 21:00:33'),
(125, 'ME - Ket qua tinh toan mo phong', 'https://qlsxpm.vttek.vn/ccm/web/projects/VTTEK_5G%20(Change%20Management)#action=com.ibm.team.scm.browseElement&workspaceItemId=_7HWG4J06EemSepAFsNm78A&componentItemId=_3vtKwJ08EemSepAFsNm78A&itemType=com.ibm.team.scm.Folder&itemId=_MsaPcMr2EemrGK5mWy4Yzg', '1', '', 12, '2019-10-28 21:00:33', '2019-10-28 21:00:33'),
(126, 'Cây công việc chi tiết trên hệ thống VECO', 'http://plm.vht.vn/projects/thuc-hien_nghien-cuu-phat-trien-tram-phat-song-5g-micro-gnodeb', '1', '', 13, '2019-10-28 21:06:21', '2019-10-28 21:06:21'),
(127, 'Tài liệu yêu cầu thiết kế phần cứng', 'https://qlsxpm.vttek.vn/ccm/web/projects/VTTEK_5G%20(Change%20Management)#action=com.ibm.team.scm.browseElement&workspaceItemId=_7HWG4J06EemSepAFsNm78A&componentItemId=_3ur3EJ08EemSepAFsNm78A&itemType=com.ibm.team.scm.Folder&itemId=_Mkb_MMr2EemrGK5mWy4Yzg', '1', '', 13, '2019-10-28 21:06:21', '2019-10-28 21:06:21'),
(128, 'Tài liệu yêu cầu thiết kế phần cứng được phê duyệt', 'https://qlsxpm.vttek.vn/ccm/web/projects/VTTEK_5G%20(Change%20Management)#action=com.ibm.team.scm.browseElement&workspaceItemId=_7HWG4J06EemSepAFsNm78A&componentItemId=_3ur3EJ08EemSepAFsNm78A&itemType=com.ibm.team.scm.Folder&itemId=_Mkb_MMr2EemrGK5mWy4Yzg', '1', '', 13, '2019-10-28 21:06:21', '2019-10-28 21:06:21'),
(129, 'Tài liệu thiết kế kiến trúc', 'https://qlsxpm.vttek.vn/ccm/web/projects/VTTEK_5G%20(Change%20Management)#action=com.ibm.team.scm.browseElement&workspaceItemId=_7HWG4J06EemSepAFsNm78A&componentItemId=_3ur3EJ08EemSepAFsNm78A&itemType=com.ibm.team.scm.Folder&itemId=_MkBvgMr2EemrGK5mWy4Yzg', '1', '', 13, '2019-10-28 21:06:21', '2019-10-28 21:06:21'),
(130, 'Checklist kiểm tra thiết kế kiến trúc', 'https://qlsxpm.vttek.vn/ccm/web/projects/VTTEK_5G%20(Change%20Management)#action=com.ibm.team.scm.browseElement&workspaceItemId=_7HWG4J06EemSepAFsNm78A&componentItemId=_3ur3EJ08EemSepAFsNm78A&itemType=com.ibm.team.scm.Folder&itemId=_MkBvgMr2EemrGK5mWy4Yzg', '1', '', 13, '2019-10-28 21:06:21', '2019-10-28 21:06:21'),
(131, 'Tài liệu Thiết kế kiến trúc (đã được phê duyệt)', 'https://qlsxpm.vttek.vn/ccm/web/projects/VTTEK_5G%20(Change%20Management)#action=com.ibm.team.scm.browseElement&workspaceItemId=_7HWG4J06EemSepAFsNm78A&componentItemId=_3ur3EJ08EemSepAFsNm78A&itemType=com.ibm.team.scm.Folder&itemId=_MkBvgMr2EemrGK5mWy4Yzg', '1', '', 13, '2019-10-28 21:06:22', '2019-10-28 21:06:22'),
(132, 'Tài liệu phân tích giải pháp thiết kế bo mạch', 'https://qlsxpm.vttek.vn/ccm/web/projects/VTTEK_5G%20(Change%20Management)#action=com.ibm.team.scm.browseElement&workspaceItemId=_7HWG4J06EemSepAFsNm78A&componentItemId=_3ur3EJ08EemSepAFsNm78A&itemType=com.ibm.team.scm.Folder&itemId=_MkiF0Mr2EemrGK5mWy4Yzg', '1', '', 13, '2019-10-28 21:06:22', '2019-10-28 21:06:22'),
(133, 'Tài liệu phân tích giải pháp thiết kế bo mạch (đã được phê duyệt)', 'https://qlsxpm.vttek.vn/ccm/web/projects/VTTEK_5G%20(Change%20Management)#action=com.ibm.team.scm.browseElement&workspaceItemId=_7HWG4J06EemSepAFsNm78A&componentItemId=_3ur3EJ08EemSepAFsNm78A&itemType=com.ibm.team.scm.Folder&itemId=_MkiF0Mr2EemrGK5mWy4Yzg', '1', '', 13, '2019-10-28 21:06:22', '2019-10-28 21:06:22'),
(134, '- HW - YeuCauPhanMemBringUp', 'https://qlsxpm.vttek.vn/ccm/web/projects/VTTEK_5G%20(Change%20Management)#action=com.ibm.team.scm.browseElement&workspaceItemId=_7HWG4J06EemSepAFsNm78A&componentItemId=_3ur3EJ08EemSepAFsNm78A&itemType=com.ibm.team.scm.Folder&itemId=_Mkm-UMr2EemrGK5mWy4Yzg', '1', '', 13, '2019-10-28 21:06:22', '2019-10-28 21:06:22'),
(135, '- HW - BOM', 'https://qlsxpm.vttek.vn/ccm/web/projects/VTTEK_5G%20(Change%20Management)#action=com.ibm.team.scm.browseElement&workspaceItemId=_7HWG4J06EemSepAFsNm78A&componentItemId=_3ur3EJ08EemSepAFsNm78A&itemType=com.ibm.team.scm.Folder&itemId=_Mkm-UMr2EemrGK5mWy4Yzg', '1', '', 13, '2019-10-28 21:06:22', '2019-10-28 21:06:22'),
(136, '- HW – ChecklistBOM', 'https://qlsxpm.vttek.vn/ccm/web/projects/VTTEK_5G%20(Change%20Management)#action=com.ibm.team.scm.browseElement&workspaceItemId=_7HWG4J06EemSepAFsNm78A&componentItemId=_3ur3EJ08EemSepAFsNm78A&itemType=com.ibm.team.scm.Folder&itemId=_Mkm-UMr2EemrGK5mWy4Yzg', '1', '', 13, '2019-10-28 21:06:22', '2019-10-28 21:06:22'),
(137, '- HW – ChecklistSCH', 'https://qlsxpm.vttek.vn/ccm/web/projects/VTTEK_5G%20(Change%20Management)#action=com.ibm.team.scm.browseElement&workspaceItemId=_7HWG4J06EemSepAFsNm78A&componentItemId=_3ur3EJ08EemSepAFsNm78A&itemType=com.ibm.team.scm.Folder&itemId=_Mkm-UMr2EemrGK5mWy4Yzg', '1', '', 13, '2019-10-28 21:06:22', '2019-10-28 21:06:22'),
(138, '- HW – YeuCauGiaCongBoMach', 'https://qlsxpm.vttek.vn/ccm/web/projects/VTTEK_5G%20(Change%20Management)#action=com.ibm.team.scm.browseElement&workspaceItemId=_7HWG4J06EemSepAFsNm78A&componentItemId=_3vtKwJ08EemSepAFsNm78A&itemType=com.ibm.team.scm.Folder&itemId=_MqN3EMr2EemrGK5mWy4Yzg', '1', '', 13, '2019-10-28 21:06:22', '2019-10-28 21:06:22'),
(139, 'Checklist kiểm tra PCB', 'https://qlsxpm.vttek.vn/ccm/web/projects/VTTEK_5G%20(Change%20Management)#action=com.ibm.team.scm.browseElement&workspaceItemId=_7HWG4J06EemSepAFsNm78A&componentItemId=_3ur3EJ08EemSepAFsNm78A&itemType=com.ibm.team.scm.Folder&itemId=_ikbrENRLEemrQukm66CKkQ', '1', '', 13, '2019-10-28 21:06:22', '2019-10-28 21:06:22'),
(140, '- HW - HuongDanBringup_kiemtra', 'https://qlsxpm.vttek.vn/ccm/web/projects/VTTEK_5G%20(Change%20Management)#action=com.ibm.team.scm.browseElement&workspaceItemId=_7HWG4J06EemSepAFsNm78A&componentItemId=_3wxhwJ08EemSepAFsNm78A&itemType=com.ibm.team.scm.Folder&itemId=_zEDqUMr3EemrGK5mWy4Yzg', '1', '', 13, '2019-10-28 21:06:22', '2019-10-28 21:06:22'),
(141, '- HW - ThietKeChiTietBoMach', 'https://qlsxpm.vttek.vn/ccm/web/projects/VTTEK_5G%20(Change%20Management)#action=com.ibm.team.scm.browseElement&workspaceItemId=_7HWG4J06EemSepAFsNm78A&componentItemId=_3ur3EJ08EemSepAFsNm78A&itemType=com.ibm.team.scm.Folder&itemId=_MkiF0Mr2EemrGK5mWy4Yzg', '1', '', 13, '2019-10-28 21:06:22', '2019-10-28 21:06:22'),
(142, 'Cây công việc chi tiết trên hệ thống VECO', 'http://plm.vht.vn/projects/thuc-hien_nghien-cuu-phat-trien-tram-phat-song-5g-micro-gnodeb', '1', '', 15, '2019-10-28 21:09:32', '2019-10-28 21:09:32'),
(143, 'Tài liệu yêu cầu thiết kế phần cứng', 'https://qlsxpm.vttek.vn/ccm/web/projects/VTTEK_5G%20(Change%20Management)#action=com.ibm.team.scm.browseElement&workspaceItemId=_7HWG4J06EemSepAFsNm78A&componentItemId=_3ur3EJ08EemSepAFsNm78A&itemType=com.ibm.team.scm.Folder&itemId=_bhQZQeNfEemlA5zwX1UfCg', '1', '', 15, '2019-10-28 21:09:32', '2019-10-28 21:09:32'),
(144, 'Tài liệu yêu cầu thiết kế phần cứng được phê duyệt', 'https://qlsxpm.vttek.vn/ccm/web/projects/VTTEK_5G%20(Change%20Management)#action=com.ibm.team.scm.browseElement&workspaceItemId=_7HWG4J06EemSepAFsNm78A&componentItemId=_3ur3EJ08EemSepAFsNm78A&itemType=com.ibm.team.scm.Folder&itemId=_bhQZQeNfEemlA5zwX1UfCg', '1', '', 15, '2019-10-28 21:09:32', '2019-10-28 21:09:32'),
(145, 'Tài liệu thiết kế kiến trúc', 'https://qlsxpm.vttek.vn/ccm/web/projects/VTTEK_5G%20(Change%20Management)#action=com.ibm.team.scm.browseElement&workspaceItemId=_7HWG4J06EemSepAFsNm78A&componentItemId=_3ur3EJ08EemSepAFsNm78A&itemType=com.ibm.team.scm.Folder&itemId=_u1bRQuNiEemlA5zwX1UfCg', '1', '', 15, '2019-10-28 21:09:32', '2019-10-28 21:09:32'),
(146, 'Checklist kiểm tra thiết kế kiến trúc', 'https://qlsxpm.vttek.vn/ccm/web/projects/VTTEK_5G%20(Change%20Management)#action=com.ibm.team.scm.browseElement&workspaceItemId=_7HWG4J06EemSepAFsNm78A&componentItemId=_3ur3EJ08EemSepAFsNm78A&itemType=com.ibm.team.scm.Folder&itemId=_u1bRQuNiEemlA5zwX1UfCg', '1', '', 15, '2019-10-28 21:09:32', '2019-10-28 21:09:32'),
(147, 'Tài liệu Thiết kế kiến trúc (đã được phê duyệt)', 'https://qlsxpm.vttek.vn/ccm/web/projects/VTTEK_5G%20(Change%20Management)#action=com.ibm.team.scm.browseElement&workspaceItemId=_7HWG4J06EemSepAFsNm78A&componentItemId=_3ur3EJ08EemSepAFsNm78A&itemType=com.ibm.team.scm.Folder&itemId=_u1bRQuNiEemlA5zwX1UfCg', '1', '', 15, '2019-10-28 21:09:32', '2019-10-28 21:09:32'),
(148, 'Tài liệu phân tích giải pháp thiết kế bo mạch', 'https://qlsxpm.vttek.vn/ccm/web/projects/VTTEK_5G%20(Change%20Management)#action=com.ibm.team.scm.browseElement&workspaceItemId=_7HWG4J06EemSepAFsNm78A&componentItemId=_3ur3EJ08EemSepAFsNm78A&itemType=com.ibm.team.scm.Folder&itemId=_Xn3s4eNfEemlA5zwX1UfCg', '1', '', 15, '2019-10-28 21:09:32', '2019-10-28 21:09:32'),
(149, 'Tài liệu phân tích giải pháp thiết kế bo mạch (đã được phê duyệt)', 'https://qlsxpm.vttek.vn/ccm/web/projects/VTTEK_5G%20(Change%20Management)#action=com.ibm.team.scm.browseElement&workspaceItemId=_7HWG4J06EemSepAFsNm78A&componentItemId=_3ur3EJ08EemSepAFsNm78A&itemType=com.ibm.team.scm.Folder&itemId=_Xn3s4eNfEemlA5zwX1UfCg', '1', '', 15, '2019-10-28 21:09:32', '2019-10-28 21:09:32'),
(150, '- HW - YeuCauPhanMemBringUp', 'https://qlsxpm.vttek.vn/ccm/web/projects/VTTEK_5G%20(Change%20Management)#action=com.ibm.team.scm.browseElement&workspaceItemId=_7HWG4J06EemSepAFsNm78A&componentItemId=_3ur3EJ08EemSepAFsNm78A&itemType=com.ibm.team.scm.Folder&itemId=_ZkbgMeNfEemlA5zwX1UfCg', '1', '', 15, '2019-10-28 21:09:32', '2019-10-28 21:09:32'),
(151, '- HW - BOM', 'https://qlsxpm.vttek.vn/ccm/web/projects/VTTEK_5G%20(Change%20Management)#action=com.ibm.team.scm.browseElement&workspaceItemId=_7HWG4J06EemSepAFsNm78A&componentItemId=_3ur3EJ08EemSepAFsNm78A&itemType=com.ibm.team.scm.Folder&itemId=_ZkbgMeNfEemlA5zwX1UfCg', '1', '', 15, '2019-10-28 21:09:32', '2019-10-28 21:09:32'),
(152, '- HW – ChecklistBOM', 'https://qlsxpm.vttek.vn/ccm/web/projects/VTTEK_5G%20(Change%20Management)#action=com.ibm.team.scm.browseElement&workspaceItemId=_7HWG4J06EemSepAFsNm78A&componentItemId=_3ur3EJ08EemSepAFsNm78A&itemType=com.ibm.team.scm.Folder&itemId=_ZkbgMeNfEemlA5zwX1UfCg', '1', '', 15, '2019-10-28 21:09:32', '2019-10-28 21:09:32'),
(153, '- HW – ChecklistSCH', 'https://qlsxpm.vttek.vn/ccm/web/projects/VTTEK_5G%20(Change%20Management)#action=com.ibm.team.scm.browseElement&workspaceItemId=_7HWG4J06EemSepAFsNm78A&componentItemId=_3ur3EJ08EemSepAFsNm78A&itemType=com.ibm.team.scm.Folder&itemId=_ZkbgMeNfEemlA5zwX1UfCg', '1', '', 15, '2019-10-28 21:09:32', '2019-10-28 21:09:32'),
(154, '- HW – YeuCauGiaCongBoMach', 'https://qlsxpm.vttek.vn/ccm/web/projects/VTTEK_5G%20(Change%20Management)#action=com.ibm.team.scm.browseElement&workspaceItemId=_7HWG4J06EemSepAFsNm78A&componentItemId=_3vtKwJ08EemSepAFsNm78A&itemType=com.ibm.team.scm.Folder&itemId=_MsRskMr2EemrGK5mWy4Yzg', '1', '', 15, '2019-10-28 21:09:32', '2019-10-28 21:09:32'),
(155, 'Checklist kiểm tra PCB', 'https://qlsxpm.vttek.vn/ccm/web/projects/VTTEK_5G%20(Change%20Management)#action=com.ibm.team.scm.browseElement&workspaceItemId=_7HWG4J06EemSepAFsNm78A&componentItemId=_3ur3EJ08EemSepAFsNm78A&itemType=com.ibm.team.scm.Folder&itemId=_ZkbgMeNfEemlA5zwX1UfCg', '1', '', 15, '2019-10-28 21:09:32', '2019-10-28 21:09:32'),
(156, 'Cây công việc chi tiết trên hệ thống VECO', 'http://plm.vht.vn/projects/thuc-hien_nghien-cuu-phat-trien-tram-phat-song-5g-micro-gnodeb', '1', '', 16, '2019-10-28 21:11:50', '2019-10-28 21:11:50'),
(157, '- SW - SRS', 'https://qlsxpm.vttek.vn/ccm/web/projects/VTTEK_5G%20(Change%20Management)#action=com.ibm.team.scm.browseElement&workspaceItemId=_7HWG4J06EemSepAFsNm78A&componentItemId=_3wxhwJ08EemSepAFsNm78A&itemType=com.ibm.team.scm.Folder&itemId=_zD8VkMr3EemrGK5mWy4Yzg', '1', '', 16, '2019-10-28 21:11:50', '2019-10-28 21:11:50'),
(158, 'Quyết định về việc thực hiện Đề tài', 'https://svn.k2.vht.vn/!/#TT.NCCNChuyenMach.IMS/view/head/2.EVT/1.001-T%C4%90-RDP-DS/1.HSQL/1.PD/Ho%20so%20mo%20moi%20de%20tai/08.%20QD%20phe%20duyet.pdf', '1', '', 18, '2019-10-28 21:12:52', '2019-10-28 21:12:52'),
(159, 'Kế hoạch thực hiện đề tài', 'https://svn.k2.vht.vn/!/#TT.NCCNChuyenMach.IMS/view/head/2.EVT/1.001-T%C4%90-RDP-DS/1.HSQL/1.PD/Ho%20so%20mo%20moi%20de%20tai/04.%20Thuyet%20minh.pdf', '1', 'Kế hoạch có trong Thuyết minh đề tài', 18, '2019-10-28 21:12:52', '2019-10-28 21:12:52'),
(160, 'Kế hoạch kick-off', 'N/A', '-1', '', 18, '2019-10-28 21:12:52', '2019-10-28 21:12:52'),
(161, 'Biên bản họp kick-off meeting', 'N/A', '-1', '', 18, '2019-10-28 21:12:52', '2019-10-28 21:12:52'),
(162, 'Kế hoạch thực hiện đề tài được phê duyệt', 'https://svn.k2.vht.vn/!/#TT.NCCNChuyenMach.IMS/view/head/2.EVT/1.001-T%C4%90-RDP-DS/1.HSQL/1.PD/Ho%20so%20mo%20moi%20de%20tai/04.%20Thuyet%20minh.pdf', '1', 'Kế hoạch có trong Thuyết minh đề tài, kế hoạch chi tiết trên RTC/VECO', 18, '2019-10-28 21:12:52', '2019-10-28 21:12:52'),
(163, 'Tài liệu thiết kế hệ thống', 'https://svn.k2.vht.vn/!/#TT.NCCNChuyenMach.IMS/view/head/2.EVT/1.001-T%C4%90-RDP-DS/2.NCTK/1.SP/1.TKHT/IMS_EVT_TKTT_v1.0.pdf', '1', 'Nội dung trong Thiết kế tổng thể', 18, '2019-10-28 21:12:52', '2019-10-28 21:12:52'),
(164, 'Chỉ tiêu nội sản phẩm', 'https://svn.k2.vht.vn/!/#TT.NCCNChuyenMach.IMS/view/head/2.EVT/1.001-T%C4%90-RDP-DS/1.HSQL/1.PD/Ho%20so%20mo%20moi%20de%20tai/07.%20Tai%20lieu%20PRD.pdf', '1', 'Nội dung trong PRD', 18, '2019-10-28 21:12:52', '2019-10-28 21:12:52'),
(165, 'Sơ đồ khối thiết kế module và giao diện kết nối các khối trong module', 'https://svn.k2.vht.vn/!/#TT.NCCNChuyenMach.IMS/view/head/2.EVT/1.001-T%C4%90-RDP-DS/2.NCTK/1.SP/1.TKHT/IMS_EVT_TKCT_v1.0.pdf', '1', '', 18, '2019-10-28 21:12:52', '2019-10-28 21:12:52'),
(166, 'Kết quả đo, kiểm tra tính năng, chỉ tiêu kỹ thuật module', 'https://svn.k2.vht.vn/!/#TT.NCCNChuyenMach.IMS/view/head/2.EVT/1.001-T%C4%90-RDP-DS/2.NCTK/2.IMS/1.SW/4.Test', '1', 'Đang thực hiện đo kiểm', 18, '2019-10-28 21:12:52', '2019-10-28 21:12:52'),
(167, 'Sản phẩm sau khi lắp ráp, hiệu chỉnh', 'N/A', '-1', '', 18, '2019-10-28 21:12:52', '2019-10-28 21:12:52'),
(168, 'List lỗi trong quá trình lắp ráp và phương án khắc phục', 'N/A', '-1', '', 18, '2019-10-28 21:12:52', '2019-10-28 21:12:52'),
(169, 'Dự thảo tài liệu mô tả sản phẩm', 'N/A', '-1', 'Chưa đến giai đoạn', 18, '2019-10-28 21:12:52', '2019-10-28 21:12:52'),
(170, 'Bài đo/phương pháp đo sản phẩm', 'https://svn.k2.vht.vn/!/#TT.NCCNChuyenMach.IMS/view/head/2.EVT/1.001-T%C4%90-RDP-DS/2.NCTK/2.IMS/1.SW/4.Test', '1', '', 18, '2019-10-28 21:12:52', '2019-10-28 21:12:52'),
(171, 'Kết quả đo, kiểm tra tính năng, chỉ tiêu kỹ thuật sản phẩm', 'https://svn.k2.vht.vn/!/#TT.NCCNChuyenMach.IMS/view/head/2.EVT/1.001-T%C4%90-RDP-DS/2.NCTK/2.IMS/1.SW/4.Test', '1', '', 18, '2019-10-28 21:12:52', '2019-10-28 21:12:52'),
(172, 'Báo cáo kết quả đánh giá ATTT sản phẩm', 'N/A', '-1', 'Chưa đến giai đoạn', 18, '2019-10-28 21:12:52', '2019-10-28 21:12:52'),
(173, 'Yêu cầu thay đổi', 'N/A', '-1', 'Log bug trên RTC', 18, '2019-10-28 21:12:52', '2019-10-28 21:12:52'),
(174, 'Log QLDA', 'https://svn.k2.vht.vn/!/#TT.NCCNChuyenMach.IMS/view/head/2.EVT/1.001-T%C4%90-RDP-DS/2.NCTK/1.SP/5.Log%20QLDA', '1', '', 18, '2019-10-28 21:12:52', '2019-10-28 21:12:52'),
(175, 'Kế hoạch thử nghiệm thực tế', 'https://svn.k2.vht.vn/!/#TT.NCCNChuyenMach.IMS/view/head/2.EVT/1.001-T%C4%90-RDP-DS/2.NCTK/1.SP/5.Log%20QLDA', '1', '', 18, '2019-10-28 21:12:52', '2019-10-28 21:12:52'),
(176, 'Báo cáo kết quả thử nghiệm tại đơn vị sử dụng', 'N/A', '-1', '', 18, '2019-10-28 21:12:52', '2019-10-28 21:12:52'),
(177, 'Báo cáo đánh giá chất lượng sản phẩm', 'N/A', '-1', '', 18, '2019-10-28 21:12:52', '2019-10-28 21:12:52'),
(178, 'Báo cáo kết quả nghiên cứu giai đoạn', 'N/A', '-1', '', 18, '2019-10-28 21:12:52', '2019-10-28 21:12:52'),
(179, 'Báo cáo linh kiện', 'N/A', '-1', '', 18, '2019-10-28 21:12:52', '2019-10-28 21:12:52'),
(180, 'Bảng chấm công theo công việc', 'N/A', '-1', '', 18, '2019-10-28 21:12:52', '2019-10-28 21:12:52'),
(181, 'Báo cáo phân bổ chi phí nhân công theo nhân sự', 'N/A', '-1', '', 18, '2019-10-28 21:12:52', '2019-10-28 21:12:52'),
(182, 'Bảng Tổng hợp chi phí nhân công theo nhân sự', 'N/A', '-1', '', 18, '2019-10-28 21:12:52', '2019-10-28 21:12:52'),
(183, '1. Bộ tài liệu thiết kế hệ thống', 'N/A', '-1', '', 18, '2019-10-28 21:12:52', '2019-10-28 21:12:52'),
(184, '2. Chỉ tiêu nội: Chỉ tiêu, tính năng kỹ thuật sản phẩm', 'N/A', '-1', '', 18, '2019-10-28 21:12:52', '2019-10-28 21:12:52'),
(185, '3. Bài đo phương pháp đo chỉ tiêu nội', 'N/A', '-1', '', 18, '2019-10-28 21:12:52', '2019-10-28 21:12:52'),
(186, '4. Bảng đánh giá đo kiểm chỉ tiêu nội', 'N/A', '-1', '', 18, '2019-10-28 21:12:52', '2019-10-28 21:12:52'),
(187, '5. Bộ tài liệu thiết kế chi tiết các module thành phần', 'N/A', '-1', '', 18, '2019-10-28 21:12:52', '2019-10-28 21:12:52'),
(188, '6. Bài đo phương pháp kiểm tra các module cấu thành sản phẩm', 'N/A', '-1', '', 18, '2019-10-28 21:12:52', '2019-10-28 21:12:52'),
(189, '7. Bảng đánh giá đo kiểm chỉ tiêu module', 'N/A', '-1', '', 18, '2019-10-28 21:12:52', '2019-10-28 21:12:52'),
(190, '8. Hồ sơ quản lý điều chỉnh thiết kế', 'N/A', '-1', '', 18, '2019-10-28 21:12:52', '2019-10-28 21:12:52'),
(191, '9. Bộ tài liệu báo cáo giai đoạn nghiên cứu', 'N/A', '-1', '', 18, '2019-10-28 21:12:52', '2019-10-28 21:12:52'),
(192, 'Cây công việc chi tiết trên hệ thống VECO', 'http://plm.vht.vn/projects/thuc-hien_nghien-cuu-phat-trien-tram-phat-song-5g-micro-gnodeb', '1', '', 20, '2019-10-28 21:15:33', '2019-10-28 21:15:33'),
(193, '- SW - HLD', 'https://qlsxpm.vttek.vn/ccm/web/projects/VTTEK_5G%20(Change%20Management)#action=com.ibm.team.scm.browseElement&workspaceItemId=_7HWG4J06EemSepAFsNm78A&componentItemId=_3wxhwJ08EemSepAFsNm78A&itemType=com.ibm.team.scm.Folder&itemId=_IeFOUNheEemrQukm66CKkQ', '1', '', 20, '2019-10-28 21:15:33', '2019-10-28 21:15:33'),
(194, '- SW - DD', 'https://qlsxpm.vttek.vn/ccm/web/projects/VTTEK_5G%20(Change%20Management)#action=com.ibm.team.scm.browseElement&workspaceItemId=_7HWG4J06EemSepAFsNm78A&componentItemId=_3wxhwJ08EemSepAFsNm78A&itemType=com.ibm.team.scm.Folder&itemId=_HkYmMdheEemrQukm66CKkQ', '1', '', 20, '2019-10-28 21:15:33', '2019-10-28 21:15:33'),
(195, 'Cây công việc chi tiết trên hệ thống VECO', 'Trên RTC/VECO', '1', '', 21, '2019-10-28 21:20:13', '2019-10-28 21:20:13'),
(196, '- SW - BRD (Business Requirement Document)', 'N/A', '-1', 'Dự án đề xuất ko xây dựng', 21, '2019-10-28 21:20:13', '2019-10-28 21:20:13'),
(197, '- SW - Cau hoi khao sat', 'N/A', '-1', '', 21, '2019-10-28 21:20:13', '2019-10-28 21:20:13'),
(198, '- SW - Checklist BRD', 'N/A', '-1', '', 21, '2019-10-28 21:20:13', '2019-10-28 21:20:13'),
(199, '- SW - SRS', 'N/A', '0', '', 21, '2019-10-28 21:20:13', '2019-10-28 21:20:13'),
(200, '- SW - Use case', 'https://svn.k2.vht.vn/!/#TT.NCCNChuyenMach.IMS/view/head/2.EVT/1.001-T%C4%90-RDP-DS/2.NCTK/1.SP/1.TKHT/IMS_EVT_TKTT_v1.0.pdf', '1', 'Nội dung trong TKTT', 21, '2019-10-28 21:20:13', '2019-10-28 21:20:13'),
(201, '- SW - RTM', 'N/A', '0', '', 21, '2019-10-28 21:20:13', '2019-10-28 21:20:13'),
(202, '- SW - Checklist SRS', 'N/A', '0', '', 21, '2019-10-28 21:20:13', '2019-10-28 21:20:13'),
(203, '- SW - Checklist Use case', 'N/A', '0', '', 21, '2019-10-28 21:20:13', '2019-10-28 21:20:13'),
(204, '- SW - HLD', 'https://svn.k2.vht.vn/!/#TT.NCCNChuyenMach.IMS/view/head/2.EVT/1.001-T%C4%90-RDP-DS/2.NCTK/1.SP/1.TKHT/IMS_EVT_TKTT_v1.0.pdf', '1', '', 21, '2019-10-28 21:20:13', '2019-10-28 21:20:13'),
(205, '- SW - DbD', 'https://svn.k2.vht.vn/!/#TT.NCCNChuyenMach.IMS/view/head/2.EVT/1.001-T%C4%90-RDP-DS/2.NCTK/1.SP/1.TKHT/IMS_EVT_TKTT_v1.0.pdf', '1', '', 21, '2019-10-28 21:20:13', '2019-10-28 21:20:13'),
(206, '- SW - Ke hoach tich hop san pham', 'https://svn.k2.vht.vn/!/#TT.NCCNChuyenMach.IMS/view/head/2.EVT/1.001-T%C4%90-RDP-DS/1.HSQL/2.KH', '1', '', 21, '2019-10-28 21:20:13', '2019-10-28 21:20:13'),
(207, '- SW - Checklist Tai lieu thiet ke CSDL', 'N/A', '0', '', 21, '2019-10-28 21:20:13', '2019-10-28 21:20:13'),
(208, '- SW - Checklist Tai lieu thiet ke', 'N/A', '0', '', 21, '2019-10-28 21:20:13', '2019-10-28 21:20:13'),
(209, '- SW - DD', 'https://svn.k2.vht.vn/!/#TT.NCCNChuyenMach.IMS/view/head/2.EVT/1.001-T%C4%90-RDP-DS/2.NCTK/1.SP/1.TKHT/IMS_EVT_TKCT_v1.0.pdf', '1', '', 21, '2019-10-28 21:20:13', '2019-10-28 21:20:13'),
(210, '- SW - SyID', 'N/A', '0', '', 21, '2019-10-28 21:20:13', '2019-10-28 21:20:13'),
(211, '- SW - UID', 'N/A', '0', '', 21, '2019-10-28 21:20:13', '2019-10-28 21:20:13'),
(212, '- SW - Test Case', 'https://svn.k2.vht.vn/!/#TT.NCCNChuyenMach.IMS/view/head/2.EVT/1.001-T%C4%90-RDP-DS/2.NCTK/2.IMS/1.SW/4.Test', '1', '', 21, '2019-10-28 21:20:13', '2019-10-28 21:20:13'),
(213, '- SW - Checklist Test case', 'N/A', '0', '', 21, '2019-10-28 21:20:13', '2019-10-28 21:20:13'),
(214, '- SW - Thong bao phat hanh', 'N/A', '-1', '', 21, '2019-10-28 21:20:13', '2019-10-28 21:20:13'),
(215, '- SW - Checklist Thong bao phat hanh', 'N/A', '-1', '', 21, '2019-10-28 21:20:13', '2019-10-28 21:20:13'),
(216, '- SW - Checklist Ma nguon phan mem', 'N/A', '-1', '', 21, '2019-10-28 21:20:13', '2019-10-28 21:20:13'),
(217, 'Mã nguồn đã được tích hợp', 'N/A', '1', '', 21, '2019-10-28 21:20:13', '2019-10-28 21:20:13'),
(218, 'Sản phẩm đã được tích hợp và kiểm thử, ban hành, đóng gói', 'N/A', '1', '', 21, '2019-10-28 21:20:13', '2019-10-28 21:20:13'),
(219, 'Môi trường kiểm tra đã được chuẩn bị sẵn sàng.', 'N/A', '1', '', 21, '2019-10-28 21:20:13', '2019-10-28 21:20:13'),
(220, '- SW - Guideline Quan ly loi', 'N/A', '1', '', 21, '2019-10-28 21:20:13', '2019-10-28 21:20:13'),
(221, '- SW - Defect Log', 'N/A', '1', '', 21, '2019-10-28 21:20:13', '2019-10-28 21:20:13'),
(222, 'Log phát triển phần mềm', 'N/A', '1', '', 21, '2019-10-28 21:20:13', '2019-10-28 21:20:13'),
(223, 'Báo cáo kiểm thử', 'N/A', '0', '', 21, '2019-10-28 21:20:13', '2019-10-28 21:20:13'),
(224, 'Cây công việc chi tiết trên hệ thống VECO', 'Link veco', '1', '', 22, '2019-10-28 21:21:58', '2019-10-28 21:21:58'),
(225, 'Tài liệu yêu cầu thiết kế phần cứng', 'https://svn.k2.vht.vn/!/#TT.NCCNTruyenDan.ONT/view/head/2.EVT/1.004-18-T%C4%90-RDP-DS/2.NCTK/2.ONT/1.HW/HW-Yeu%20Cau%20Thiet%20Ke_ONT.pdf', '1', '', 22, '2019-10-28 21:21:58', '2019-10-28 21:21:58'),
(226, 'Tài liệu yêu cầu thiết kế phần cứng được phê duyệt', 'https://svn.k2.vht.vn/!/#TT.NCCNTruyenDan.ONT/view/head/2.EVT/1.004-18-T%C4%90-RDP-DS/2.NCTK/2.ONT/1.HW/2.TK/1.THIET%20KE%20SO%20DO%20NGUYEN%20LY/ONT_EVT_TTr%20Phe%20duyet%20thiet%20ke%20nguyen%20ly%20va%20BOM%20cho%20ONT%20dual%20band_V01.pdf', '1', '', 22, '2019-10-28 21:21:58', '2019-10-28 21:21:58'),
(227, 'Tài liệu thiết kế kiến trúc', 'https://svn.k2.vht.vn/!/#TT.NCCNTruyenDan.ONT/view/head/2.EVT/1.004-18-T%C4%90-RDP-DS/2.NCTK/2.ONT/1.HW/2.TK/HW-Thiet%20Ke%20Kien%20Truc_ONT.pdf', '1', '', 22, '2019-10-28 21:21:58', '2019-10-28 21:21:58'),
(228, 'Checklist kiểm tra thiết kế kiến trúc', 'https://svn.k2.vht.vn/!/#TT.NCCNTruyenDan.ONT/view/head/2.EVT/1.004-18-T%C4%90-RDP-DS/2.NCTK/2.ONT/1.HW/2.TK/HW%20-%20ChecklistThietKeKienTruc%20ONT.xlsx', '1', '', 22, '2019-10-28 21:21:58', '2019-10-28 21:21:58'),
(229, 'Tài liệu Thiết kế kiến trúc (đã được phê duyệt)', 'https://svn.k2.vht.vn/!/#TT.NCCNTruyenDan.ONT/view/head/2.EVT/1.004-18-T%C4%90-RDP-DS/2.NCTK/2.ONT/1.HW/2.TK/HW-Thiet%20Ke%20Kien%20Truc_ONT.pdf', '1', '', 22, '2019-10-28 21:21:58', '2019-10-28 21:21:58'),
(230, 'Tài liệu phân tích giải pháp thiết kế bo mạch', 'https://svn.k2.vht.vn/!/#TT.NCCNTruyenDan.ONT/view/head/2.EVT/1.004-18-T%C4%90-RDP-DS/2.NCTK/2.ONT/1.HW/2.TK/2.THIET%20KE%20PCB', '1', '', 22, '2019-10-28 21:21:58', '2019-10-28 21:21:58'),
(231, 'Tài liệu phân tích giải pháp thiết kế bo mạch (đã được phê duyệt)', 'https://svn.k2.vht.vn/!/#TT.NCCNTruyenDan.ONT/view/head/2.EVT/1.004-18-T%C4%90-RDP-DS/2.NCTK/2.ONT/1.HW/2.TK/1.THIET%20KE%20SO%20DO%20NGUYEN%20LY/ONT_EVT_TTr%20Phe%20duyet%20thiet%20ke%20nguyen%20ly%20va%20BOM%20cho%20ONT', '1', '', 22, '2019-10-28 21:21:58', '2019-10-28 21:21:58'),
(232, '- HW - YeuCauPhanMemBringUp', 'https://svn.k2.vht.vn/!/#TT.NCCNTruyenDan.ONT/view/head/2.EVT/1.004-18-T%C4%90-RDP-DS/2.NCTK/2.ONT/1.HW/2.TK/HW%20-%20YeuCauPhanMemBringUp_ONT.pdf', '1', '', 22, '2019-10-28 21:21:58', '2019-10-28 21:21:58'),
(233, '- HW - BOM', 'https://svn.k2.vht.vn/!/#TT.NCCNTruyenDan.ONT/view/head/2.EVT/1.004-18-T%C4%90-RDP-DS/2.NCTK/2.ONT/1.HW/2.TK/1.THIET%20KE%20SO%20DO%20NGUYEN%20LY', '1', '', 22, '2019-10-28 21:21:58', '2019-10-28 21:21:58'),
(234, '- HW – ChecklistBOM', 'Chưa hoàn thành', '0', '', 22, '2019-10-28 21:21:58', '2019-10-28 21:21:58'),
(235, '- HW – ChecklistSCH', 'https://svn.k2.vht.vn/!/#TT.NCCNTruyenDan.ONT/view/head/2.EVT/1.004-18-T%C4%90-RDP-DS/2.NCTK/2.ONT/1.HW/2.TK/Checklist%20phan%20cung_SCH_ONT.pdf', '1', '', 22, '2019-10-28 21:21:58', '2019-10-28 21:21:58'),
(236, '- HW – YeuCauGiaCongBoMach', 'https://svn.k2.vht.vn/!/#TT.NCCNTruyenDan.ONT/view/head/2.EVT/1.004-18-T%C4%90-RDP-DS/2.NCTK/2.ONT/1.HW/2.TK/HW%20-%20YeuCauCoKhiShield_ONT.pdf', '1', '', 22, '2019-10-28 21:21:58', '2019-10-28 21:21:58'),
(237, 'Checklist kiểm tra PCB', 'https://svn.k2.vht.vn/!/#TT.NCCNTruyenDan.ONT/view/head/2.EVT/1.004-18-T%C4%90-RDP-DS/2.NCTK/2.ONT/1.HW/2.TK/Checklist%20phan%20cung%20PCB_ONT.pdf', '1', '', 22, '2019-10-28 21:21:58', '2019-10-28 21:21:58'),
(238, '- HW - HuongDanBringup_kiemtra', 'https://svn.k2.vht.vn/!/#TT.NCCNTruyenDan.ONT/view/head/2.EVT/1.004-18-T%C4%90-RDP-DS/2.NCTK/2.ONT/1.HW/2.TK/HW%20-%20HuongDanBringup_kiemtra_ONT.pdf', '1', '', 22, '2019-10-28 21:21:58', '2019-10-28 21:21:58');
INSERT INTO `tai_lieu_quy_trinh` (`id`, `ten`, `link`, `danh_gia`, `ghi_chu`, `kpi_quytrinh_id`, `updated_at`, `created_at`) VALUES
(239, '- HW - ThietKeChiTietBoMach', 'https://svn.k2.vht.vn/!/#TT.NCCNTruyenDan.ONT/view/head/2.EVT/1.004-18-T%C4%90-RDP-DS/2.NCTK/2.ONT/1.HW/2.TK/1.THIET%20KE%20SO%20DO%20NGUYEN%20LY/ONT_EVT_TTr%20Phe%20duyet%20thiet%20ke%20nguyen%20ly%20va%20BOM%20cho%20ONT%20dual%20band_V01.pdf', '1', '', 22, '2019-10-28 21:21:58', '2019-10-28 21:21:58'),
(240, 'Bo mạch', 'Không có link', '1', '', 22, '2019-10-28 21:21:58', '2019-10-28 21:21:58'),
(241, 'Báo cáo bring-up, kiểm tra tính năng và chỉ tiêu kỹ thuật', 'https://svn.k2.vht.vn/!/#TT.NCCNTruyenDan.ONT/view/head/2.EVT/1.004-18-T%C4%90-RDP-DS/2.NCTK/2.ONT/1.HW/4.GCDK/Huong%20dan%20do%20kiem%20phan%20cung%20va%20phan%20mem/K2_TT%20CNTD_To%20trinh%20phe%20duyet%20bai%20do%20nghiem%20thu%20thiet%20bi%20ONT%20theo%20CTKT.pdf', '1', '', 22, '2019-10-28 21:21:58', '2019-10-28 21:21:58'),
(242, 'Báo cáo bring-up, kiểm tra tính năng và chỉ tiêu kỹ thuật (ký duyệt)', 'https://svn.k2.vht.vn/!/#TT.NCCNTruyenDan.ONT/view/head/2.EVT/1.004-18-T%C4%90-RDP-DS/2.NCTK/2.ONT/1.HW/2.TK/HW%20-%20Bao%20cao%20ket%20qua%20bring%20up%20ONT.pdf', '1', '', 22, '2019-10-28 21:21:58', '2019-10-28 21:21:58'),
(243, 'Báo cáo bring-up, kiểm tra tính năng và chỉ tiêu kỹ thuật (được phê duyệt)', 'https://svn.k2.vht.vn/!/#TT.NCCNTruyenDan.ONT/view/head/2.EVT/1.004-18-T%C4%90-RDP-DS/2.NCTK/2.ONT/1.HW/2.TK/HW%20-%20Bao%20cao%20ket%20qua%20bring%20up%20ONT.pdf', '1', '', 22, '2019-10-28 21:21:58', '2019-10-28 21:21:58'),
(244, 'Cây công việc chi tiết trên hệ thống VECO', 'http://plm.vht.vn/projects/thuc-hien_nghien-cuu-phat-trien-tram-phat-song-5g-micro-gnodeb', '1', '', 23, '2019-10-28 21:22:42', '2019-10-28 21:22:42'),
(245, '- SW - SRS', 'https://qlsxpm.vttek.vn/ccm/web/projects/VTTEK_5G%20(Change%20Management)#action=com.ibm.team.scm.browseElement&workspaceItemId=_7HWG4J06EemSepAFsNm78A&componentItemId=_3wxhwJ08EemSepAFsNm78A&itemType=com.ibm.team.scm.Folder&itemId=_zD6gYMr3EemrGK5mWy4Yzg', '0', '', 23, '2019-10-28 21:22:42', '2019-10-28 21:22:42'),
(246, 'Quyết định về việc thực hiện Đề tài', 'https://svn.k2.vht.vn/!/#TT.NCCNChuyenMach.EPC/view/head/2.EVT/1.002-16-T%C4%90-RDP-DS/1.HSQL/1.PD/3.%20%C4%90%E1%BB%81%20t%C3%A0i_B%E1%BA%A3n%20%C4%90%C3%A3%20k%C3%BD%20duy%E1%BB%87t%20(TTr%20ph%C3%AA%20duy%E1%BB%87t)', '1', '', 24, '2019-10-28 21:23:14', '2019-10-28 21:23:14'),
(247, 'Kế hoạch thực hiện đề tài', 'https://svn.k2.vht.vn/!/#TT.NCCNChuyenMach.EPC/view/head/2.EVT/1.002-16-T%C4%90-RDP-DS/1.HSQL/2.KH', '1', '', 24, '2019-10-28 21:23:14', '2019-10-28 21:23:14'),
(248, 'Kế hoạch kick-off', 'Đã qua giai đoạn', '1', '', 24, '2019-10-28 21:23:14', '2019-10-28 21:23:14'),
(249, 'Biên bản họp kick-off meeting', 'Đã qua giai đoạn', '1', '', 24, '2019-10-28 21:23:14', '2019-10-28 21:23:14'),
(250, 'Kế hoạch thực hiện đề tài được phê duyệt', 'https://svn.k2.vht.vn/!/#TT.NCCNChuyenMach.EPC/view/head/2.EVT/1.002-16-T%C4%90-RDP-DS/1.HSQL/2.KH', '1', '', 24, '2019-10-28 21:23:14', '2019-10-28 21:23:14'),
(251, 'Tài liệu thiết kế hệ thống', 'https://svn.k2.vht.vn/!/#TT.NCCNChuyenMach.EPC/view/head/2.EVT/1.002-16-T%C4%90-RDP-DS/2.NCTK/1.SP/1.TKHT', '1', '', 24, '2019-10-28 21:23:14', '2019-10-28 21:23:14'),
(252, 'Chỉ tiêu nội sản phẩm', 'https://svn.k2.vht.vn/!/#TT.NCCNChuyenMach.EPC/view/head/2.EVT/1.002-16-T%C4%90-RDP-DS/1.HSQL/3.BC/Ch%E1%BB%89%20ti%C3%AAu%20k%E1%BB%B9%20thu%E1%BA%ADt', '1', '', 24, '2019-10-28 21:23:14', '2019-10-28 21:23:14'),
(253, 'Sơ đồ khối thiết kế module và giao diện kết nối các khối trong module', 'https://svn.k2.vht.vn/!/#TT.NCCNChuyenMach.EPC/view/head/2.EVT/1.002-16-T%C4%90-RDP-DS/2.NCTK/2.EPC', '1', '', 24, '2019-10-28 21:23:14', '2019-10-28 21:23:14'),
(254, 'Kết quả đo, kiểm tra tính năng, chỉ tiêu kỹ thuật module', 'https://svn.k2.vht.vn/!/#TT.NCCNChuyenMach.EPC/view/head/2.EVT/1.002-16-T%C4%90-RDP-DS/2.NCTK/1.SP/4.KSCL', '1', '', 24, '2019-10-28 21:23:14', '2019-10-28 21:23:14'),
(255, 'Sản phẩm sau khi lắp ráp, hiệu chỉnh', 'Đã tích hợp', '1', '', 24, '2019-10-28 21:23:14', '2019-10-28 21:23:14'),
(256, 'List lỗi trong quá trình lắp ráp và phương án khắc phục', 'danh sách lỗi trên RTC', '1', '', 24, '2019-10-28 21:23:14', '2019-10-28 21:23:14'),
(257, 'Dự thảo tài liệu mô tả sản phẩm', 'https://svn.k2.vht.vn/!/#TT.NCCNChuyenMach.EPC/view/head/2.EVT/1.002-16-T%C4%90-RDP-DS/2.NCTK/1.SP', '1', '', 24, '2019-10-28 21:23:14', '2019-10-28 21:23:14'),
(258, 'Bài đo/phương pháp đo sản phẩm', 'https://svn.k2.vht.vn/!/#TT.NCCNChuyenMach.EPC/view/head/2.EVT/1.002-16-T%C4%90-RDP-DS/1.HSQL/2.KH', '1', '', 24, '2019-10-28 21:23:14', '2019-10-28 21:23:14'),
(259, 'Kết quả đo, kiểm tra tính năng, chỉ tiêu kỹ thuật sản phẩm', 'https://svn.k2.vht.vn/!/#TT.NCCNChuyenMach.EPC/view/head/2.EVT/1.002-16-T%C4%90-RDP-DS/2.NCTK/1.SP/4.KSCL', '1', '', 24, '2019-10-28 21:23:14', '2019-10-28 21:23:14'),
(260, 'Báo cáo kết quả đánh giá ATTT sản phẩm', 'NA', '1', '', 24, '2019-10-28 21:23:14', '2019-10-28 21:23:14'),
(261, 'Yêu cầu thay đổi', 'Không đánh giá', '-1', '', 24, '2019-10-28 21:23:14', '2019-10-28 21:23:14'),
(262, 'Log QLDA', 'Chưa có', '0', '', 24, '2019-10-28 21:23:14', '2019-10-28 21:23:14'),
(263, 'Kế hoạch thử nghiệm thực tế', 'https://svn.k2.vht.vn/!/#TT.NCCNChuyenMach.EPC/view/head/2.EVT/1.002-16-T%C4%90-RDP-DS/1.HSQL/2.KH', '1', '', 24, '2019-10-28 21:23:14', '2019-10-28 21:23:14'),
(264, 'Báo cáo kết quả thử nghiệm tại đơn vị sử dụng', 'https://svn.k2.vht.vn/!/#TT.NCCNChuyenMach.EPC/view/head/2.EVT/1.002-16-T%C4%90-RDP-DS/1.HSQL/2.KH', '1', '', 24, '2019-10-28 21:23:14', '2019-10-28 21:23:14'),
(265, 'Báo cáo đánh giá chất lượng sản phẩm', 'https://svn.k2.vht.vn/!/#TT.NCCNChuyenMach.EPC/view/head/2.EVT/1.002-16-T%C4%90-RDP-DS/2.NCTK/1.SP/4.KSCL', '1', '', 24, '2019-10-28 21:23:14', '2019-10-28 21:23:14'),
(266, 'Báo cáo kết quả nghiên cứu giai đoạn', 'Chưa đến giai đoạn', '-1', '', 24, '2019-10-28 21:23:15', '2019-10-28 21:23:15'),
(267, 'Báo cáo linh kiện', 'Chưa đến giai đoạn', '-1', '', 24, '2019-10-28 21:23:15', '2019-10-28 21:23:15'),
(268, 'Bảng chấm công theo công việc', 'Chưa đến giai đoạn', '-1', '', 24, '2019-10-28 21:23:15', '2019-10-28 21:23:15'),
(269, 'Báo cáo phân bổ chi phí nhân công theo nhân sự', 'Chưa đến giai đoạn', '-1', '', 24, '2019-10-28 21:23:15', '2019-10-28 21:23:15'),
(270, 'Bảng Tổng hợp chi phí nhân công theo nhân sự', 'Chưa đến giai đoạn', '-1', '', 24, '2019-10-28 21:23:15', '2019-10-28 21:23:15'),
(271, '1. Bộ tài liệu thiết kế hệ thống', 'https://svn.k2.vht.vn/!/#TT.NCCNChuyenMach.EPC/view/head/2.EVT/1.002-16-T%C4%90-RDP-DS/2.NCTK/1.SP/', '1', '', 24, '2019-10-28 21:23:15', '2019-10-28 21:23:15'),
(272, '2. Chỉ tiêu nội: Chỉ tiêu, tính năng kỹ thuật sản phẩm', 'https://svn.k2.vht.vn/!/#TT.NCCNChuyenMach.EPC/view/head/2.EVT/1.002-16-T%C4%90-RDP-DS/2.NCTK/1.SP/', '1', '', 24, '2019-10-28 21:23:15', '2019-10-28 21:23:15'),
(273, '3. Bài đo phương pháp đo chỉ tiêu nội', 'https://svn.k2.vht.vn/!/#TT.NCCNChuyenMach.EPC/view/head/2.EVT/1.002-16-T%C4%90-RDP-DS/2.NCTK/1.SP/', '1', '', 24, '2019-10-28 21:23:15', '2019-10-28 21:23:15'),
(274, '4. Bảng đánh giá đo kiểm chỉ tiêu nội', 'https://svn.k2.vht.vn/!/#TT.NCCNChuyenMach.EPC/view/head/2.EVT/1.002-16-T%C4%90-RDP-DS/2.NCTK/1.SP/', '1', '', 24, '2019-10-28 21:23:15', '2019-10-28 21:23:15'),
(275, '5. Bộ tài liệu thiết kế chi tiết các module thành phần', 'https://svn.k2.vht.vn/!/#TT.NCCNChuyenMach.EPC/view/head/2.EVT/1.002-16-T%C4%90-RDP-DS/2.NCTK/2.EPC', '1', '', 24, '2019-10-28 21:23:15', '2019-10-28 21:23:15'),
(276, '6. Bài đo phương pháp kiểm tra các module cấu thành sản phẩm', 'không có', '-1', '', 24, '2019-10-28 21:23:15', '2019-10-28 21:23:15'),
(277, '7. Bảng đánh giá đo kiểm chỉ tiêu module', 'https://svn.k2.vht.vn/!/#TT.NCCNChuyenMach.EPC/view/head/2.EVT/1.002-16-T%C4%90-RDP-DS/2.NCTK/2.EPC', '1', '', 24, '2019-10-28 21:23:15', '2019-10-28 21:23:15'),
(278, '8. Hồ sơ quản lý điều chỉnh thiết kế', 'không có', '-1', '', 24, '2019-10-28 21:23:15', '2019-10-28 21:23:15'),
(279, '9. Bộ tài liệu báo cáo giai đoạn nghiên cứu', 'Chưa đến giai đoạn', '-1', '', 24, '2019-10-28 21:23:15', '2019-10-28 21:23:15'),
(280, 'Cây công việc chi tiết trên hệ thống VECO', 'http://plm.vht.vn/projects/thuc-hien_nghien-cuu-phat-trien-tram-phat-song-5g-micro-gnodeb', '1', '', 26, '2019-10-28 21:23:29', '2019-10-28 21:23:29'),
(281, '- SW - SRS', 'https://qlsxpm.vttek.vn/ccm/web/projects/VTTEK_5G%20(Change%20Management)#action=com.ibm.team.scm.browseElement&workspaceItemId=_7HWG4J06EemSepAFsNm78A&componentItemId=_3wxhwJ08EemSepAFsNm78A&itemType=com.ibm.team.scm.Folder&itemId=_ODLAgOEPEemlA5zwX1UfCg', '0', '', 26, '2019-10-28 21:23:29', '2019-10-28 21:23:29'),
(282, 'Cây công việc chi tiết trên hệ thống VECO', 'http://plm.vht.vn/projects/thuc-hien_nghien-cuu-phat-trien-tram-phat-song-5g-micro-gnodeb', '1', '', 27, '2019-10-28 21:27:25', '2019-10-28 21:27:25'),
(283, '- SW - SRS', 'https://qlsxpm.vttek.vn/ccm/web/projects/VTTEK_5G%20(Change%20Management)#action=com.ibm.team.scm.browseElement&workspaceItemId=_7HWG4J06EemSepAFsNm78A&componentItemId=_3wxhwJ08EemSepAFsNm78A&itemType=com.ibm.team.scm.Folder&itemId=_UpPQ4eTFEemlA5zwX1UfCg', '1', '', 27, '2019-10-28 21:27:25', '2019-10-28 21:27:25'),
(284, '- SW - Use case', 'https://qlsxpm.vttek.vn/ccm/web/projects/VTTEK_5G%20(Change%20Management)#action=com.ibm.team.scm.browseElement&workspaceItemId=_7HWG4J06EemSepAFsNm78A&componentItemId=_3wxhwJ08EemSepAFsNm78A&itemType=com.ibm.team.scm.Folder&itemId=_UpPQ4eTFEemlA5zwX1UfCg', '1', '', 27, '2019-10-28 21:27:25', '2019-10-28 21:27:25'),
(285, '- SW - HLD', 'https://qlsxpm.vttek.vn/ccm/web/projects/VTTEK_5G%20(Change%20Management)#action=com.ibm.team.scm.browseElement&workspaceItemId=_7HWG4J06EemSepAFsNm78A&componentItemId=_3wxhwJ08EemSepAFsNm78A&itemType=com.ibm.team.scm.Folder&itemId=_Ve-mEeTFEemlA5zwX1UfCg', '1', '', 27, '2019-10-28 21:27:25', '2019-10-28 21:27:25'),
(286, 'Cây công việc chi tiết trên hệ thống VECO', 'VECO', '1', '', 28, '2019-10-28 21:33:37', '2019-10-28 21:33:37'),
(287, '- SW - BRD (Business Requirement Document)', 'chưa xây dựng', '0', '', 28, '2019-10-28 21:33:37', '2019-10-28 21:33:37'),
(288, '- SW - Cau hoi khao sat', 'chưa xây dựng', '-1', '', 28, '2019-10-28 21:33:37', '2019-10-28 21:33:37'),
(289, '- SW - Checklist BRD', 'chưa xây dựng', '0', '', 28, '2019-10-28 21:33:37', '2019-10-28 21:33:37'),
(290, '- SW - SRS', 'https://svn.k2.vht.vn/!/#TT.NCCNChuyenMach.EPC/view/head/2.EVT/1.002-16-T%C4%90-RDP-DS/2.NCTK/1.SP', '1', '', 28, '2019-10-28 21:33:37', '2019-10-28 21:33:37'),
(291, '- SW - Use case', 'chưa xây dựng', '0', '', 28, '2019-10-28 21:33:37', '2019-10-28 21:33:37'),
(292, '- SW - RTM', 'chưa xây dựng', '0', '', 28, '2019-10-28 21:33:37', '2019-10-28 21:33:37'),
(293, '- SW - Checklist SRS', 'Không có', '-1', '', 28, '2019-10-28 21:33:37', '2019-10-28 21:33:37'),
(294, '- SW - Checklist Use case', 'Không có', '-1', '', 28, '2019-10-28 21:33:37', '2019-10-28 21:33:37'),
(295, '- SW - HLD', 'https://svn.k2.vht.vn/!/#TT.NCCNChuyenMach.EPC/view/head/2.EVT/1.002-16-T%C4%90-RDP-DS/2.NCTK/1.SP', '1', '', 28, '2019-10-28 21:33:37', '2019-10-28 21:33:37'),
(296, '- SW - DbD', 'https://svn.k2.vht.vn/!/#TT.NCCNChuyenMach.EPC/view/head/2.EVT/1.002-16-T%C4%90-RDP-DS/2.NCTK/1.SP', '1', '', 28, '2019-10-28 21:33:37', '2019-10-28 21:33:37'),
(297, '- SW - Ke hoach tich hop san pham', 'https://svn.k2.vht.vn/!/#TT.NCCNChuyenMach.EPC/view/head/2.EVT/1.002-16-T%C4%90-RDP-DS/1.HSQL/2.KH', '1', '', 28, '2019-10-28 21:33:37', '2019-10-28 21:33:37'),
(298, '- SW - Checklist Tai lieu thiet ke CSDL', 'https://svn.k2.vht.vn/!/#TT.NCCNChuyenMach.EPC/view/head/2.EVT/1.002-16-T%C4%90-RDP-DS/2.NCTK/2.EPC', '1', '', 28, '2019-10-28 21:33:37', '2019-10-28 21:33:37'),
(299, '- SW - Checklist Tai lieu thiet ke', 'Không có', '-1', '', 28, '2019-10-28 21:33:37', '2019-10-28 21:33:37'),
(300, '- SW - DD', 'https://svn.k2.vht.vn/!/#TT.NCCNChuyenMach.EPC/view/head/2.EVT/1.002-16-T%C4%90-RDP-DS/2.NCTK/2.EPC', '1', '', 28, '2019-10-28 21:33:37', '2019-10-28 21:33:37'),
(301, '- SW - SyID', 'Không có', '-1', '', 28, '2019-10-28 21:33:37', '2019-10-28 21:33:37'),
(302, '- SW - UID', 'Không có', '-1', '', 28, '2019-10-28 21:33:37', '2019-10-28 21:33:37'),
(303, '- SW - Test Case', 'https://svn.k2.vht.vn/!/#TT.NCCNChuyenMach.EPC/view/head/2.EVT/1.002-16-T%C4%90-RDP-DS/2.NCTK/1.SP/4.KSCL', '1', '', 28, '2019-10-28 21:33:37', '2019-10-28 21:33:37'),
(304, '- SW - Checklist Test case', 'https://svn.k2.vht.vn/!/#TT.NCCNChuyenMach.EPC/view/head/2.EVT/1.002-16-T%C4%90-RDP-DS/2.NCTK/1.SP/4.KSCL', '1', '', 28, '2019-10-28 21:33:37', '2019-10-28 21:33:37'),
(305, '- SW - Thong bao phat hanh', 'mail', '1', '', 28, '2019-10-28 21:33:37', '2019-10-28 21:33:37'),
(306, '- SW - Checklist Thong bao phat hanh', 'mail', '1', '', 28, '2019-10-28 21:33:37', '2019-10-28 21:33:37'),
(307, '- SW - Checklist Ma nguon phan mem', 'mail', '1', '', 28, '2019-10-28 21:33:37', '2019-10-28 21:33:37'),
(308, 'Mã nguồn đã được tích hợp', 'Đã tích hợp', '1', '', 28, '2019-10-28 21:33:37', '2019-10-28 21:33:37'),
(309, 'Sản phẩm đã được tích hợp và kiểm thử, ban hành, đóng gói', 'Hoàn thành', '1', '', 28, '2019-10-28 21:33:37', '2019-10-28 21:33:37'),
(310, 'Môi trường kiểm tra đã được chuẩn bị sẵn sàng.', 'Đã chuẩn bị môi trường', '1', '', 28, '2019-10-28 21:33:37', '2019-10-28 21:33:37'),
(311, '- SW - Guideline Quan ly loi', 'https://svn.k2.vht.vn/!/#TT.NCCNChuyenMach.EPC/view/head/2.EVT/1.002-16-T%C4%90-RDP-DS/2.NCTK/1.SP/4.KSCL', '1', '', 28, '2019-10-28 21:33:37', '2019-10-28 21:33:37'),
(312, '- SW - Defect Log', 'Log RTC', '1', '', 28, '2019-10-28 21:33:37', '2019-10-28 21:33:37'),
(313, 'Log phát triển phần mềm', 'Không có', '0', '', 28, '2019-10-28 21:33:37', '2019-10-28 21:33:37'),
(314, 'Báo cáo kiểm thử', 'https://svn.k2.vht.vn/!/#TT.NCCNChuyenMach.EPC/view/head/2.EVT/1.002-16-T%C4%90-RDP-DS/2.NCTK/1.SP/4.KSCL', '1', '', 28, '2019-10-28 21:33:37', '2019-10-28 21:33:37'),
(315, 'Cây công việc chi tiết trên hệ thống VECO', 'Kiểm tra trên Veco', '1', '', 29, '2019-10-28 22:02:47', '2019-10-28 22:02:47'),
(316, '- SW - BRD (Business Requirement Document)', 'Chưa hoàn thành', '0', '', 29, '2019-10-28 22:02:47', '2019-10-28 22:02:47'),
(317, '- SW - Cau hoi khao sat', 'Chưa hoàn thành', '-1', 'Trong check list chấm điểm không có yêu càu mục này', 29, '2019-10-28 22:02:47', '2019-10-28 22:02:47'),
(318, '- SW - Checklist BRD', 'Chưa hoàn thành', '0', '', 29, '2019-10-28 22:02:47', '2019-10-28 22:02:47'),
(319, '- SW - SRS', 'https://svn.k2.vht.vn/!/#TT.NCCNTruyenDan.ONT/view/head/2.EVT/1.004-18-T%C4%90-RDP-DS/2.NCTK/2.ONT/3.SW/1.YC', '1', '', 29, '2019-10-28 22:02:47', '2019-10-28 22:02:47'),
(320, '- SW - Use case', 'https://svn.k2.vht.vn/!/#TT.NCCNTruyenDan.ONT/view/head/2.EVT/1.004-18-T%C4%90-RDP-DS/2.NCTK/2.ONT/3.SW/1.YC/ONT_EVT_UseCase_V0.1.pdf', '1', '', 29, '2019-10-28 22:02:47', '2019-10-28 22:02:47'),
(321, '- SW - RTM', 'https://svn.k2.vht.vn/!/#TT.NCCNTruyenDan.ONT/view/head/2.EVT/1.004-18-T%C4%90-RDP-DS/2.NCTK/2.ONT/3.SW/1.YC/190726_ONT_EVT_RTM_v0.3.xlsx', '1', '', 29, '2019-10-28 22:02:47', '2019-10-28 22:02:47'),
(322, '- SW - Checklist SRS', 'Chưa hoàn thành', '-1', 'Trong check list chấm điểm không có yêu càu mục này', 29, '2019-10-28 22:02:47', '2019-10-28 22:02:47'),
(323, '- SW - Checklist Use case', 'Chưa hoàn thành', '-1', 'Trong check list chấm điểm không có yêu càu mục này', 29, '2019-10-28 22:02:47', '2019-10-28 22:02:47'),
(324, '- SW - HLD', 'https://svn.k2.vht.vn/!/#TT.NCCNTruyenDan.ONT/view/head/2.EVT/1.004-18-T%C4%90-RDP-DS/2.NCTK/2.ONT/3.SW/2.TK/ONT_EVT_HLD_V0.1.pdf', '1', '', 29, '2019-10-28 22:02:47', '2019-10-28 22:02:47'),
(325, '- SW - DbD', 'Chưa hoàn thành', '-1', 'Trong check list chấm điểm không có yêu càu mục này', 29, '2019-10-28 22:02:47', '2019-10-28 22:02:47'),
(326, '- SW - Ke hoach tich hop san pham', 'Chưa hoàn thành', '-1', 'Trong check list chấm điểm không có yêu càu mục này', 29, '2019-10-28 22:02:47', '2019-10-28 22:02:47'),
(327, '- SW - Checklist Tai lieu thiet ke CSDL', 'Chưa hoàn thành', '-1', 'Trong check list chấm điểm không có yêu càu mục này', 29, '2019-10-28 22:02:47', '2019-10-28 22:02:47'),
(328, '- SW - Checklist Tai lieu thiet ke', 'Chưa hoàn thành', '-1', 'Trong check list chấm điểm không có yêu càu mục này', 29, '2019-10-28 22:02:47', '2019-10-28 22:02:47'),
(329, '- SW - DD', 'https://svn.k2.vht.vn/!/#TT.NCCNTruyenDan.ONT/view/head/2.EVT/1.004-18-T%C4%90-RDP-DS/2.NCTK/2.ONT/3.SW/2.TK', '1', '', 29, '2019-10-28 22:02:47', '2019-10-28 22:02:47'),
(330, '- SW - SyID', 'Chưa hoàn thành', '-1', 'Trong check list chấm điểm không có yêu càu mục này', 29, '2019-10-28 22:02:47', '2019-10-28 22:02:47'),
(331, '- SW - UID', 'https://svn.k2.vht.vn/!/#TT.NCCNTruyenDan.ONT/view/head/2.EVT/1.004-18-T%C4%90-RDP-DS/2.NCTK/2.ONT/3.SW/2.TK', '1', '', 29, '2019-10-28 22:02:47', '2019-10-28 22:02:47'),
(332, '- SW - Test Case', 'https://svn.k2.vht.vn/!/#TT.NCCNTruyenDan.ONT/view/head/2.EVT/1.004-18-T%C4%90-RDP-DS/2.NCTK/2.ONT/7.DK', '1', '', 29, '2019-10-28 22:02:47', '2019-10-28 22:02:47'),
(333, '- SW - Checklist Test case', 'Chưa hoàn thành', '-1', 'Trong check list chấm điểm không có yêu càu mục này', 29, '2019-10-28 22:02:47', '2019-10-28 22:02:47'),
(334, '- SW - Thong bao phat hanh', 'Chưa hoàn thành', '-1', 'Trong check list chấm điểm không có yêu càu mục này', 29, '2019-10-28 22:02:47', '2019-10-28 22:02:47'),
(335, '- SW - Checklist Thong bao phat hanh', 'Chưa hoàn thành', '-1', 'Trong check list chấm điểm không có yêu càu mục này', 29, '2019-10-28 22:02:47', '2019-10-28 22:02:47'),
(336, '- SW - Checklist Ma nguon phan mem', 'Chưa hoàn thành', '-1', 'Trong check list chấm điểm không có yêu càu mục này', 29, '2019-10-28 22:02:47', '2019-10-28 22:02:47'),
(337, 'Mã nguồn đã được tích hợp', 'Không cần link', '1', 'Phỏng vấn trưởng nhóm phần mềm', 29, '2019-10-28 22:02:47', '2019-10-28 22:02:47'),
(338, 'Sản phẩm đã được tích hợp và kiểm thử, ban hành, đóng gói', 'Không cần link', '1', 'Phỏng vấn trưởng nhóm phần mềm', 29, '2019-10-28 22:02:47', '2019-10-28 22:02:47'),
(339, 'Môi trường kiểm tra đã được chuẩn bị sẵn sàng.', 'Không cần link', '1', 'Phỏng vấn kỹ sư phần mềm', 29, '2019-10-28 22:02:47', '2019-10-28 22:02:47'),
(340, '- SW - Guideline Quan ly loi', 'Không cần Link', '1', '', 29, '2019-10-28 22:02:47', '2019-10-28 22:02:47'),
(341, '- SW - Defect Log', 'Kiểm tra trên Jira', '1', '', 29, '2019-10-28 22:02:47', '2019-10-28 22:02:47'),
(342, 'Log phát triển phần mềm', 'Kiểm tra trên Jira', '1', '', 29, '2019-10-28 22:02:47', '2019-10-28 22:02:47'),
(343, 'Báo cáo kiểm thử', 'Chưa đến giai đoạn', '-1', '', 29, '2019-10-28 22:02:47', '2019-10-28 22:02:47');

-- --------------------------------------------------------

--
-- Cấu trúc bảng cho bảng `tuy_chon`
--

CREATE TABLE `tuy_chon` (
  `id` int(11) NOT NULL,
  `ten` text COLLATE utf8mb4_vietnamese_ci NOT NULL,
  `mo_ta` text COLLATE utf8mb4_vietnamese_ci
) ENGINE=InnoDB DEFAULT CHARSET=utf8mb4 COLLATE=utf8mb4_vietnamese_ci;

--
-- Đang đổ dữ liệu cho bảng `tuy_chon`
--

INSERT INTO `tuy_chon` (`id`, `ten`, `mo_ta`) VALUES
(1, 'viec_duoc_giao', 'Việc được giao'),
(2, 'viec_hoan_thanh_dung_han', 'Việc hoàn thành đúng hạn'),
(3, 'viec_hoan_thanh_khong_dung_han', 'Việc hoàn thành không đúng hạn'),
(4, 'viec_chua_hoan_thanh', 'Việc chưa hoàn thành'),
(5, 'viec_dang_thuc_hien', 'Việc đang thực hiện'),
(6, 'viec_tu_choi', 'Việc từ chối'),
(7, 'viec_tam_dung', 'Việc tạm dừng'),
(8, 'viec_khoi_tao_moi', 'Việc khởi tạo mới'),
(9, 'viec_cho_duyet', 'Việc chờ duyệt'),
(10, 'viec_de_nghi_dung', 'Việc đề nghị dừng'),
(11, 'viec_vuong_mac_de_xuat', 'Việc vướng mắc đề xuất'),
(12, 'viec_khac', 'Việc khác'),
(13, 'van_ban_ky', 'Số văn bản ký quá 4h làm việc'),
(14, 'don_nghi_phep', 'Số đơn xin nghỉ phép'),
(15, 'khong_cap_nhat', 'Số người không cập nhật công viêc trong tuần'),
(16, 'nhiem-vu-TGD-giao', 'Nhiệm vụ TGĐ giao'),
(17, 'nhiem-vu-PTGD-giao', 'Nhiệm vụ PTGĐ giao'),
(18, 'ket-luan-TD', 'Kết luận TĐ'),
(19, 'ket-luan-TCT', 'Kết luận TCT'),
(20, 'ket-luan-K2', 'Kết luận Khối 2'),
(21, 'ket-luan-qua-han-TD', 'Kết luận quá hạn TĐ'),
(22, 'ket-luan-qua-han-TCT', 'Kết luận quá hạn TCT'),
(23, 'ket-luan-qua-han-K2', 'Kết luận quá hạn Khối 2'),
(24, 'viec_hoan_thanh_dung_han_thang', 'Số việc hoàn thành đúng hạn trong tháng'),
(25, 'viec_hoan_thanh_khong_dung_han_thang', 'Số việc hoàn thành không đúng hạn trong tháng'),
(26, 'viec_duoc_giao_thang', 'Việc được giao theo tháng'),
(27, 'total_estimated_hours', 'Tổng thời gian dự kiến'),
(28, 'Pi2', 'Tỷ lệ ĐT,DA được đánh giá'),
(29, 'Pi3', 'Tỷ lệ ĐT,DA được audit'),
(30, 'Pi4', 'Tỷ lệ ĐT,DA có mức tuân thủ thấp'),
(31, 'Pi5', 'Mức độ ĐT,DA tuân thủ trung bình');

-- --------------------------------------------------------

--
-- Cấu trúc bảng cho bảng `user`
--

CREATE TABLE `user` (
  `id` int(11) NOT NULL,
  `ten` text COLLATE utf8mb4_vietnamese_ci NOT NULL,
  `khoi` int(11) NOT NULL,
  `login` int(11) DEFAULT NULL
) ENGINE=InnoDB DEFAULT CHARSET=utf8mb4 COLLATE=utf8mb4_vietnamese_ci;

--
-- Đang đổ dữ liệu cho bảng `user`
--

INSERT INTO `user` (`id`, `ten`, `khoi`, `login`) VALUES
(1, 'Nguyễn Vũ Hà', 0, NULL),
(2, 'Nguyễn Cương Hoàng', 0, NULL),
(3, 'Đỗ Thanh Hải', 0, NULL),
(4, 'Nguyễn Minh Quang', 0, NULL),
(5, 'Đào Vũ Kiên', 0, NULL),
(6, 'Hà Mạnh Thắng', 1, NULL),
(7, 'Nguyễn Thái Bình', 1, NULL),
(8, 'Vũ Việt Tiến', 1, NULL),
(9, 'Tống Thanh Sơn', 1, NULL),
(10, 'Trần Vũ Hợp', 1, NULL),
(11, 'Khương Duy', 1, NULL),
(12, 'Nguyễn Văn Hải', 1, NULL),
(13, 'Nguyễn Trung Kiên', 1, NULL),
(14, 'Vũ Minh Tuấn', 1, NULL),
(15, 'Dương Anh Trà', 1, NULL),
(16, 'Phạm Huy Tường', 1, NULL),
(17, 'Nguyễn Mạnh Linh', 1, NULL),
(18, 'Nguyễn Trần Nam', 1, NULL),
(19, 'Phạm Đình Hưng', 1, NULL),
(20, 'Vũ Thị Dương Hùng Hoàn', 1, NULL),
(21, 'Lê Trần Sự', 1, NULL),
(22, 'Phạm Xuân Hải', 1, NULL),
(23, 'Vũ Ngọc Vinh', 1, NULL),
(24, 'Vũ Tuấn Đức', 2, NULL),
(25, 'Lê Trường Giang', 2, NULL),
(26, 'Nguyễn Thị Nga', 2, NULL),
(27, 'Chu Thái Bảo', 2, NULL),
(28, 'Phan Thanh Trung', 2, NULL),
(29, 'Nguyễn Văn Quang', 2, NULL),
(30, 'Trần Văn Hưởng', 2, NULL),
(31, 'Hồ Trọng Hiếu', 2, NULL),
(32, 'Nguyễn Đức Hải', 2, NULL),
(33, 'Đinh Viết Quân', 2, NULL),
(34, 'Nguyễn Thị Kim Luyến', 2, NULL),
(35, 'Vũ Đức Chính', 2, NULL),
(36, 'Lương Văn Toản', 2, NULL),
(37, 'Hoàng Đinh Hải Truyền', 2, NULL),
(38, 'Lê Văn Hiên', 2, NULL),
(39, 'Nguyễn Chí Linh', 2, NULL),
(40, 'Nguyễn Đức Huy', 2, NULL),
(41, 'Nguyễn Hạc Tú', 2, NULL),
(42, 'Nguyễn Mạnh Quý', 2, NULL),
(43, 'Nguyễn Việt Thắng', 2, NULL),
(44, 'Phạm Tuấn Anh', 2, NULL),
(45, 'Nguyễn Xuân Phương', 4, NULL),
(46, 'Hoàng Công Tú', 4, NULL),
(47, 'Mai Gia Hà', 4, NULL),
(48, 'Dương Đình Hải', 4, NULL),
(49, 'Tăng Trường Sơn', 4, NULL),
(50, 'Nguyễn Thị Hiên', 4, NULL),
(51, 'Phan Sỹ Nhân', 4, NULL),
(52, 'Nguyễn Văn Tuân', 4, NULL),
(53, 'Phạm Duy Lập', 4, NULL),
(54, 'Vũ Tú Quỳnh', 4, NULL),
(55, 'Lê Triều Dương', 4, NULL),
(56, 'Nguyễn Hồng Khánh', 4, NULL),
(57, 'Nguyễn Thị Thúy Điệp', 4, NULL),
(58, 'Tạ Hồng Cương', 4, NULL),
(59, 'Nguyễn Công Dũng', 4, NULL),
(60, 'Nguyễn Gia Vinh', 4, NULL),
(61, 'Phạm Phương Chi', 4, NULL),
(62, 'Trần Trung Trực', 4, NULL);

-- --------------------------------------------------------

--
-- Cấu trúc bảng cho bảng `users`
--

CREATE TABLE `users` (
  `id` bigint(20) UNSIGNED NOT NULL,
  `name` varchar(255) COLLATE utf8mb4_unicode_ci NOT NULL,
  `email` varchar(255) COLLATE utf8mb4_unicode_ci NOT NULL,
  `email_verified_at` timestamp NULL DEFAULT NULL,
  `password` varchar(255) COLLATE utf8mb4_unicode_ci NOT NULL,
  `remember_token` varchar(100) COLLATE utf8mb4_unicode_ci DEFAULT NULL,
  `created_at` timestamp NULL DEFAULT NULL,
  `updated_at` timestamp NULL DEFAULT NULL
) ENGINE=InnoDB DEFAULT CHARSET=utf8mb4 COLLATE=utf8mb4_unicode_ci;

--
-- Đang đổ dữ liệu cho bảng `users`
--

INSERT INTO `users` (`id`, `name`, `email`, `email_verified_at`, `password`, `remember_token`, `created_at`, `updated_at`) VALUES
(1, 'hoangpm7', 'hoangpm7', NULL, '$2y$10$OiYJgYmt1OvLkrWrHLxJ4OqpCZ3a9WMfqXyQPm6cbPLO23wVuJ0P6', NULL, '2019-09-16 19:56:18', '2019-09-18 03:52:20'),
(2, 'tuanha35', 'tuanha35', NULL, '$2y$10$ZcHTW1vjEAkAj1fHNnfUnOshhNeEKarzVhdvbJRdLgGyGh9Ok50ES', NULL, '2019-09-16 19:56:18', '2019-09-16 19:56:18'),
(3, 'anhpnq', 'anhpnq', NULL, '$2y$10$ez9fu4YNF6bFNfuhnw4fPePApyTEd2VC1ke.0PLZMzuKnoHWIC1G6', NULL, '2019-09-16 19:56:18', '2019-09-16 19:56:18'),
(4, 'dungnt125', 'dungnt125', NULL, '$2y$10$3g.SejTcIW0uZCut0Yjoxutt.dijb10YgwesH8vi/80pikChzGqHe', NULL, '2019-09-16 19:56:19', '2019-09-22 20:40:37'),
(5, 'anhlp5', 'anhlp5', NULL, '$2y$10$YbV//T7abQ08HmMR.VSHjOqOMahsiMvmwFfufy/Z6iliTnTo6kxUC', NULL, '2019-09-16 19:56:19', '2019-09-16 19:56:19'),
(6, 'giangptt', 'giangptt', NULL, '$2y$10$.2TixxART5rzfSnForvmFu6sDpvPGxpK3gMkZSAtBXOskHK4nIn9i', NULL, '2019-09-16 19:56:19', '2019-09-16 19:56:19'),
(7, 'hangpt5', 'hangpt5', NULL, '$2y$10$1eJ46TpBRLRdK0G98p6uRewLdiFAVCTFpdrAatPqtqd78os.o9..i', NULL, '2019-09-16 19:56:19', '2019-09-16 19:56:19'),
(8, 'hoanpt1', 'hoanpt1', NULL, '$2y$10$fYoThQAoRn75czRPNN399uO8FeNljV3RnstGRJt.QDbwSdAME1y9q', NULL, '2019-09-16 19:56:19', '2019-09-16 19:56:19'),
(9, 'hongnt45', 'hongnt45', NULL, '$2y$10$KCkido43Za.ykSsysH4roeq8LgLuE6Cy4fxOThPtcoXb5vpphqkHK', NULL, '2019-09-16 19:56:20', '2019-09-16 19:56:20'),
(10, 'namph2', 'namph2', NULL, '$2y$10$jZOCb8i10Flztv.0v7hanOTKwJbwq.fB2p4qiJJVsKA4MWGJa8UJC', NULL, '2019-09-16 19:56:20', '2019-09-16 19:56:20'),
(11, 'ngant10', 'ngant10', NULL, '$2y$10$S4QbyrX0fOXSHsWjOfi7.uJXWJHCIEYpUGKp0AlJ6GDv4TEbVFKl2', NULL, '2019-09-16 19:56:20', '2019-09-16 19:56:20'),
(12, 'thanghm', 'thanghm', NULL, '$2y$10$UZwe83yj76Fdh8vSdzuMrOK2p0tjHCuKzFRrHC7Z3sdKm8RwIPZAy', NULL, '2019-09-16 19:56:20', '2019-09-16 19:56:20'),
(13, 'tuanld', 'tuanld', NULL, '$2y$10$irSezVIEo202j4PglaNeYe9wRXKdK6x.ZYUFFM99Nnxsc1KYby262', NULL, '2019-09-16 19:56:20', '2019-09-16 19:56:20'),
(14, 'lienvt1', 'lienvt1', NULL, '$2y$10$ck4Hq0Zkl3vyl1V26swHZu4bm1TmiWuAC0SYD7IyAhs4YDgBn7qTW', NULL, '2019-09-16 19:56:20', '2019-09-16 19:56:20'),
(15, 'QA-admin', 'admin', NULL, '$2y$10$C6lI8BQQBEB30aECPHYzOOBAV8ZGSEXh/qalobaVQKO6cUyt/JHqu', NULL, '2019-09-18 02:54:33', '2019-10-07 18:40:57');

-- --------------------------------------------------------

--
-- Cấu trúc bảng cho bảng `users_permissions`
--

CREATE TABLE `users_permissions` (
  `user_id` int(10) UNSIGNED NOT NULL,
  `permission_id` int(10) UNSIGNED NOT NULL
) ENGINE=InnoDB DEFAULT CHARSET=utf8mb4 COLLATE=utf8mb4_unicode_ci;

-- --------------------------------------------------------

--
-- Cấu trúc bảng cho bảng `users_roles`
--

CREATE TABLE `users_roles` (
  `user_id` int(10) UNSIGNED NOT NULL,
  `role_id` int(10) UNSIGNED NOT NULL
) ENGINE=InnoDB DEFAULT CHARSET=utf8mb4 COLLATE=utf8mb4_unicode_ci;

--
-- Đang đổ dữ liệu cho bảng `users_roles`
--

INSERT INTO `users_roles` (`user_id`, `role_id`) VALUES
(1, 1),
(2, 2),
(3, 2),
(4, 2),
(5, 2),
(6, 2),
(7, 2),
(8, 2),
(9, 2),
(10, 2),
(11, 2),
(12, 2),
(13, 2),
(14, 2),
(15, 3);

--
-- Chỉ mục cho các bảng đã đổ
--

--
-- Chỉ mục cho bảng `chi_so_pi`
--
ALTER TABLE `chi_so_pi`
  ADD PRIMARY KEY (`id`);

--
-- Chỉ mục cho bảng `chi_so_veco`
--
ALTER TABLE `chi_so_veco`
  ADD PRIMARY KEY (`id`),
  ADD KEY `don_vi_id` (`don_vi_id`),
  ADD KEY `tuy_chon_id` (`tuy_chon_id`);

--
-- Chỉ mục cho bảng `chi_so_voffice`
--
ALTER TABLE `chi_so_voffice`
  ADD PRIMARY KEY (`id`),
  ADD KEY `user_id` (`user_id`),
  ADD KEY `tuy_chon_id` (`tuy_chon_id`);

--
-- Chỉ mục cho bảng `don_vi`
--
ALTER TABLE `don_vi`
  ADD PRIMARY KEY (`id`);

--
-- Chỉ mục cho bảng `du_an`
--
ALTER TABLE `du_an`
  ADD PRIMARY KEY (`id`);

--
-- Chỉ mục cho bảng `kpi_quytrinh`
--
ALTER TABLE `kpi_quytrinh`
  ADD PRIMARY KEY (`id`),
  ADD KEY `quy_trinh_id` (`quy_trinh_id`),
  ADD KEY `du_an_id` (`du_an_id`);

--
-- Chỉ mục cho bảng `kpi_quytrinh_test`
--
ALTER TABLE `kpi_quytrinh_test`
  ADD PRIMARY KEY (`id`),
  ADD KEY `quy_trinh_id` (`quy_trinh_id`),
  ADD KEY `du_an_id` (`du_an_id`);

--
-- Chỉ mục cho bảng `kpi_veco`
--
ALTER TABLE `kpi_veco`
  ADD PRIMARY KEY (`id`),
  ADD KEY `don_vi_id` (`don_vi_id`),
  ADD KEY `tuy_chon_id` (`tuy_chon_id`);

--
-- Chỉ mục cho bảng `migrations`
--
ALTER TABLE `migrations`
  ADD PRIMARY KEY (`id`);

--
-- Chỉ mục cho bảng `modules`
--
ALTER TABLE `modules`
  ADD PRIMARY KEY (`id`);

--
-- Chỉ mục cho bảng `password_resets`
--
ALTER TABLE `password_resets`
  ADD KEY `password_resets_email_index` (`email`);

--
-- Chỉ mục cho bảng `permissions`
--
ALTER TABLE `permissions`
  ADD PRIMARY KEY (`id`);

--
-- Chỉ mục cho bảng `quy_trinh`
--
ALTER TABLE `quy_trinh`
  ADD PRIMARY KEY (`id`);

--
-- Chỉ mục cho bảng `roles`
--
ALTER TABLE `roles`
  ADD PRIMARY KEY (`id`);

--
-- Chỉ mục cho bảng `tai_lieu_quy_trinh`
--
ALTER TABLE `tai_lieu_quy_trinh`
  ADD PRIMARY KEY (`id`);

--
-- Chỉ mục cho bảng `tuy_chon`
--
ALTER TABLE `tuy_chon`
  ADD PRIMARY KEY (`id`);

--
-- Chỉ mục cho bảng `user`
--
ALTER TABLE `user`
  ADD PRIMARY KEY (`id`);

--
-- Chỉ mục cho bảng `users`
--
ALTER TABLE `users`
  ADD PRIMARY KEY (`id`),
  ADD UNIQUE KEY `users_email_unique` (`email`);

--
-- Chỉ mục cho bảng `users_permissions`
--
ALTER TABLE `users_permissions`
  ADD PRIMARY KEY (`user_id`,`permission_id`);

--
-- Chỉ mục cho bảng `users_roles`
--
ALTER TABLE `users_roles`
  ADD PRIMARY KEY (`user_id`,`role_id`);

--
-- AUTO_INCREMENT cho các bảng đã đổ
--

--
-- AUTO_INCREMENT cho bảng `chi_so_pi`
--
ALTER TABLE `chi_so_pi`
  MODIFY `id` int(11) NOT NULL AUTO_INCREMENT, AUTO_INCREMENT=25;
--
-- AUTO_INCREMENT cho bảng `chi_so_veco`
--
ALTER TABLE `chi_so_veco`
  MODIFY `id` int(11) NOT NULL AUTO_INCREMENT, AUTO_INCREMENT=983;
--
-- AUTO_INCREMENT cho bảng `chi_so_voffice`
--
ALTER TABLE `chi_so_voffice`
  MODIFY `id` int(11) NOT NULL AUTO_INCREMENT, AUTO_INCREMENT=752;
--
-- AUTO_INCREMENT cho bảng `don_vi`
--
ALTER TABLE `don_vi`
  MODIFY `id` int(11) NOT NULL AUTO_INCREMENT, AUTO_INCREMENT=38;
--
-- AUTO_INCREMENT cho bảng `du_an`
--
ALTER TABLE `du_an`
  MODIFY `id` int(11) NOT NULL AUTO_INCREMENT, AUTO_INCREMENT=56;
--
-- AUTO_INCREMENT cho bảng `kpi_quytrinh`
--
ALTER TABLE `kpi_quytrinh`
  MODIFY `id` int(11) NOT NULL AUTO_INCREMENT, AUTO_INCREMENT=335;
--
-- AUTO_INCREMENT cho bảng `kpi_quytrinh_test`
--
ALTER TABLE `kpi_quytrinh_test`
  MODIFY `id` int(11) NOT NULL AUTO_INCREMENT, AUTO_INCREMENT=30;
--
-- AUTO_INCREMENT cho bảng `kpi_veco`
--
ALTER TABLE `kpi_veco`
  MODIFY `id` int(11) NOT NULL AUTO_INCREMENT, AUTO_INCREMENT=537;
--
-- AUTO_INCREMENT cho bảng `migrations`
--
ALTER TABLE `migrations`
  MODIFY `id` int(10) UNSIGNED NOT NULL AUTO_INCREMENT, AUTO_INCREMENT=13;
--
-- AUTO_INCREMENT cho bảng `modules`
--
ALTER TABLE `modules`
  MODIFY `id` int(11) NOT NULL AUTO_INCREMENT, AUTO_INCREMENT=10;
--
-- AUTO_INCREMENT cho bảng `permissions`
--
ALTER TABLE `permissions`
  MODIFY `id` int(10) UNSIGNED NOT NULL AUTO_INCREMENT;
--
-- AUTO_INCREMENT cho bảng `quy_trinh`
--
ALTER TABLE `quy_trinh`
  MODIFY `id` int(11) NOT NULL AUTO_INCREMENT, AUTO_INCREMENT=11;
--
-- AUTO_INCREMENT cho bảng `roles`
--
ALTER TABLE `roles`
  MODIFY `id` int(10) UNSIGNED NOT NULL AUTO_INCREMENT, AUTO_INCREMENT=4;
--
-- AUTO_INCREMENT cho bảng `tai_lieu_quy_trinh`
--
ALTER TABLE `tai_lieu_quy_trinh`
  MODIFY `id` int(11) NOT NULL AUTO_INCREMENT, AUTO_INCREMENT=344;
--
-- AUTO_INCREMENT cho bảng `tuy_chon`
--
ALTER TABLE `tuy_chon`
  MODIFY `id` int(11) NOT NULL AUTO_INCREMENT, AUTO_INCREMENT=32;
--
-- AUTO_INCREMENT cho bảng `user`
--
ALTER TABLE `user`
  MODIFY `id` int(11) NOT NULL AUTO_INCREMENT, AUTO_INCREMENT=63;
--
-- AUTO_INCREMENT cho bảng `users`
--
ALTER TABLE `users`
  MODIFY `id` bigint(20) UNSIGNED NOT NULL AUTO_INCREMENT, AUTO_INCREMENT=16;
--
-- Các ràng buộc cho các bảng đã đổ
--

--
-- Các ràng buộc cho bảng `chi_so_veco`
--
ALTER TABLE `chi_so_veco`
  ADD CONSTRAINT `chi_so_veco_ibfk_1` FOREIGN KEY (`don_vi_id`) REFERENCES `don_vi` (`id`),
  ADD CONSTRAINT `chi_so_veco_ibfk_2` FOREIGN KEY (`tuy_chon_id`) REFERENCES `tuy_chon` (`id`);

--
-- Các ràng buộc cho bảng `chi_so_voffice`
--
ALTER TABLE `chi_so_voffice`
  ADD CONSTRAINT `chi_so_voffice_ibfk_1` FOREIGN KEY (`user_id`) REFERENCES `user` (`id`),
  ADD CONSTRAINT `chi_so_voffice_ibfk_2` FOREIGN KEY (`tuy_chon_id`) REFERENCES `tuy_chon` (`id`);

--
-- Các ràng buộc cho bảng `kpi_quytrinh`
--
ALTER TABLE `kpi_quytrinh`
  ADD CONSTRAINT `kpi_quytrinh_ibfk_1` FOREIGN KEY (`quy_trinh_id`) REFERENCES `quy_trinh` (`id`),
  ADD CONSTRAINT `kpi_quytrinh_ibfk_2` FOREIGN KEY (`du_an_id`) REFERENCES `du_an` (`id`);

--
-- Các ràng buộc cho bảng `kpi_veco`
--
ALTER TABLE `kpi_veco`
  ADD CONSTRAINT `kpi_veco_ibfk_1` FOREIGN KEY (`don_vi_id`) REFERENCES `don_vi` (`id`),
  ADD CONSTRAINT `kpi_veco_ibfk_2` FOREIGN KEY (`tuy_chon_id`) REFERENCES `tuy_chon` (`id`);

/*!40101 SET CHARACTER_SET_CLIENT=@OLD_CHARACTER_SET_CLIENT */;
/*!40101 SET CHARACTER_SET_RESULTS=@OLD_CHARACTER_SET_RESULTS */;
/*!40101 SET COLLATION_CONNECTION=@OLD_COLLATION_CONNECTION */;
