-- phpMyAdmin SQL Dump
-- version 4.9.0.1
-- https://www.phpmyadmin.net/
--
-- Máy chủ: 127.0.0.1
-- Thời gian đã tạo: Th10 05, 2019 lúc 12:09 PM
-- Phiên bản máy phục vụ: 10.3.16-MariaDB
-- Phiên bản PHP: 7.3.6

SET SQL_MODE = "NO_AUTO_VALUE_ON_ZERO";
SET AUTOCOMMIT = 0;
START TRANSACTION;
SET time_zone = "+00:00";


/*!40101 SET @OLD_CHARACTER_SET_CLIENT=@@CHARACTER_SET_CLIENT */;
/*!40101 SET @OLD_CHARACTER_SET_RESULTS=@@CHARACTER_SET_RESULTS */;
/*!40101 SET @OLD_COLLATION_CONNECTION=@@COLLATION_CONNECTION */;
/*!40101 SET NAMES utf8mb4 */;

--
-- Cơ sở dữ liệu: `report`
--

-- --------------------------------------------------------

--
-- Cấu trúc bảng cho bảng `chi_so_veco`
--

CREATE TABLE `chi_so_veco` (
  `id` int(11) NOT NULL,
  `don_vi_id` int(11) NOT NULL,
  `tuy_chon_id` int(11) NOT NULL,
  `chi_so` int(11) NOT NULL,
  `thoi_gian` date DEFAULT NULL
) ENGINE=InnoDB DEFAULT CHARSET=utf8mb4 COLLATE=utf8mb4_vietnamese_ci;

--
-- Đang đổ dữ liệu cho bảng `chi_so_veco`
--

INSERT INTO `chi_so_veco` (`id`, `don_vi_id`, `tuy_chon_id`, `chi_so`, `thoi_gian`) VALUES
(1, 1, 1, 5648, NULL),
(2, 1, 2, 445, NULL),
(3, 1, 3, 4741, NULL),
(4, 1, 4, 401, NULL),
(5, 1, 5, 201, NULL),
(6, 1, 6, 0, NULL),
(7, 1, 7, 6, NULL),
(8, 1, 8, 103, NULL),
(9, 1, 9, 73, NULL),
(10, 1, 10, 15, NULL),
(11, 1, 11, 3, NULL),
(12, 1, 12, 16, NULL),
(13, 2, 1, 6115, NULL),
(14, 2, 2, 474, NULL),
(15, 2, 3, 5029, NULL),
(16, 2, 4, 488, NULL),
(17, 2, 5, 149, NULL),
(18, 2, 6, 1, NULL),
(19, 2, 7, 48, NULL),
(20, 2, 8, 188, NULL),
(21, 2, 9, 93, NULL),
(22, 2, 10, 5, NULL),
(23, 2, 11, 4, NULL),
(24, 2, 12, 20, NULL),
(25, 3, 1, 2976, NULL),
(26, 3, 2, 255, NULL),
(27, 3, 3, 2393, NULL),
(28, 3, 4, 301, NULL),
(29, 3, 5, 72, NULL),
(30, 3, 6, 0, NULL),
(31, 3, 7, 19, NULL),
(32, 3, 8, 183, NULL),
(33, 3, 9, 24, NULL),
(34, 3, 10, 2, NULL),
(35, 3, 11, 1, NULL),
(36, 3, 12, 10, NULL),
(37, 4, 1, 6509, NULL),
(38, 4, 2, 690, NULL),
(39, 4, 3, 5500, NULL),
(40, 4, 4, 263, NULL),
(41, 4, 5, 131, NULL),
(42, 4, 6, 10, NULL),
(43, 4, 7, 2, NULL),
(44, 4, 8, 104, NULL),
(45, 4, 9, 16, NULL),
(46, 4, 10, 0, NULL),
(47, 4, 11, 0, NULL),
(48, 4, 12, 18, NULL),
(49, 5, 1, 6216, NULL),
(50, 5, 2, 352, NULL),
(51, 5, 3, 5227, NULL),
(52, 5, 4, 394, NULL),
(53, 5, 5, 109, NULL),
(54, 5, 6, 0, NULL),
(55, 5, 7, 12, NULL),
(56, 5, 8, 199, NULL),
(57, 5, 9, 71, NULL),
(58, 5, 10, 0, NULL),
(59, 5, 11, 3, NULL),
(60, 5, 12, 15, NULL),
(61, 6, 1, 267, NULL),
(62, 6, 2, 4, NULL),
(63, 6, 3, 233, NULL),
(64, 6, 4, 17, NULL),
(65, 6, 5, 4, NULL),
(66, 6, 6, 0, NULL),
(67, 6, 7, 0, NULL),
(68, 6, 8, 3, NULL),
(69, 6, 9, 10, NULL),
(70, 6, 10, 0, NULL),
(71, 6, 11, 0, NULL),
(72, 6, 12, 16, NULL),
(73, 7, 1, 5321, NULL),
(74, 7, 2, 246, NULL),
(75, 7, 3, 4688, NULL),
(76, 7, 4, 339, NULL),
(77, 7, 5, 115, NULL),
(78, 7, 6, 6, NULL),
(79, 7, 7, 9, NULL),
(80, 7, 8, 153, NULL),
(81, 7, 9, 43, NULL),
(82, 7, 10, 0, NULL),
(83, 7, 11, 13, NULL),
(84, 7, 12, 13, NULL),
(85, 8, 1, 323, NULL),
(86, 8, 2, 11, NULL),
(87, 8, 3, 195, NULL),
(88, 8, 4, 88, NULL),
(89, 8, 5, 41, NULL),
(90, 8, 6, 0, NULL),
(91, 8, 7, 1, NULL),
(92, 8, 8, 21, NULL),
(93, 8, 9, 25, NULL),
(94, 8, 10, 0, NULL),
(95, 8, 11, 0, NULL),
(96, 8, 12, 12, NULL),
(97, 9, 1, 1, NULL),
(98, 9, 2, 0, NULL),
(99, 9, 3, 0, NULL),
(100, 9, 4, 1, NULL),
(101, 9, 5, 0, NULL),
(102, 9, 6, 0, NULL),
(103, 9, 7, 0, NULL),
(104, 9, 8, 0, NULL),
(105, 9, 9, 0, NULL),
(106, 9, 10, 1, NULL),
(107, 9, 11, 0, NULL),
(108, 9, 12, 18, NULL),
(109, 10, 1, 19, NULL),
(110, 10, 2, 4, NULL),
(111, 10, 3, 15, NULL),
(112, 10, 4, 0, NULL),
(113, 10, 5, 0, NULL),
(114, 10, 6, 0, NULL),
(115, 10, 7, 0, NULL),
(116, 10, 8, 0, NULL),
(117, 10, 9, 0, NULL),
(118, 10, 10, 0, NULL),
(119, 10, 11, 0, NULL),
(120, 10, 12, 16, NULL),
(121, 11, 1, 2780, NULL),
(122, 11, 2, 27, NULL),
(123, 11, 3, 83, NULL),
(124, 11, 4, 944, NULL),
(125, 11, 5, 427, NULL),
(126, 11, 6, 4, NULL),
(127, 11, 7, 2, NULL),
(128, 11, 8, 496, NULL),
(129, 11, 9, 15, NULL),
(130, 11, 10, 0, NULL),
(131, 11, 11, 0, NULL),
(132, 11, 12, 13, NULL),
(133, 12, 1, 1516, NULL),
(134, 12, 2, 6, NULL),
(135, 12, 3, 43, NULL),
(136, 12, 4, 1269, NULL),
(137, 12, 5, 222, NULL),
(138, 12, 6, 10, NULL),
(139, 12, 7, 0, NULL),
(140, 12, 8, 1004, NULL),
(141, 12, 9, 32, NULL),
(142, 12, 10, 1, NULL),
(143, 12, 11, 0, NULL),
(144, 12, 12, 17, NULL),
(145, 13, 1, 1941, NULL),
(146, 13, 2, 4, NULL),
(147, 13, 3, 41, NULL),
(148, 13, 4, 740, NULL),
(149, 13, 5, 118, NULL),
(150, 13, 6, 0, NULL),
(151, 13, 7, 1, NULL),
(152, 13, 8, 463, NULL),
(153, 13, 9, 156, NULL),
(154, 13, 10, 2, NULL),
(155, 13, 11, 0, NULL),
(156, 13, 12, 13, NULL),
(157, 14, 1, 4246, NULL),
(158, 14, 2, 11, NULL),
(159, 14, 3, 596, NULL),
(160, 14, 4, 1342, NULL),
(161, 14, 5, 194, NULL),
(162, 14, 6, 0, NULL),
(163, 14, 7, 0, NULL),
(164, 14, 8, 948, NULL),
(165, 14, 9, 200, NULL),
(166, 14, 10, 0, NULL),
(167, 14, 11, 0, NULL),
(168, 14, 12, 16, NULL),
(169, 15, 1, 922, NULL),
(170, 15, 2, 50, NULL),
(171, 15, 3, 340, NULL),
(172, 15, 4, 478, NULL),
(173, 15, 5, 79, NULL),
(174, 15, 6, 2, NULL),
(175, 15, 7, 6, NULL),
(176, 15, 8, 112, NULL),
(177, 15, 9, 270, NULL),
(178, 15, 10, 8, NULL),
(179, 15, 11, 1, NULL),
(180, 15, 12, 15, NULL),
(181, 16, 1, 430, NULL),
(182, 16, 2, 3, NULL),
(183, 16, 3, 25, NULL),
(184, 16, 4, 161, NULL),
(185, 16, 5, 59, NULL),
(186, 16, 6, 0, NULL),
(187, 16, 7, 1, NULL),
(188, 16, 8, 77, NULL),
(189, 16, 9, 23, NULL),
(190, 16, 10, 1, NULL),
(191, 16, 11, 0, NULL),
(192, 16, 12, 14, NULL),
(193, 17, 1, 15, NULL),
(194, 17, 2, 3, NULL),
(195, 17, 3, 9, NULL),
(196, 17, 4, 3, NULL),
(197, 17, 5, 3, NULL),
(198, 17, 6, 0, NULL),
(199, 17, 7, 0, NULL),
(200, 17, 8, 0, NULL),
(201, 17, 9, 0, NULL),
(202, 17, 10, 0, NULL),
(203, 17, 11, 0, NULL),
(204, 17, 12, 18, NULL),
(205, 18, 1, 15, NULL),
(206, 18, 2, 2, NULL),
(207, 18, 3, 5, NULL),
(208, 18, 4, 5, NULL),
(209, 18, 5, 3, NULL),
(210, 18, 6, 0, NULL),
(211, 18, 7, 0, NULL),
(212, 18, 8, 1, NULL),
(213, 18, 9, 1, NULL),
(214, 18, 10, 0, NULL),
(215, 18, 11, 0, NULL),
(216, 18, 12, 16, NULL),
(217, 19, 1, 772, NULL),
(218, 19, 2, 29, NULL),
(219, 19, 3, 108, NULL),
(220, 19, 4, 261, NULL),
(221, 19, 5, 126, NULL),
(222, 19, 6, 0, NULL),
(223, 19, 7, 0, NULL),
(224, 19, 8, 105, NULL),
(225, 19, 9, 28, NULL),
(226, 19, 10, 2, NULL),
(227, 19, 11, 0, NULL),
(228, 19, 12, 14, NULL),
(229, 20, 1, 174, NULL),
(230, 20, 2, 3, NULL),
(231, 20, 3, 116, NULL),
(232, 20, 4, 24, NULL),
(233, 20, 5, 10, NULL),
(234, 20, 6, 0, NULL),
(235, 20, 7, 0, NULL),
(236, 20, 8, 11, NULL),
(237, 20, 9, 3, NULL),
(238, 20, 10, 0, NULL),
(239, 20, 11, 0, NULL),
(240, 20, 12, 12, NULL),
(241, 21, 1, 490, NULL),
(242, 21, 2, 13, NULL),
(243, 21, 3, 279, NULL),
(244, 21, 4, 180, NULL),
(245, 21, 5, 20, NULL),
(246, 21, 6, 0, NULL),
(247, 21, 7, 0, NULL),
(248, 21, 8, 56, NULL),
(249, 21, 9, 103, NULL),
(250, 21, 10, 1, NULL),
(251, 21, 11, 0, NULL),
(252, 21, 12, 13, NULL),
(253, 22, 1, 167, NULL),
(254, 22, 2, 3, NULL),
(255, 22, 3, 60, NULL),
(256, 22, 4, 103, NULL),
(257, 22, 5, 13, NULL),
(258, 22, 6, 0, NULL),
(259, 22, 7, 1, NULL),
(260, 22, 8, 83, NULL),
(261, 22, 9, 5, NULL),
(262, 22, 10, 1, NULL),
(263, 22, 11, 0, NULL),
(264, 22, 12, 13, NULL),
(265, 23, 1, 141, NULL),
(266, 23, 2, 3, NULL),
(267, 23, 3, 99, NULL),
(268, 23, 4, 38, NULL),
(269, 23, 5, 16, NULL),
(270, 23, 6, 0, NULL),
(271, 23, 7, 0, NULL),
(272, 23, 8, 21, NULL),
(273, 23, 9, 1, NULL),
(274, 23, 10, 0, NULL),
(275, 23, 11, 0, NULL),
(276, 23, 12, 20, NULL),
(277, 24, 1, 0, NULL),
(278, 24, 2, 0, NULL),
(279, 24, 3, 0, NULL),
(280, 24, 4, 0, NULL),
(281, 24, 5, 0, NULL),
(282, 24, 6, 0, NULL),
(283, 24, 7, 0, NULL),
(284, 24, 8, 0, NULL),
(285, 24, 9, 0, NULL),
(286, 24, 10, 0, NULL),
(287, 24, 11, 0, NULL),
(288, 24, 12, 10, NULL),
(289, 25, 1, 17, NULL),
(290, 25, 2, 1, NULL),
(291, 25, 3, 16, NULL),
(292, 25, 4, 0, NULL),
(293, 25, 5, 0, NULL),
(294, 25, 6, 0, NULL),
(295, 25, 7, 0, NULL),
(296, 25, 8, 0, NULL),
(297, 25, 9, 0, NULL),
(298, 25, 10, 0, NULL),
(299, 25, 11, 0, NULL),
(300, 25, 12, 20, NULL),
(301, 26, 1, 262, NULL),
(302, 26, 2, 15, NULL),
(303, 26, 3, 217, NULL),
(304, 26, 4, 0, NULL),
(305, 26, 5, 0, NULL),
(306, 26, 6, 0, NULL),
(307, 26, 7, 0, NULL),
(308, 26, 8, 0, NULL),
(309, 26, 9, 0, NULL),
(310, 26, 10, 0, NULL),
(311, 26, 11, 0, NULL),
(312, 26, 12, 17, NULL),
(313, 27, 1, 146, NULL),
(314, 27, 2, 7, NULL),
(315, 27, 3, 107, NULL),
(316, 27, 4, 29, NULL),
(317, 27, 5, 12, NULL),
(318, 27, 6, 0, NULL),
(319, 27, 7, 0, NULL),
(320, 27, 8, 14, NULL),
(321, 27, 9, 3, NULL),
(322, 27, 10, 0, NULL),
(323, 27, 11, 0, NULL),
(324, 27, 12, 14, NULL),
(325, 28, 1, 945, NULL),
(326, 28, 2, 217, NULL),
(327, 28, 3, 473, NULL),
(328, 28, 4, 207, NULL),
(329, 28, 5, 53, NULL),
(330, 28, 6, 9, NULL),
(331, 28, 7, 0, NULL),
(332, 28, 8, 136, NULL),
(333, 28, 9, 8, NULL),
(334, 28, 10, 0, NULL),
(335, 28, 11, 1, NULL),
(336, 28, 12, 14, NULL),
(337, 29, 1, 1441, NULL),
(338, 29, 2, 199, NULL),
(339, 29, 3, 1049, NULL),
(340, 29, 4, 30, NULL),
(341, 29, 5, 13, NULL),
(342, 29, 6, 0, NULL),
(343, 29, 7, 0, NULL),
(344, 29, 8, 8, NULL),
(345, 29, 9, 9, NULL),
(346, 29, 10, 0, NULL),
(347, 29, 11, 0, NULL),
(348, 29, 12, 14, NULL),
(349, 30, 1, 236, NULL),
(350, 30, 2, 23, NULL),
(351, 30, 3, 156, NULL),
(352, 30, 4, 53, NULL),
(353, 30, 5, 16, NULL),
(354, 30, 6, 0, NULL),
(355, 30, 7, 1, NULL),
(356, 30, 8, 30, NULL),
(357, 30, 9, 6, NULL),
(358, 30, 10, 0, NULL),
(359, 30, 11, 0, NULL),
(360, 30, 12, 15, NULL),
(361, 31, 1, 2060, NULL),
(362, 31, 2, 556, NULL),
(363, 31, 3, 1472, NULL),
(364, 31, 4, 9, NULL),
(365, 31, 5, 7, NULL),
(366, 31, 6, 0, NULL),
(367, 31, 7, 0, NULL),
(368, 31, 8, 2, NULL),
(369, 31, 9, 0, NULL),
(370, 31, 10, 0, NULL),
(371, 31, 11, 0, NULL),
(372, 31, 12, 17, NULL),
(373, 32, 1, 1668, NULL),
(374, 32, 2, 169, NULL),
(375, 32, 3, 1467, NULL),
(376, 32, 4, 26, NULL),
(377, 32, 5, 7, NULL),
(378, 32, 6, 0, NULL),
(379, 32, 7, 0, NULL),
(380, 32, 8, 13, NULL),
(381, 32, 9, 6, NULL),
(382, 32, 10, 0, NULL),
(383, 32, 11, 0, NULL),
(384, 32, 12, 16, NULL),
(385, 33, 1, 0, NULL),
(386, 33, 2, 0, NULL),
(387, 33, 3, 0, NULL),
(388, 33, 4, 0, NULL),
(389, 33, 5, 0, NULL),
(390, 33, 6, 0, NULL),
(391, 33, 7, 0, NULL),
(392, 33, 8, 0, NULL),
(393, 33, 9, 0, NULL),
(394, 33, 10, 0, NULL),
(395, 33, 11, 0, NULL),
(396, 33, 12, 16, NULL),
(397, 34, 1, 518, NULL),
(398, 34, 2, 50, NULL),
(399, 34, 3, 363, NULL),
(400, 34, 4, 85, NULL),
(401, 34, 5, 15, NULL),
(402, 34, 6, 0, NULL),
(403, 34, 7, 0, NULL),
(404, 34, 8, 55, NULL),
(405, 34, 9, 13, NULL),
(406, 34, 10, 2, NULL),
(407, 34, 11, 0, NULL),
(408, 34, 12, 11, NULL),
(409, 35, 1, 578, NULL),
(410, 35, 2, 46, NULL),
(411, 35, 3, 394, NULL),
(412, 35, 4, 129, NULL),
(413, 35, 5, 16, NULL),
(414, 35, 6, 0, NULL),
(415, 35, 7, 1, NULL),
(416, 35, 8, 104, NULL),
(417, 35, 9, 6, NULL),
(418, 35, 10, 1, NULL),
(419, 35, 11, 1, NULL),
(420, 35, 12, 14, NULL),
(443, 11, 16, 5, NULL),
(444, 12, 16, 10, NULL),
(445, 13, 16, 3, NULL),
(446, 14, 16, 1, NULL),
(447, 15, 16, 8, NULL),
(448, 16, 16, 1, NULL),
(449, 17, 16, 0, NULL),
(450, 18, 16, 0, NULL),
(451, 19, 16, 4, NULL),
(452, 20, 16, 0, NULL),
(453, 21, 16, 0, NULL),
(454, 11, 17, 8, NULL),
(455, 12, 17, 1, NULL),
(456, 13, 17, 5, NULL),
(457, 14, 17, 0, NULL),
(458, 15, 17, 7, NULL),
(459, 16, 17, 0, NULL),
(460, 17, 17, 7, NULL),
(461, 18, 17, 5, NULL),
(462, 19, 17, 21, NULL),
(463, 20, 17, 8, NULL),
(464, 21, 17, 11, NULL),
(465, 11, 18, 1, NULL),
(466, 12, 18, 0, NULL),
(467, 13, 18, 0, NULL),
(468, 14, 18, 0, NULL),
(469, 15, 18, 0, NULL),
(470, 16, 18, 0, NULL),
(471, 17, 18, 0, NULL),
(472, 18, 18, 0, NULL),
(473, 19, 18, 0, NULL),
(474, 20, 18, 0, NULL),
(475, 21, 18, 0, NULL),
(476, 11, 19, 2, NULL),
(477, 12, 19, 0, NULL),
(478, 13, 19, 0, NULL),
(479, 14, 19, 0, NULL),
(480, 15, 19, 6, NULL),
(481, 16, 19, 0, NULL),
(482, 17, 19, 0, NULL),
(483, 18, 19, 0, NULL),
(484, 19, 19, 0, NULL),
(485, 20, 19, 0, NULL),
(486, 21, 19, 0, NULL),
(487, 11, 20, 1, NULL),
(488, 12, 20, 0, NULL),
(489, 13, 20, 0, NULL),
(490, 14, 20, 2, NULL),
(491, 15, 20, 0, NULL),
(492, 16, 20, 0, NULL),
(493, 17, 20, 1, NULL),
(494, 18, 20, 0, NULL),
(495, 19, 20, 1, NULL),
(496, 20, 20, 0, NULL),
(497, 21, 20, 0, NULL),
(498, 11, 21, 2, NULL),
(499, 12, 21, 0, NULL),
(500, 13, 21, 0, NULL),
(501, 14, 21, 0, NULL),
(502, 15, 21, 0, NULL),
(503, 16, 21, 1, NULL),
(504, 17, 21, 0, NULL),
(505, 18, 21, 0, NULL),
(506, 19, 21, 0, NULL),
(507, 20, 21, 0, NULL),
(508, 21, 21, 0, NULL),
(509, 11, 22, 9, NULL),
(510, 12, 22, 0, NULL),
(511, 13, 22, 0, NULL),
(512, 14, 22, 0, NULL),
(513, 15, 22, 5, NULL),
(514, 16, 22, 1, NULL),
(515, 17, 22, 0, NULL),
(516, 18, 22, 0, NULL),
(517, 19, 22, 1, NULL),
(518, 20, 22, 0, NULL),
(519, 21, 22, 1, NULL),
(520, 11, 23, 5, NULL),
(521, 12, 23, 0, NULL),
(522, 13, 23, 2, NULL),
(523, 14, 23, 2, NULL),
(524, 15, 23, 2, NULL),
(525, 16, 23, 0, NULL),
(526, 17, 23, 4, NULL),
(527, 18, 23, 1, NULL),
(528, 19, 23, 0, NULL),
(529, 20, 23, 0, NULL),
(530, 21, 23, 2, NULL),
(531, 37, 18, 1, NULL),
(532, 37, 19, 12, NULL),
(533, 37, 20, 5, NULL),
(534, 37, 21, 3, NULL),
(535, 37, 22, 19, NULL),
(536, 37, 23, 19, NULL),
(537, 37, 16, 32, NULL),
(538, 37, 17, 73, NULL),
(539, 1, 24, 32, '2019-08-31'),
(540, 1, 25, 324, '2019-08-31'),
(541, 1, 26, 598, '2019-08-31'),
(542, 2, 24, 38, '2019-08-31'),
(543, 2, 25, 474, '2019-08-31'),
(544, 2, 26, 655, '2019-08-31'),
(545, 3, 24, 16, '2019-08-31'),
(546, 3, 25, 130, '2019-08-31'),
(547, 3, 26, 248, '2019-08-31'),
(548, 4, 24, 49, '2019-08-31'),
(549, 4, 25, 480, '2019-08-31'),
(550, 4, 26, 592, '2019-08-31'),
(551, 5, 24, 72, '2019-08-31'),
(552, 5, 25, 435, '2019-08-31'),
(553, 5, 26, 707, '2019-08-31'),
(554, 6, 24, 0, '2019-08-31'),
(555, 6, 25, 16, '2019-08-31'),
(556, 6, 26, 29, '2019-08-31'),
(557, 7, 24, 39, '2019-08-31'),
(558, 7, 25, 405, '2019-08-31'),
(559, 7, 26, 613, '2019-08-31'),
(560, 8, 24, 0, '2019-08-31'),
(561, 8, 25, 36, '2019-08-31'),
(562, 8, 26, 111, '2019-08-31'),
(563, 9, 24, 0, '2019-08-31'),
(564, 9, 25, 0, '2019-08-31'),
(565, 9, 26, 0, '2019-08-31'),
(566, 10, 24, 1, '2019-08-31'),
(567, 10, 25, 2, '2019-08-31'),
(568, 10, 26, 3, '2019-08-31'),
(569, 11, 24, 3, '2019-08-31'),
(570, 11, 25, 1, '2019-08-31'),
(571, 11, 26, 955, '2019-08-31'),
(572, 12, 24, 1, '2019-08-31'),
(573, 12, 25, 1, '2019-08-31'),
(574, 12, 26, 749, '2019-08-31'),
(575, 13, 24, 0, '2019-08-31'),
(576, 13, 25, 2, '2019-08-31'),
(577, 13, 26, 566, '2019-08-31'),
(578, 14, 24, 1, '2019-08-31'),
(579, 14, 25, 227, '2019-08-31'),
(580, 14, 26, 1303, '2019-08-31'),
(581, 15, 24, 12, '2019-08-31'),
(582, 15, 25, 43, '2019-08-31'),
(583, 15, 26, 284, '2019-08-31'),
(584, 16, 24, 0, '2019-08-31'),
(585, 16, 25, 8, '2019-08-31'),
(586, 16, 26, 171, '2019-08-31'),
(587, 17, 24, 0, '2019-08-31'),
(588, 17, 25, 4, '2019-08-31'),
(589, 17, 26, 4, '2019-08-31'),
(590, 18, 24, 1, '2019-08-31'),
(591, 18, 25, 0, '2019-08-31'),
(592, 18, 26, 3, '2019-08-31'),
(593, 19, 24, 17, '2019-08-31'),
(594, 19, 25, 32, '2019-08-31'),
(595, 19, 26, 237, '2019-08-31'),
(596, 20, 24, 0, '2019-08-31'),
(597, 20, 25, 10, '2019-08-31'),
(598, 20, 26, 17, '2019-08-31'),
(599, 21, 24, 3, '2019-08-31'),
(600, 21, 25, 13, '2019-08-31'),
(601, 21, 26, 165, '2019-08-31'),
(602, 22, 24, 0, '2019-08-31'),
(603, 22, 25, 4, '2019-08-31'),
(604, 22, 26, 15, '2019-08-31'),
(605, 23, 24, 0, '2019-08-31'),
(606, 23, 25, 15, '2019-08-31'),
(607, 23, 26, 26, '2019-08-31'),
(608, 24, 24, 0, '2019-08-31'),
(609, 24, 25, 0, '2019-08-31'),
(610, 24, 26, 0, '2019-08-31'),
(611, 25, 24, 1, '2019-08-31'),
(612, 25, 25, 7, '2019-08-31'),
(613, 25, 26, 8, '2019-08-31'),
(614, 26, 24, 0, '2019-08-31'),
(615, 26, 25, 0, '2019-08-31'),
(616, 26, 26, 0, '2019-08-31'),
(617, 27, 24, 0, '2019-08-31'),
(618, 27, 25, 12, '2019-08-31'),
(619, 27, 26, 24, '2019-08-31'),
(620, 28, 24, 30, '2019-08-31'),
(621, 28, 25, 56, '2019-08-31'),
(622, 28, 26, 97, '2019-08-31'),
(623, 29, 24, 26, '2019-08-31'),
(624, 29, 25, 102, '2019-08-31'),
(625, 29, 26, 128, '2019-08-31'),
(626, 30, 24, 13, '2019-08-31'),
(627, 30, 25, 29, '2019-08-31'),
(628, 30, 26, 47, '2019-08-31'),
(629, 31, 24, 6, '2019-08-31'),
(630, 31, 25, 80, '2019-08-31'),
(631, 31, 26, 89, '2019-08-31'),
(632, 32, 24, 9, '2019-08-31'),
(633, 32, 25, 115, '2019-08-31'),
(634, 32, 26, 126, '2019-08-31'),
(635, 33, 24, 0, '2019-08-31'),
(636, 33, 25, 0, '2019-08-31'),
(637, 33, 26, 0, '2019-08-31'),
(638, 34, 24, 0, '2019-08-31'),
(639, 34, 25, 1, '2019-08-31'),
(640, 34, 26, 26, '2019-08-31'),
(641, 35, 24, 9, '2019-08-31'),
(642, 35, 25, 63, '2019-08-31'),
(643, 35, 26, 94, '2019-08-31'),
(644, 36, 24, 0, '2019-08-31'),
(645, 36, 25, 0, '2019-08-31'),
(646, 36, 26, 0, '2019-08-31'),
(647, 37, 24, 38, '2019-08-31'),
(648, 37, 25, 341, '2019-08-31'),
(649, 37, 26, 4454, '2019-08-31'),
(650, 1, 24, 33, '2019-07-31'),
(651, 1, 25, 373, '2019-07-31'),
(652, 1, 26, 533, '2019-07-31'),
(653, 2, 24, 25, '2019-07-31'),
(654, 2, 25, 352, '2019-07-31'),
(655, 2, 26, 477, '2019-07-31'),
(656, 3, 24, 16, '2019-07-31'),
(657, 3, 25, 153, '2019-07-31'),
(658, 3, 26, 230, '2019-07-31'),
(659, 4, 24, 68, '2019-07-31'),
(660, 4, 25, 518, '2019-07-31'),
(661, 4, 26, 612, '2019-07-31'),
(662, 5, 24, 28, '2019-07-31'),
(663, 5, 25, 337, '2019-07-31'),
(664, 5, 26, 430, '2019-07-31'),
(665, 6, 24, 0, '2019-07-31'),
(666, 6, 25, 18, '2019-07-31'),
(667, 6, 26, 25, '2019-07-31'),
(668, 7, 24, 38, '2019-07-31'),
(669, 7, 25, 443, '2019-07-31'),
(670, 7, 26, 588, '2019-07-31'),
(671, 8, 24, 4, '2019-07-31'),
(672, 8, 25, 64, '2019-07-31'),
(673, 8, 26, 131, '2019-07-31'),
(674, 9, 24, 0, '2019-07-31'),
(675, 9, 25, 0, '2019-07-31'),
(676, 9, 26, 0, '2019-07-31'),
(677, 10, 24, 3, '2019-07-31'),
(678, 10, 25, 13, '2019-07-31'),
(679, 10, 26, 16, '2019-07-31'),
(680, 11, 24, 3, '2019-07-31'),
(681, 11, 25, 1, '2019-07-31'),
(682, 11, 26, 773, '2019-07-31'),
(683, 12, 24, 0, '2019-07-31'),
(684, 12, 25, 6, '2019-07-31'),
(685, 12, 26, 473, '2019-07-31'),
(686, 13, 24, 1, '2019-07-31'),
(687, 13, 25, 7, '2019-07-31'),
(688, 13, 26, 403, '2019-07-31'),
(689, 14, 24, 6, '2019-07-31'),
(690, 14, 25, 174, '2019-07-31'),
(691, 14, 26, 775, '2019-07-31'),
(692, 15, 24, 1, '2019-07-31'),
(693, 15, 25, 58, '2019-07-31'),
(694, 15, 26, 225, '2019-07-31'),
(695, 16, 24, 1, '2019-07-31'),
(696, 16, 25, 2, '2019-07-31'),
(697, 16, 26, 140, '2019-07-31'),
(698, 17, 24, 0, '2019-07-31'),
(699, 17, 25, 3, '2019-07-31'),
(700, 17, 26, 3, '2019-07-31'),
(701, 18, 24, 1, '2019-07-31'),
(702, 18, 25, 0, '2019-07-31'),
(703, 18, 26, 1, '2019-07-31'),
(704, 19, 24, 0, '2019-07-31'),
(705, 19, 25, 22, '2019-07-31'),
(706, 19, 26, 125, '2019-07-31'),
(707, 20, 24, 1, '2019-07-31'),
(708, 20, 25, 22, '2019-07-31'),
(709, 20, 26, 29, '2019-07-31'),
(710, 21, 24, 1, '2019-07-31'),
(711, 21, 25, 26, '2019-07-31'),
(712, 21, 26, 150, '2019-07-31'),
(713, 22, 24, 0, '2019-07-31'),
(714, 22, 25, 8, '2019-07-31'),
(715, 22, 26, 17, '2019-07-31'),
(716, 23, 24, 1, '2019-07-31'),
(717, 23, 25, 18, '2019-07-31'),
(718, 23, 26, 20, '2019-07-31'),
(719, 24, 24, 0, '2019-07-31'),
(720, 24, 25, 0, '2019-07-31'),
(721, 24, 26, 0, '2019-07-31'),
(722, 25, 24, 0, '2019-07-31'),
(723, 25, 25, 2, '2019-07-31'),
(724, 25, 26, 2, '2019-07-31'),
(725, 26, 24, 0, '2019-07-31'),
(726, 26, 25, 0, '2019-07-31'),
(727, 26, 26, 0, '2019-07-31'),
(728, 27, 24, 2, '2019-07-31'),
(729, 27, 25, 19, '2019-07-31'),
(730, 27, 26, 28, '2019-07-31'),
(731, 28, 24, 41, '2019-07-31'),
(732, 28, 25, 68, '2019-07-31'),
(733, 28, 26, 112, '2019-07-31'),
(734, 29, 24, 18, '2019-07-31'),
(735, 29, 25, 93, '2019-07-31'),
(736, 29, 26, 111, '2019-07-31'),
(737, 30, 24, 0, '2019-07-31'),
(738, 30, 25, 19, '2019-07-31'),
(739, 30, 26, 22, '2019-07-31'),
(740, 31, 24, 4, '2019-07-31'),
(741, 31, 25, 112, '2019-07-31'),
(742, 31, 26, 118, '2019-07-31'),
(743, 32, 24, 20, '2019-07-31'),
(744, 32, 25, 144, '2019-07-31'),
(745, 32, 26, 165, '2019-07-31'),
(746, 33, 24, 0, '2019-07-31'),
(747, 33, 25, 0, '2019-07-31'),
(748, 33, 26, 0, '2019-07-31'),
(749, 34, 24, 14, '2019-07-31'),
(750, 34, 25, 49, '2019-07-31'),
(751, 34, 26, 88, '2019-07-31'),
(752, 35, 24, 13, '2019-07-31'),
(753, 35, 25, 75, '2019-07-31'),
(754, 35, 26, 109, '2019-07-31'),
(755, 36, 24, 0, '2019-07-31'),
(756, 36, 25, 0, '2019-07-31'),
(757, 36, 26, 0, '2019-07-31'),
(758, 37, 24, 15, '2019-07-31'),
(759, 37, 25, 321, '2019-07-31'),
(760, 37, 26, 3097, '2019-07-31');

-- --------------------------------------------------------

--
-- Cấu trúc bảng cho bảng `chi_so_veco_test`
--

CREATE TABLE `chi_so_veco_test` (
  `id` int(11) NOT NULL,
  `don_vi_id` int(11) NOT NULL,
  `tuy_chon_id` int(11) NOT NULL,
  `chi_so` int(11) NOT NULL,
  `thoi_gian` date DEFAULT NULL
) ENGINE=InnoDB DEFAULT CHARSET=utf8mb4 COLLATE=utf8mb4_vietnamese_ci;

-- --------------------------------------------------------

--
-- Cấu trúc bảng cho bảng `chi_so_voffice`
--

CREATE TABLE `chi_so_voffice` (
  `id` int(11) NOT NULL,
  `user_id` int(11) NOT NULL,
  `tuy_chon_id` int(11) NOT NULL,
  `chi_so` int(11) NOT NULL,
  `thoi_gian` date NOT NULL
) ENGINE=InnoDB DEFAULT CHARSET=utf8mb4 COLLATE=utf8mb4_vietnamese_ci;

--
-- Đang đổ dữ liệu cho bảng `chi_so_voffice`
--

INSERT INTO `chi_so_voffice` (`id`, `user_id`, `tuy_chon_id`, `chi_so`, `thoi_gian`) VALUES
(1, 1, 13, 4, '2019-06-30'),
(2, 2, 13, 6, '2019-06-30'),
(3, 3, 13, 12, '2019-06-30'),
(4, 4, 13, 19, '2019-06-30'),
(5, 5, 13, 29, '2019-06-30'),
(6, 6, 13, 18, '2019-06-30'),
(7, 7, 13, 18, '2019-06-30'),
(8, 8, 13, 14, '2019-06-30'),
(9, 9, 13, 10, '2019-06-30'),
(10, 10, 13, 10, '2019-06-30'),
(11, 11, 13, 8, '2019-06-30'),
(12, 12, 13, 7, '2019-06-30'),
(13, 13, 13, 4, '2019-06-30'),
(14, 14, 13, 4, '2019-06-30'),
(15, 15, 13, 3, '2019-06-30'),
(16, 16, 13, 3, '2019-06-30'),
(17, 17, 13, 1, '2019-06-30'),
(18, 18, 13, 1, '2019-06-30'),
(19, 19, 13, 1, '2019-06-30'),
(20, 20, 13, 1, '2019-06-30'),
(21, 21, 13, 0, '2019-06-30'),
(22, 22, 13, 0, '2019-06-30'),
(23, 23, 13, 0, '2019-06-30'),
(24, 24, 13, 51, '2019-06-30'),
(25, 25, 13, 33, '2019-06-30'),
(26, 26, 13, 27, '2019-06-30'),
(27, 27, 13, 26, '2019-06-30'),
(28, 28, 13, 20, '2019-06-30'),
(29, 29, 13, 19, '2019-06-30'),
(30, 30, 13, 10, '2019-06-30'),
(31, 31, 13, 9, '2019-06-30'),
(32, 32, 13, 8, '2019-06-30'),
(33, 33, 13, 6, '2019-06-30'),
(34, 34, 13, 6, '2019-06-30'),
(35, 35, 13, 4, '2019-06-30'),
(36, 36, 13, 2, '2019-06-30'),
(37, 37, 13, 1, '2019-06-30'),
(38, 38, 13, 1, '2019-06-30'),
(39, 39, 13, 0, '2019-06-30'),
(40, 40, 13, 0, '2019-06-30'),
(41, 41, 13, 0, '2019-06-30'),
(42, 42, 13, 0, '2019-06-30'),
(43, 43, 13, 0, '2019-06-30'),
(44, 44, 13, 0, '2019-06-30'),
(45, 45, 13, 56, '2019-06-30'),
(46, 46, 13, 36, '2019-06-30'),
(47, 47, 13, 23, '2019-06-30'),
(48, 48, 13, 16, '2019-06-30'),
(49, 49, 13, 16, '2019-06-30'),
(50, 50, 13, 12, '2019-06-30'),
(51, 51, 13, 9, '2019-06-30'),
(52, 52, 13, 7, '2019-06-30'),
(53, 53, 13, 4, '2019-06-30'),
(54, 54, 13, 3, '2019-06-30'),
(55, 55, 13, 2, '2019-06-30'),
(56, 56, 13, 1, '2019-06-30'),
(57, 57, 13, 1, '2019-06-30'),
(58, 58, 13, 1, '2019-06-30'),
(59, 59, 13, 0, '2019-06-30'),
(60, 60, 13, 0, '2019-06-30'),
(61, 61, 13, 0, '2019-06-30'),
(62, 62, 13, 0, '2019-06-30'),
(63, 1, 13, 4, '2019-05-30'),
(64, 2, 13, 7, '2019-05-30'),
(65, 3, 13, 18, '2019-05-30'),
(66, 4, 13, 25, '2019-05-30'),
(67, 5, 13, 24, '2019-05-30'),
(68, 6, 13, 4, '2019-05-30'),
(69, 7, 13, 2, '2019-05-30'),
(70, 8, 13, 27, '2019-05-30'),
(71, 9, 13, 5, '2019-05-30'),
(72, 10, 13, 10, '2019-05-30'),
(73, 11, 13, 4, '2019-05-30'),
(74, 12, 13, 5, '2019-05-30'),
(75, 13, 13, 0, '2019-05-30'),
(76, 14, 13, 1, '2019-05-30'),
(77, 15, 13, 6, '2019-05-30'),
(78, 16, 13, 5, '2019-05-30'),
(79, 17, 13, 5, '2019-05-30'),
(80, 18, 13, 2, '2019-05-30'),
(81, 19, 13, 6, '2019-05-30'),
(82, 20, 13, 5, '2019-05-30'),
(83, 21, 13, 0, '2019-05-30'),
(84, 22, 13, 0, '2019-05-30'),
(85, 23, 13, 2, '2019-05-30'),
(86, 24, 13, 34, '2019-05-30'),
(87, 25, 13, 16, '2019-05-30'),
(88, 26, 13, 11, '2019-05-30'),
(89, 27, 13, 24, '2019-05-30'),
(90, 28, 13, 32, '2019-05-30'),
(91, 29, 13, 15, '2019-05-30'),
(92, 30, 13, 4, '2019-05-30'),
(93, 31, 13, 42, '2019-05-30'),
(94, 32, 13, 5, '2019-05-30'),
(95, 33, 13, 8, '2019-05-30'),
(96, 34, 13, 16, '2019-05-30'),
(97, 35, 13, 2, '2019-05-30'),
(98, 36, 13, 6, '2019-05-30'),
(99, 37, 13, 0, '2019-05-30'),
(100, 38, 13, 1, '2019-05-30'),
(101, 39, 13, 0, '2019-05-30'),
(102, 40, 13, 3, '2019-05-30'),
(103, 41, 13, 0, '2019-05-30'),
(104, 42, 13, 1, '2019-05-30'),
(105, 43, 13, 1, '2019-05-30'),
(106, 44, 13, 0, '2019-05-30'),
(107, 45, 13, 43, '2019-05-30'),
(108, 46, 13, 54, '2019-05-30'),
(109, 47, 13, 10, '2019-05-30'),
(110, 48, 13, 11, '2019-05-30'),
(111, 49, 13, 14, '2019-05-30'),
(112, 50, 13, 5, '2019-05-30'),
(113, 51, 13, 7, '2019-05-30'),
(114, 52, 13, 9, '2019-05-30'),
(115, 53, 13, 5, '2019-05-30'),
(116, 54, 13, 0, '2019-05-30'),
(117, 55, 13, 0, '2019-05-30'),
(118, 56, 13, 0, '2019-05-30'),
(119, 57, 13, 1, '2019-05-30'),
(120, 58, 13, 0, '2019-05-30'),
(121, 59, 13, 3, '2019-05-30'),
(122, 60, 13, 8, '2019-05-30'),
(123, 61, 13, 14, '2019-05-30'),
(124, 62, 13, 0, '2019-05-30'),
(504, 4, 13, 39, '2019-07-30'),
(505, 5, 13, 36, '2019-07-30'),
(506, 2, 13, 12, '2019-07-30'),
(507, 1, 13, 6, '2019-07-30'),
(508, 3, 13, 7, '2019-07-30'),
(509, 59, 13, 2, '2019-07-30'),
(510, 47, 13, 12, '2019-07-30'),
(511, 48, 13, 35, '2019-07-30'),
(512, 50, 13, 9, '2019-07-30'),
(513, 60, 13, 4, '2019-07-30'),
(514, 46, 13, 51, '2019-07-30'),
(515, 57, 13, 2, '2019-07-30'),
(516, 51, 13, 2, '2019-07-30'),
(517, 49, 13, 18, '2019-07-30'),
(518, 52, 13, 5, '2019-07-30'),
(519, 55, 13, 1, '2019-07-30'),
(520, 45, 13, 110, '2019-07-30'),
(521, 54, 13, 1, '2019-07-30'),
(522, 61, 13, 2, '2019-07-30'),
(523, 53, 13, 3, '2019-07-30'),
(524, 9, 13, 14, '2019-07-30'),
(525, 8, 13, 27, '2019-07-30'),
(526, 18, 13, 12, '2019-07-30'),
(527, 15, 13, 3, '2019-07-30'),
(528, 6, 13, 27, '2019-07-30'),
(529, 12, 13, 6, '2019-07-30'),
(530, 11, 13, 1, '2019-07-30'),
(531, 10, 13, 15, '2019-07-30'),
(532, 19, 13, 1, '2019-07-30'),
(533, 16, 13, 5, '2019-07-30'),
(534, 14, 13, 4, '2019-07-30'),
(535, 17, 13, 4, '2019-07-30'),
(536, 7, 13, 8, '2019-07-30'),
(537, 28, 13, 21, '2019-07-30'),
(538, 42, 13, 4, '2019-07-30'),
(539, 35, 13, 2, '2019-07-30'),
(540, 33, 13, 14, '2019-07-30'),
(541, 38, 13, 8, '2019-07-30'),
(542, 40, 13, 13, '2019-07-30'),
(543, 30, 13, 4, '2019-07-30'),
(544, 25, 13, 22, '2019-07-30'),
(545, 37, 13, 2, '2019-07-30'),
(546, 39, 13, 1, '2019-07-30'),
(547, 32, 13, 16, '2019-07-30'),
(548, 26, 13, 31, '2019-07-30'),
(549, 36, 13, 4, '2019-07-30'),
(550, 27, 13, 21, '2019-07-30'),
(551, 34, 13, 4, '2019-07-30'),
(552, 31, 13, 10, '2019-07-30'),
(553, 29, 13, 29, '2019-07-30'),
(554, 24, 13, 42, '2019-07-30'),
(555, 13, 13, 3, '2019-07-30'),
(556, 20, 13, 0, '2019-07-30'),
(557, 21, 13, 0, '2019-07-30'),
(558, 22, 13, 0, '2019-07-30'),
(559, 23, 13, 0, '2019-07-30'),
(560, 41, 13, 0, '2019-07-30'),
(561, 43, 13, 0, '2019-07-30'),
(562, 44, 13, 0, '2019-07-30'),
(563, 56, 13, 0, '2019-07-30'),
(564, 58, 13, 0, '2019-07-30'),
(565, 62, 13, 0, '2019-07-30'),
(566, 1, 13, 8, '2019-08-30'),
(567, 2, 13, 10, '2019-08-30'),
(568, 3, 13, 18, '2019-08-30'),
(569, 4, 13, 14, '2019-08-30'),
(570, 5, 13, 18, '2019-08-30'),
(571, 6, 13, 18, '2019-08-30'),
(572, 7, 13, 0, '2019-08-30'),
(573, 8, 13, 32, '2019-08-30'),
(574, 9, 13, 14, '2019-08-30'),
(575, 10, 13, 13, '2019-08-30'),
(576, 11, 13, 12, '2019-08-30'),
(577, 12, 13, 9, '2019-08-30'),
(578, 13, 13, 3, '2019-08-30'),
(579, 14, 13, 4, '2019-08-30'),
(580, 15, 13, 0, '2019-08-30'),
(581, 16, 13, 3, '2019-08-30'),
(582, 17, 13, 3, '2019-08-30'),
(583, 18, 13, 3, '2019-08-30'),
(584, 19, 13, 0, '2019-08-30'),
(585, 20, 13, 0, '2019-08-30'),
(586, 21, 13, 0, '2019-08-30'),
(587, 22, 13, 0, '2019-08-30'),
(588, 23, 13, 0, '2019-08-30'),
(589, 24, 13, 30, '2019-08-30'),
(590, 25, 13, 36, '2019-08-30'),
(591, 26, 13, 22, '2019-08-30'),
(592, 27, 13, 0, '2019-08-30'),
(593, 28, 13, 20, '2019-08-30'),
(594, 29, 13, 21, '2019-08-30'),
(595, 30, 13, 2, '2019-08-30'),
(596, 31, 13, 11, '2019-08-30'),
(597, 32, 13, 14, '2019-08-30'),
(598, 33, 13, 9, '2019-08-30'),
(599, 34, 13, 0, '2019-08-30'),
(600, 35, 13, 0, '2019-08-30'),
(601, 36, 13, 2, '2019-08-30'),
(602, 37, 13, 9, '2019-08-30'),
(603, 38, 13, 2, '2019-08-30'),
(604, 39, 13, 1, '2019-08-30'),
(605, 40, 13, 7, '2019-08-30'),
(606, 41, 13, 0, '2019-08-30'),
(607, 42, 13, 2, '2019-08-30'),
(608, 43, 13, 5, '2019-08-30'),
(609, 44, 13, 1, '2019-08-30'),
(610, 45, 13, 134, '2019-08-30'),
(611, 46, 13, 61, '2019-08-30'),
(612, 47, 13, 9, '2019-08-30'),
(613, 48, 13, 19, '2019-08-30'),
(614, 49, 13, 14, '2019-08-30'),
(615, 50, 13, 5, '2019-08-30'),
(616, 51, 13, 4, '2019-08-30'),
(617, 52, 13, 5, '2019-08-30'),
(618, 53, 13, 3, '2019-08-30'),
(619, 54, 13, 2, '2019-08-30'),
(620, 55, 13, 0, '2019-08-30'),
(621, 56, 13, 1, '2019-08-30'),
(622, 57, 13, 0, '2019-08-30'),
(623, 58, 13, 4, '2019-08-30'),
(624, 59, 13, 0, '2019-08-30'),
(625, 60, 13, 2, '2019-08-30'),
(626, 61, 13, 10, '2019-08-30'),
(627, 62, 13, 1, '2019-08-30');

-- --------------------------------------------------------

--
-- Cấu trúc bảng cho bảng `don_vi`
--

CREATE TABLE `don_vi` (
  `id` int(11) NOT NULL,
  `ten` varchar(255) COLLATE utf8mb4_vietnamese_ci DEFAULT NULL,
  `khoi` int(11) DEFAULT NULL,
  `id_veco1` int(11) DEFAULT NULL,
  `id_veco2` int(11) DEFAULT NULL,
  `ap_dung_quy_trinh` tinyint(1) NOT NULL DEFAULT 0
) ENGINE=InnoDB DEFAULT CHARSET=utf8mb4 COLLATE=utf8mb4_vietnamese_ci;

--
-- Đang đổ dữ liệu cho bảng `don_vi`
--

INSERT INTO `don_vi` (`id`, `ten`, `khoi`, `id_veco1`, `id_veco2`, `ap_dung_quy_trinh`) VALUES
(1, 'Trung tâm Rada', 1, 3, 256, 1),
(2, 'Trung tâm Thông tin và Tác chiến điện tử', 1, 5, 254, 1),
(3, 'Trung tâm Quang điện tử', 1, 4, 253, 1),
(4, 'Trung tâm Mô hình mô phỏng', 1, 6, 258, 1),
(5, 'Trung tâm Chỉ huy điều khiển', 1, 2, 257, 1),
(6, 'Trung tâm Kỹ thuật công nghệ - K1', 1, 741, 259, 0),
(7, 'Trung tâm Sản xuất - K1', 1, 262, 260, 0),
(8, 'Trung tâm DV Sau bán hàng - K1', 1, 706, 261, 0),
(9, 'Phòng Đảm bảo chất lượng - K1', 1, 707, 262, 0),
(10, 'Phòng Tổng hợp - K1', 1, 737, 263, 0),
(11, 'Trung tâm Nghiên cứu thiết bị VTBR', 2, NULL, 21, 1),
(12, 'Trung tâm Nghiên cứu CN truyền dẫn', 2, NULL, 22, 1),
(13, 'Trung tâm Công nghệ chuyển mạch', 2, NULL, 23, 1),
(14, 'Trung tâm OCS', 2, NULL, 24, 1),
(15, 'Trung tâm Smart Connect', 2, NULL, 25, 1),
(16, 'Trung tâm Nghiên cứu thiết bị y tế', 2, NULL, 26, 0),
(17, 'Trung tâm Kỹ thuật công nghệ - K2', 2, NULL, 27, 0),
(18, ' Phòng Quản lý sản xuất', 2, NULL, 28, 0),
(19, 'Trung tâm Dịch vụ sau bán hàng - K2', 2, NULL, 29, 0),
(20, 'Phòng Đảm bảo chất lượng - K2', 2, NULL, 30, 0),
(21, 'Phòng Tổng hợp - K2', 2, NULL, 31, 0),
(22, 'Trung tâm Chip 5G', 3, NULL, 32, 1),
(23, 'Phòng CORE', 3, NULL, 33, 1),
(24, 'Phòng Chiến lược', 4, NULL, 35, 0),
(25, 'Phòng Pháp chế và KSNB', 4, NULL, 36, 0),
(26, 'Phòng Tài chính', 4, 88, 37, 0),
(27, 'Phòng Tổ chức lao động', 4, NULL, 38, 0),
(28, 'Phòng Công nghệ thông tin', 4, 93, 39, 0),
(29, 'Phòng Chính trị', 4, 92, 40, 0),
(30, 'Văn Phòng', 4, 738, 41, 0),
(31, 'Phòng Hành chính', 4, 91, 42, 0),
(32, 'Phòng Khoa học công nghệ', 4, 89, 43, 0),
(33, 'Trung tâm Mua sắm', 4, NULL, 44, 0),
(34, 'Trung tâm Kinh doanh', 4, 465, 45, 0),
(35, ' Trung tâm Quản lý chất lượng', 4, 85, 46, 0),
(36, 'Khối 1', 1, NULL, NULL, 0),
(37, 'Khối 2', 2, NULL, 19, 0);

-- --------------------------------------------------------

--
-- Cấu trúc bảng cho bảng `du_an`
--

CREATE TABLE `du_an` (
  `id` int(11) NOT NULL,
  `ma_de_tai` text COLLATE utf8_vietnamese_ci DEFAULT NULL,
  `ten` text COLLATE utf8_vietnamese_ci NOT NULL,
  `trang_thai` tinyint(1) NOT NULL DEFAULT 1,
  `user_id` int(11) DEFAULT NULL,
  `donvi_id` int(11) DEFAULT NULL,
  `updated_at` timestamp NULL DEFAULT NULL,
  `created_at` timestamp NULL DEFAULT NULL
) ENGINE=InnoDB DEFAULT CHARSET=utf8 COLLATE=utf8_vietnamese_ci;

--
-- Đang đổ dữ liệu cho bảng `du_an`
--

INSERT INTO `du_an` (`id`, `ma_de_tai`, `ten`, `trang_thai`, `user_id`, `donvi_id`, `updated_at`, `created_at`) VALUES
(1, 'IMDB', 'Nghiên cứu xây dựng cơ sở dữ liệu trên bộ nhớ (IMDB)', 1, 9, 14, NULL, NULL),
(2, 'ONT', 'Nghiên cứu, thiết kế và chế thử thiết bị ONT', 1, 8, 12, NULL, NULL),
(3, 'EPC', 'Nghiên cứu sản xuất hệ thống mạng lõi chuyển mạch gói Evolved Packet Core (EPC) hỗ trợ 4G-LTE', 1, 8, 13, NULL, NULL),
(4, 'GMSC', 'Nghiên cứu phát triển hệ thống Gate MSC hỗ trợ TDM', 1, 7, 13, NULL, NULL),
(5, 'IMS', 'Nghiên cứu phát triển hệ thống đa phương tiện IP hỗ trợ mạng 4G (vIMS)', 1, 14, 13, NULL, NULL),
(6, 'Smallcell gNodeB 5G', 'Nghiên cứu, chế tạo trạm thu phát gốc Smallcell gNodeB 5G', 1, 14, 11, NULL, NULL),
(7, 'Site Router', 'Nghiên cứu phát triển chế tạo thiết bị Site Router', 1, 8, 12, NULL, NULL),
(8, 'TĐH CH HQ', 'Hệ thống tự động hóa chi huy cho Hải Quân', 1, 4, 5, NULL, NULL),
(9, 'MP SU-30MK2', 'Nghiên cứu, xây dựng Tổ hợp mô phỏng huấn luyện kíp chỉ huy bay và phi công Su-30MK2', 1, 13, 4, NULL, NULL),
(10, 'MP TSĐN', 'Nghiên cứu, thiết kế, xây dựng hệ thống Mô phỏng huấn luyện kĩ chiến thuật Trinh sát đặc nhiệm', 1, 13, 4, NULL, NULL),
(11, 'QĐT tầm xa', 'Nghiên cứu, thiết kế, chế tạo đài quang điện tử tầm xa trên tàu', 1, 2, 3, '2019-09-30 15:03:19', NULL),
(12, 'V-ELINT18', 'Nghiên cứu, thiết kế và chế tạo hệ thống Radar thụ động V-ELINT18', 1, 3, 2, NULL, NULL),
(13, 'V-HCR', 'Hệ thống truyền dẫn vô tuyến nhảy tần tốc độ cao (V-HCR)', 1, 3, 2, NULL, NULL),
(14, 'VRP712/S', 'Máy vô tuyến đa băng VRP712/S', 1, 3, 2, NULL, NULL),
(15, 'DFE', 'Nghiên cứu thiết kế và sản xuất thử chip Digital Frontend (DFE) cho BTS 5G', 1, 10, 22, '2019-09-20 19:37:27', NULL),
(16, 'RFIC', 'Nghiên cứu thiết kế và sản xuất thử chip RFIC cho BTS 5G băng tần Sub-6GHz', 1, 10, 22, NULL, NULL),
(17, 'AI', 'Ứng dụng trí tuệ nhân tạo vào bài toán tự động giám sát toàn cảnh bằng công nghệ nhận diện khuôn mặt và nhận dạng người', 1, 10, 23, NULL, NULL),
(18, 'RA', 'Retail Analytics', 1, 10, 23, '2019-09-20 19:37:39', NULL),
(19, 'WBHF', 'HT thông tin HF băng rộng (WBHF)', 1, 3, 2, NULL, NULL),
(20, 'VQ2', 'Nghiên cứu, thiết kế, xây dựng, triển khai Bộ mẫu Hệ thống cảnh giới và bảo vệ vùng trời quốc gia GĐ2', 1, 4, 5, NULL, NULL),
(21, 'Sa bàn 3D', 'Hệ thống Sa bàn ảo 3D', 1, 13, 4, '2019-10-04 12:17:57', NULL),
(33, 'Vipphone', 'Sản phẩm điện thoại Smartphone 4G bảo mật (Vipphone)', 1, 7, 15, '2019-09-20 20:03:01', '2019-09-20 20:03:01'),
(34, 'Chip DFE', 'Nghiên cứu thiết kế và sản xuất thử chip Digital Frontend (DFE) cho BTS 5G', 1, 10, 22, '2019-10-04 12:22:35', '2019-10-04 12:22:35'),
(35, 'Chip RFIC', 'Nghiên cứu thiết kế và sản xuất thử chip RFIC cho BTS 5G băng tần Sub-6GHz', 1, 10, 22, '2019-10-04 12:23:24', '2019-10-04 12:23:24');

-- --------------------------------------------------------

--
-- Cấu trúc bảng cho bảng `kpi_quytrinh`
--

CREATE TABLE `kpi_quytrinh` (
  `id` int(11) NOT NULL,
  `quy_trinh_id` int(11) DEFAULT NULL,
  `du_an_id` int(11) DEFAULT NULL,
  `diem` int(11) DEFAULT NULL,
  `thoigian` text COLLATE utf8_vietnamese_ci DEFAULT NULL,
  `updated_at` timestamp NULL DEFAULT NULL,
  `created_at` timestamp NULL DEFAULT NULL
) ENGINE=InnoDB DEFAULT CHARSET=utf8 COLLATE=utf8_vietnamese_ci;

--
-- Đang đổ dữ liệu cho bảng `kpi_quytrinh`
--

INSERT INTO `kpi_quytrinh` (`id`, `quy_trinh_id`, `du_an_id`, `diem`, `thoigian`, `updated_at`, `created_at`) VALUES
(1, 1, 8, 56, '2019-07', NULL, NULL),
(2, 5, 8, 58, '2019-07', NULL, NULL),
(3, 1, 3, 89, '2019-07', NULL, NULL),
(4, 5, 3, 71, '2019-07', NULL, NULL),
(5, 1, 4, 64, '2019-07', NULL, NULL),
(6, 5, 4, 68, '2019-07', NULL, NULL),
(7, 1, 5, 90, '2019-07', NULL, NULL),
(8, 5, 5, 69, '2019-07', NULL, NULL),
(9, 6, 7, 71, '2019-07', NULL, NULL),
(10, 1, 9, 82, '2019-07', NULL, NULL),
(11, 2, 9, 69, '2019-07', NULL, NULL),
(12, 3, 9, 43, '2019-07', NULL, NULL),
(13, 5, 9, 72, '2019-07', NULL, NULL),
(14, 1, 10, 77, '2019-07', NULL, NULL),
(15, 2, 10, 52, '2019-07', NULL, NULL),
(16, 3, 10, 39, '2019-07', NULL, NULL),
(17, 5, 10, 61, '2019-07', NULL, NULL),
(18, 1, 2, 58, '2019-07', NULL, NULL),
(19, 2, 2, 69, '2019-07', NULL, NULL),
(20, 3, 2, 78, '2019-07', NULL, NULL),
(21, 5, 2, 49, '2019-07', NULL, NULL),
(22, 1, 6, 70, '2019-07', NULL, NULL),
(23, 2, 6, 100, '2019-07', NULL, NULL),
(24, 3, 6, 53, '2019-07', NULL, NULL),
(25, 5, 6, 100, '2019-07', NULL, NULL),
(26, 1, 1, 82, '2019-07', NULL, NULL),
(27, 5, 1, 75, '2019-07', NULL, NULL),
(28, 1, 11, 92, '2019-07', NULL, NULL),
(29, 2, 11, 43, '2019-07', NULL, NULL),
(30, 3, 11, 35, '2019-07', NULL, NULL),
(31, 5, 11, 10, '2019-07', NULL, NULL),
(32, 1, 12, 81, '2019-07', NULL, NULL),
(33, 2, 12, 80, '2019-07', NULL, NULL),
(34, 3, 12, 93, '2019-07', NULL, NULL),
(35, 5, 12, 96, '2019-07', NULL, NULL),
(36, 1, 13, 97, '2019-07', NULL, NULL),
(37, 2, 13, 94, '2019-07', NULL, NULL),
(38, 3, 13, 97, '2019-07', NULL, NULL),
(39, 5, 13, 89, '2019-07', NULL, NULL),
(40, 1, 14, 92, '2019-07', NULL, NULL),
(41, 2, 14, 84, '2019-07', NULL, NULL),
(42, 3, 14, 100, '2019-07', NULL, NULL),
(43, 5, 14, 80, '2019-07', NULL, NULL),
(44, 5, 17, 69, '2019-08', NULL, NULL),
(45, 5, 18, 78, '2019-08', NULL, NULL),
(46, 1, 8, 56, '2019-08', NULL, NULL),
(47, 5, 8, 53, '2019-08', NULL, NULL),
(48, 1, 20, 41, '2019-08', NULL, NULL),
(49, 5, 20, 47, '2019-08', NULL, NULL),
(50, 9, 34, 0, '2019-08', NULL, NULL),
(51, 9, 35, 0, '2019-08', NULL, NULL),
(52, 1, 4, 67, '2019-08', NULL, NULL),
(53, 5, 4, 71, '2019-08', NULL, NULL),
(54, 1, 3, 93, '2019-08', NULL, NULL),
(55, 5, 3, 71, '2019-08', NULL, NULL),
(56, 1, 5, 94, '2019-08', NULL, NULL),
(57, 5, 5, 68, '2019-08', NULL, NULL),
(58, 6, 7, 76, '2019-08', NULL, NULL),
(59, 1, 9, 64, '2019-08', NULL, NULL),
(60, 2, 9, 86, '2019-08', NULL, NULL),
(61, 3, 9, 37, '2019-08', NULL, NULL),
(62, 5, 9, 53, '2019-08', NULL, NULL),
(63, 1, 10, 64, '2019-08', NULL, NULL),
(64, 2, 10, 22, '2019-08', NULL, NULL),
(65, 3, 10, 22, '2019-08', NULL, NULL),
(66, 5, 10, 55, '2019-08', NULL, NULL),
(67, 1, 21, 80, '2019-08', NULL, NULL),
(68, 1, 2, 94, '2019-08', NULL, NULL),
(69, 2, 2, 90, '2019-08', NULL, NULL),
(70, 3, 2, 97, '2019-08', NULL, NULL),
(71, 5, 2, 84, '2019-08', NULL, NULL),
(72, 1, 6, 90, '2019-08', NULL, NULL),
(73, 2, 6, 88, '2019-08', NULL, NULL),
(74, 3, 6, 100, '2019-08', NULL, NULL),
(75, 5, 6, 83, '2019-08', NULL, NULL),
(76, 1, 1, 83, '2019-08', NULL, NULL),
(77, 5, 1, 76, '2019-08', NULL, NULL),
(78, 1, 11, 91, '2019-08', NULL, NULL),
(79, 2, 11, 52, '2019-08', NULL, NULL),
(80, 3, 11, 21, '2019-08', NULL, NULL),
(81, 5, 11, 95, '2019-08', NULL, NULL),
(82, 1, 12, 81, '2019-08', NULL, NULL),
(83, 2, 12, 71, '2019-08', NULL, NULL),
(84, 3, 12, 79, '2019-08', NULL, NULL),
(85, 5, 12, 91, '2019-08', NULL, NULL),
(86, 1, 13, 62, '2019-08', NULL, NULL),
(87, 2, 13, 92, '2019-08', NULL, NULL),
(88, 3, 13, 90, '2019-08', NULL, NULL),
(89, 5, 13, 44, '2019-08', NULL, NULL),
(90, 1, 14, 83, '2019-08', NULL, NULL),
(91, 2, 14, 47, '2019-08', NULL, NULL),
(92, 3, 14, 96, '2019-08', NULL, NULL),
(93, 5, 14, 66, '2019-08', NULL, NULL),
(94, 1, 19, 61, '2019-08', NULL, NULL),
(95, 2, 19, 70, '2019-08', NULL, NULL),
(96, 3, 19, 80, '2019-08', NULL, NULL),
(97, 5, 19, 64, '2019-08', NULL, NULL),
(98, 1, 8, 67, '2019-09', NULL, NULL),
(99, 5, 8, 65, '2019-09', NULL, NULL),
(100, 1, 9, 64, '2019-09', NULL, NULL),
(101, 2, 9, 86, '2019-09', NULL, NULL),
(102, 3, 9, 37, '2019-09', NULL, NULL),
(103, 5, 9, 53, '2019-09', NULL, NULL),
(104, 1, 10, 64, '2019-09', NULL, NULL),
(105, 2, 10, 22, '2019-09', NULL, NULL),
(106, 3, 10, 23, '2019-09', NULL, NULL),
(107, 5, 10, 55, '2019-09', NULL, NULL),
(108, 1, 21, 80, '2019-09', NULL, NULL),
(109, 1, 11, 91, '2019-09', NULL, NULL),
(110, 2, 11, 39, '2019-09', NULL, NULL),
(111, 3, 11, 54, '2019-09', NULL, NULL),
(112, 5, 11, 96, '2019-09', NULL, NULL),
(113, 1, 12, 81, '2019-09', NULL, NULL),
(114, 2, 12, 71, '2019-09', NULL, NULL),
(115, 3, 12, 79, '2019-09', NULL, NULL),
(116, 5, 12, 91, '2019-09', NULL, NULL),
(117, 1, 13, 62, '2019-09', NULL, NULL),
(118, 2, 13, 92, '2019-09', NULL, NULL),
(119, 3, 13, 90, '2019-09', NULL, NULL),
(120, 5, 13, 75, '2019-09', NULL, NULL),
(121, 1, 14, 81, '2019-09', NULL, NULL),
(122, 2, 14, 47, '2019-09', NULL, NULL),
(123, 3, 14, 96, '2019-09', NULL, NULL),
(124, 5, 14, 66, '2019-09', NULL, NULL),
(125, 1, 19, 61, '2019-09', NULL, NULL),
(126, 2, 19, 70, '2019-09', NULL, NULL),
(127, 3, 19, 80, '2019-09', NULL, NULL),
(128, 5, 19, 64, '2019-09', NULL, NULL),
(129, 1, 4, 78, '2019-09', NULL, NULL),
(130, 5, 4, 87, '2019-09', NULL, NULL),
(131, 1, 3, 93, '2019-09', NULL, NULL),
(132, 5, 3, 71, '2019-09', NULL, NULL),
(133, 1, 5, 94, '2019-09', NULL, NULL),
(134, 5, 5, 68, '2019-09', NULL, NULL),
(135, 6, 7, 82, '2019-09', NULL, NULL),
(136, 1, 2, 94, '2019-09', NULL, NULL),
(137, 2, 2, 90, '2019-09', NULL, NULL),
(138, 3, 2, 97, '2019-09', NULL, NULL),
(139, 5, 2, 84, '2019-09', NULL, NULL),
(140, 1, 6, 83, '2019-09', NULL, NULL),
(141, 2, 6, 100, '2019-09', NULL, NULL),
(142, 3, 6, 65, '2019-09', NULL, NULL),
(143, 5, 6, 75, '2019-09', NULL, NULL),
(144, 1, 1, 86, '2019-09', NULL, NULL),
(145, 5, 1, 74, '2019-09', NULL, NULL),
(146, 7, 33, 63, '2019-09', NULL, NULL),
(147, 5, 17, 72, '2019-09', NULL, NULL),
(148, 5, 18, 82, '2019-09', NULL, NULL),
(149, 9, 34, 20, '2019-09', NULL, NULL),
(150, 9, 35, 20, '2019-09', NULL, NULL),
(151, 1, 4, 78, '2019-10', NULL, NULL),
(152, 5, 4, 87, '2019-10', NULL, NULL),
(153, 1, 3, 93, '2019-10', NULL, NULL),
(154, 5, 3, 71, '2019-10', NULL, NULL),
(155, 1, 5, 94, '2019-10', NULL, NULL),
(156, 5, 5, 68, '2019-10', NULL, NULL),
(157, 6, 7, 82, '2019-10', NULL, NULL),
(158, 1, 2, 94, '2019-10', NULL, NULL),
(159, 2, 2, 90, '2019-10', NULL, NULL),
(160, 3, 2, 97, '2019-10', NULL, NULL),
(161, 5, 2, 84, '2019-10', NULL, NULL),
(162, 1, 6, 83, '2019-10', NULL, NULL),
(163, 2, 6, 100, '2019-10', NULL, NULL),
(164, 3, 6, 65, '2019-10', NULL, NULL),
(165, 5, 6, 75, '2019-10', NULL, NULL),
(166, 1, 1, 86, '2019-10', NULL, NULL),
(167, 5, 1, 74, '2019-10', NULL, NULL),
(168, 7, 33, 63, '2019-10', NULL, NULL),
(169, 1, 8, 67, '2019-10', NULL, NULL),
(170, 5, 8, 65, '2019-10', NULL, NULL),
(171, 1, 9, 64, '2019-10', NULL, NULL),
(172, 2, 9, 86, '2019-10', NULL, NULL),
(173, 3, 9, 37, '2019-10', NULL, NULL),
(174, 5, 9, 53, '2019-10', NULL, NULL),
(175, 1, 10, 64, '2019-10', NULL, NULL),
(176, 2, 10, 22, '2019-10', NULL, NULL),
(177, 3, 10, 23, '2019-10', NULL, NULL),
(178, 5, 10, 55, '2019-10', NULL, NULL),
(179, 1, 21, 80, '2019-10', NULL, NULL),
(180, 1, 11, 95, '2019-10', NULL, NULL),
(181, 2, 11, 54, '2019-10', NULL, NULL),
(182, 3, 11, 37, '2019-10', NULL, NULL),
(183, 5, 11, 97, '2019-10', NULL, NULL),
(184, 1, 12, 81, '2019-10', NULL, NULL),
(185, 2, 12, 71, '2019-10', NULL, NULL),
(186, 3, 12, 79, '2019-10', NULL, NULL),
(187, 5, 12, 91, '2019-10', NULL, NULL),
(188, 1, 13, 62, '2019-10', NULL, NULL),
(189, 2, 13, 92, '2019-10', NULL, NULL),
(190, 3, 13, 90, '2019-10', NULL, NULL),
(191, 5, 13, 75, '2019-10', NULL, NULL),
(192, 1, 14, 81, '2019-10', NULL, NULL),
(193, 2, 14, 47, '2019-10', NULL, NULL),
(194, 3, 14, 96, '2019-10', NULL, NULL),
(195, 5, 14, 66, '2019-10', NULL, NULL),
(196, 1, 19, 61, '2019-10', NULL, NULL),
(197, 2, 19, 70, '2019-10', NULL, NULL),
(198, 3, 19, 80, '2019-10', NULL, NULL),
(199, 5, 19, 64, '2019-10', NULL, NULL),
(200, 5, 17, 72, '2019-10', NULL, NULL),
(201, 5, 18, 82, '2019-10', NULL, NULL),
(202, 9, 34, 20, '2019-10', NULL, NULL),
(203, 9, 35, 20, '2019-10', NULL, NULL),
(204, 8, 1, 79, '2019-07', NULL, NULL),
(205, 8, 1, 80, '2019-08', NULL, NULL),
(206, 8, 1, 80, '2019-09', NULL, NULL),
(207, 8, 1, 80, '2019-10', NULL, NULL),
(208, 8, 2, 64, '2019-07', NULL, NULL),
(209, 8, 2, 91, '2019-08', NULL, NULL),
(210, 8, 2, 91, '2019-09', NULL, NULL),
(211, 8, 2, 91, '2019-10', NULL, NULL),
(212, 8, 3, 80, '2019-07', NULL, NULL),
(213, 8, 3, 82, '2019-08', NULL, NULL),
(214, 8, 3, 82, '2019-09', NULL, NULL),
(215, 8, 3, 82, '2019-10', NULL, NULL),
(216, 8, 4, 66, '2019-07', NULL, NULL),
(217, 8, 4, 69, '2019-08', NULL, NULL),
(218, 8, 4, 83, '2019-09', NULL, NULL),
(219, 8, 4, 83, '2019-10', NULL, NULL),
(220, 8, 5, 80, '2019-07', NULL, NULL),
(221, 8, 5, 81, '2019-08', NULL, NULL),
(222, 8, 5, 81, '2019-09', NULL, NULL),
(223, 8, 5, 81, '2019-10', NULL, NULL),
(224, 8, 6, 81, '2019-07', NULL, NULL),
(225, 8, 6, 90, '2019-08', NULL, NULL),
(226, 8, 6, 81, '2019-09', NULL, NULL),
(227, 8, 6, 81, '2019-10', NULL, NULL),
(228, 8, 7, 71, '2019-07', NULL, NULL),
(229, 8, 7, 76, '2019-08', NULL, NULL),
(230, 8, 7, 82, '2019-09', NULL, NULL),
(231, 8, 7, 82, '2019-10', NULL, NULL),
(232, 8, 8, 57, '2019-07', NULL, NULL),
(233, 8, 8, 55, '2019-08', NULL, NULL),
(234, 8, 8, 66, '2019-09', NULL, NULL),
(235, 8, 8, 66, '2019-10', NULL, NULL),
(236, 8, 9, 67, '2019-07', NULL, NULL),
(237, 8, 9, 60, '2019-08', NULL, NULL),
(238, 8, 9, 60, '2019-09', NULL, NULL),
(239, 8, 9, 60, '2019-10', NULL, NULL),
(240, 8, 10, 57, '2019-07', NULL, NULL),
(241, 8, 10, 41, '2019-08', NULL, NULL),
(242, 8, 10, 41, '2019-09', NULL, NULL),
(243, 8, 10, 41, '2019-10', NULL, NULL),
(244, 8, 11, 45, '2019-07', NULL, NULL),
(245, 8, 11, 65, '2019-08', NULL, NULL),
(246, 8, 11, 70, '2019-09', NULL, NULL),
(247, 8, 11, 71, '2019-10', NULL, NULL),
(248, 8, 12, 88, '2019-07', NULL, NULL),
(249, 8, 12, 81, '2019-08', NULL, NULL),
(250, 8, 12, 81, '2019-09', NULL, NULL),
(251, 8, 12, 81, '2019-10', NULL, NULL),
(252, 8, 13, 94, '2019-07', NULL, NULL),
(253, 8, 13, 72, '2019-08', NULL, NULL),
(254, 8, 13, 80, '2019-09', NULL, NULL),
(255, 8, 13, 80, '2019-10', NULL, NULL),
(256, 8, 14, 89, '2019-07', NULL, NULL),
(257, 8, 14, 73, '2019-08', NULL, NULL),
(258, 8, 14, 73, '2019-09', NULL, NULL),
(259, 8, 14, 73, '2019-10', NULL, NULL),
(260, 8, 17, 69, '2019-08', NULL, NULL),
(261, 8, 17, 72, '2019-09', NULL, NULL),
(262, 8, 17, 72, '2019-10', NULL, NULL),
(263, 8, 18, 78, '2019-08', NULL, NULL),
(264, 8, 18, 82, '2019-09', NULL, NULL),
(265, 8, 18, 82, '2019-10', NULL, NULL),
(266, 8, 19, 69, '2019-08', NULL, NULL),
(267, 8, 19, 69, '2019-09', NULL, NULL),
(268, 8, 19, 69, '2019-10', NULL, NULL),
(269, 8, 20, 44, '2019-08', NULL, NULL),
(270, 8, 21, 80, '2019-08', NULL, NULL),
(271, 8, 21, 80, '2019-09', NULL, NULL),
(272, 8, 21, 80, '2019-10', NULL, NULL),
(273, 8, 33, 63, '2019-09', NULL, NULL),
(274, 8, 33, 63, '2019-10', NULL, NULL),
(275, 8, 34, 0, '2019-08', NULL, NULL),
(276, 8, 34, 20, '2019-09', NULL, NULL),
(277, 8, 34, 20, '2019-10', NULL, NULL),
(278, 8, 35, 0, '2019-08', NULL, NULL),
(279, 8, 35, 20, '2019-09', NULL, NULL),
(280, 8, 35, 20, '2019-10', NULL, NULL);

-- --------------------------------------------------------

--
-- Cấu trúc bảng cho bảng `kpi_veco`
--

CREATE TABLE `kpi_veco` (
  `id` int(11) NOT NULL,
  `don_vi_id` int(11) NOT NULL,
  `tuy_chon_id` int(11) NOT NULL,
  `chi_so` int(11) NOT NULL,
  `thoi_gian` date NOT NULL,
  `updated_at` timestamp NULL DEFAULT NULL,
  `created_at` timestamp NULL DEFAULT NULL
) ENGINE=InnoDB DEFAULT CHARSET=utf8mb4 COLLATE=utf8mb4_vietnamese_ci;

--
-- Đang đổ dữ liệu cho bảng `kpi_veco`
--

INSERT INTO `kpi_veco` (`id`, `don_vi_id`, `tuy_chon_id`, `chi_so`, `thoi_gian`, `updated_at`, `created_at`) VALUES
(1, 1, 15, 3, '2019-07-05', NULL, NULL),
(2, 2, 15, 7, '2019-07-05', NULL, NULL),
(3, 3, 15, 10, '2019-07-05', NULL, NULL),
(4, 4, 15, 1, '2019-07-05', NULL, NULL),
(5, 5, 15, 13, '2019-07-05', NULL, NULL),
(6, 6, 15, 34, '2019-07-05', NULL, NULL),
(7, 7, 15, 1, '2019-07-05', NULL, NULL),
(8, 8, 15, 7, '2019-07-05', NULL, NULL),
(9, 9, 15, 0, '2019-07-05', NULL, NULL),
(10, 10, 15, 4, '2019-07-05', NULL, NULL),
(11, 11, 15, 0, '2019-07-05', NULL, NULL),
(12, 12, 15, 3, '2019-07-05', NULL, NULL),
(13, 13, 15, 0, '2019-07-05', NULL, NULL),
(14, 14, 15, 3, '2019-07-05', NULL, NULL),
(15, 15, 15, 2, '2019-07-05', NULL, NULL),
(16, 16, 15, 0, '2019-07-05', NULL, NULL),
(17, 17, 15, 21, '2019-07-05', NULL, NULL),
(18, 18, 15, 3, '2019-07-05', NULL, NULL),
(19, 19, 15, 0, '2019-07-05', NULL, NULL),
(20, 20, 15, 0, '2019-07-05', NULL, NULL),
(21, 21, 15, 6, '2019-07-05', NULL, NULL),
(22, 22, 15, 10, '2019-07-05', NULL, NULL),
(23, 23, 15, 1, '2019-07-05', NULL, NULL),
(24, 24, 15, 0, '2019-07-05', NULL, NULL),
(25, 25, 15, 2, '2019-07-05', NULL, NULL),
(26, 26, 15, 2, '2019-07-05', NULL, NULL),
(27, 27, 15, 7, '2019-07-05', NULL, NULL),
(28, 28, 15, 1, '2019-07-05', NULL, NULL),
(29, 29, 15, 2, '2019-07-05', NULL, NULL),
(30, 30, 15, 3, '2019-07-05', NULL, NULL),
(31, 31, 15, 5, '2019-07-05', NULL, NULL),
(32, 32, 15, 9, '2019-07-05', NULL, NULL),
(33, 33, 15, 7, '2019-07-05', NULL, NULL),
(34, 34, 15, 17, '2019-07-05', NULL, NULL),
(35, 35, 15, 12, '2019-07-05', NULL, NULL),
(36, 3, 15, 5, '2019-07-12', NULL, NULL),
(37, 10, 15, 2, '2019-07-12', NULL, NULL),
(38, 5, 15, 2, '2019-07-12', NULL, NULL),
(39, 8, 15, 3, '2019-07-12', NULL, NULL),
(40, 6, 15, 27, '2019-07-12', NULL, NULL),
(41, 4, 15, 1, '2019-07-12', NULL, NULL),
(42, 1, 15, 7, '2019-07-12', NULL, NULL),
(43, 7, 15, 2, '2019-07-12', NULL, NULL),
(44, 2, 15, 3, '2019-07-12', NULL, NULL),
(45, 31, 15, 5, '2019-07-12', NULL, NULL),
(46, 26, 15, 3, '2019-07-12', NULL, NULL),
(47, 27, 15, 8, '2019-07-12', NULL, NULL),
(48, 32, 15, 2, '2019-07-12', NULL, NULL),
(49, 34, 15, 5, '2019-07-12', NULL, NULL),
(50, 33, 15, 10, '2019-07-12', NULL, NULL),
(51, 9, 15, 4, '2019-07-12', NULL, NULL),
(52, 11, 15, 0, '2019-07-12', NULL, NULL),
(53, 12, 15, 1, '2019-07-12', NULL, NULL),
(54, 13, 15, 0, '2019-07-12', NULL, NULL),
(55, 14, 15, 0, '2019-07-12', NULL, NULL),
(56, 15, 15, 2, '2019-07-12', NULL, NULL),
(57, 16, 15, 0, '2019-07-12', NULL, NULL),
(58, 17, 15, 19, '2019-07-12', NULL, NULL),
(59, 18, 15, 3, '2019-07-12', NULL, NULL),
(60, 19, 15, 0, '2019-07-12', NULL, NULL),
(61, 20, 15, 0, '2019-07-12', NULL, NULL),
(62, 21, 15, 5, '2019-07-12', NULL, NULL),
(63, 22, 15, 5, '2019-07-12', NULL, NULL),
(64, 23, 15, 0, '2019-07-12', NULL, NULL),
(65, 24, 15, 1, '2019-07-12', NULL, NULL),
(66, 25, 15, 0, '2019-07-12', NULL, NULL),
(67, 28, 15, 2, '2019-07-12', NULL, NULL),
(68, 29, 15, 0, '2019-07-12', NULL, NULL),
(69, 35, 15, 10, '2019-07-12', NULL, NULL),
(70, 30, 15, 2, '2019-07-12', NULL, NULL),
(71, 1, 15, 2, '2019-07-19', NULL, NULL),
(72, 2, 15, 14, '2019-07-19', NULL, NULL),
(73, 3, 15, 6, '2019-07-19', NULL, NULL),
(74, 4, 15, 0, '2019-07-19', NULL, NULL),
(75, 5, 15, 5, '2019-07-19', NULL, NULL),
(76, 6, 15, 37, '2019-07-19', NULL, NULL),
(77, 7, 15, 5, '2019-07-19', NULL, NULL),
(78, 8, 15, 5, '2019-07-19', NULL, NULL),
(79, 9, 15, 0, '2019-07-19', NULL, NULL),
(80, 10, 15, 3, '2019-07-19', NULL, NULL),
(81, 11, 15, 10, '2019-07-19', NULL, NULL),
(82, 12, 15, 3, '2019-07-19', NULL, NULL),
(83, 13, 15, 1, '2019-07-19', NULL, NULL),
(84, 14, 15, 2, '2019-07-19', NULL, NULL),
(85, 15, 15, 3, '2019-07-19', NULL, NULL),
(86, 16, 15, 3, '2019-07-19', NULL, NULL),
(87, 17, 15, 79, '2019-07-19', NULL, NULL),
(88, 18, 15, 3, '2019-07-19', NULL, NULL),
(89, 19, 15, 1, '2019-07-19', NULL, NULL),
(90, 20, 15, 2, '2019-07-19', NULL, NULL),
(91, 21, 15, 5, '2019-07-19', NULL, NULL),
(92, 22, 15, 7, '2019-07-19', NULL, NULL),
(93, 23, 15, 0, '2019-07-19', NULL, NULL),
(94, 24, 15, 1, '2019-07-19', NULL, NULL),
(95, 25, 15, 1, '2019-07-19', NULL, NULL),
(96, 26, 15, 1, '2019-07-19', NULL, NULL),
(97, 27, 15, 6, '2019-07-19', NULL, NULL),
(98, 28, 15, 5, '2019-07-19', NULL, NULL),
(99, 29, 15, 1, '2019-07-19', NULL, NULL),
(100, 30, 15, 2, '2019-07-19', NULL, NULL),
(101, 31, 15, 3, '2019-07-19', NULL, NULL),
(102, 32, 15, 5, '2019-07-19', NULL, NULL),
(103, 33, 15, 7, '2019-07-19', NULL, NULL),
(104, 34, 15, 16, '2019-07-19', NULL, NULL),
(105, 35, 15, 10, '2019-07-19', NULL, NULL),
(106, 1, 15, 2, '2019-08-02', NULL, NULL),
(107, 2, 15, 10, '2019-08-02', NULL, NULL),
(108, 3, 15, 4, '2019-08-02', NULL, NULL),
(109, 4, 15, 0, '2019-08-02', NULL, NULL),
(110, 5, 15, 7, '2019-08-02', NULL, NULL),
(111, 6, 15, 39, '2019-08-02', NULL, NULL),
(112, 7, 15, 3, '2019-08-02', NULL, NULL),
(113, 8, 15, 5, '2019-08-02', NULL, NULL),
(114, 9, 15, 0, '2019-08-02', NULL, NULL),
(115, 10, 15, 2, '2019-08-02', NULL, NULL),
(116, 11, 15, 0, '2019-08-02', NULL, NULL),
(117, 12, 15, 2, '2019-08-02', NULL, NULL),
(118, 13, 15, 1, '2019-08-02', NULL, NULL),
(119, 14, 15, 1, '2019-08-02', NULL, NULL),
(120, 15, 15, 7, '2019-08-02', NULL, NULL),
(121, 16, 15, 1, '2019-08-02', NULL, NULL),
(122, 17, 15, 40, '2019-08-02', NULL, NULL),
(123, 18, 15, 3, '2019-08-02', NULL, NULL),
(124, 19, 15, 1, '2019-08-02', NULL, NULL),
(125, 20, 15, 2, '2019-08-02', NULL, NULL),
(126, 21, 15, 8, '2019-08-02', NULL, NULL),
(127, 22, 15, 6, '2019-08-02', NULL, NULL),
(128, 23, 15, 0, '2019-08-02', NULL, NULL),
(129, 24, 15, 0, '2019-08-02', NULL, NULL),
(130, 25, 15, 1, '2019-08-02', NULL, NULL),
(131, 26, 15, 2, '2019-08-02', NULL, NULL),
(132, 27, 15, 5, '2019-08-02', NULL, NULL),
(133, 28, 15, 2, '2019-08-02', NULL, NULL),
(134, 29, 15, 1, '2019-08-02', NULL, NULL),
(135, 30, 15, 1, '2019-08-02', NULL, NULL),
(136, 31, 15, 3, '2019-08-02', NULL, NULL),
(137, 32, 15, 2, '2019-08-02', NULL, NULL),
(138, 33, 15, 7, '2019-08-02', NULL, NULL),
(139, 34, 15, 19, '2019-08-02', NULL, NULL),
(140, 35, 15, 9, '2019-08-02', NULL, NULL),
(141, 1, 15, 9, '2019-08-09', NULL, NULL),
(142, 2, 15, 1, '2019-08-09', NULL, NULL),
(143, 3, 15, 4, '2019-08-09', NULL, NULL),
(144, 4, 15, 1, '2019-08-09', NULL, NULL),
(145, 5, 15, 6, '2019-08-09', NULL, NULL),
(146, 6, 15, 44, '2019-08-09', NULL, NULL),
(147, 7, 15, 2, '2019-08-09', NULL, NULL),
(148, 8, 15, 3, '2019-08-09', NULL, NULL),
(149, 9, 15, 0, '2019-08-09', NULL, NULL),
(150, 10, 15, 4, '2019-08-09', NULL, NULL),
(151, 11, 15, 0, '2019-08-09', NULL, NULL),
(152, 12, 15, 2, '2019-08-09', NULL, NULL),
(153, 13, 15, 4, '2019-08-09', NULL, NULL),
(154, 14, 15, 0, '2019-08-09', NULL, NULL),
(155, 15, 15, 6, '2019-08-09', NULL, NULL),
(156, 16, 15, 4, '2019-08-09', NULL, NULL),
(157, 17, 15, 68, '2019-08-09', NULL, NULL),
(158, 18, 15, 3, '2019-08-09', NULL, NULL),
(159, 19, 15, 0, '2019-08-09', NULL, NULL),
(160, 20, 15, 4, '2019-08-09', NULL, NULL),
(161, 21, 15, 7, '2019-08-09', NULL, NULL),
(162, 22, 15, 11, '2019-08-09', NULL, NULL),
(163, 23, 15, 0, '2019-08-09', NULL, NULL),
(164, 24, 15, 0, '2019-08-09', NULL, NULL),
(165, 25, 15, 0, '2019-08-09', NULL, NULL),
(166, 26, 15, 4, '2019-08-09', NULL, NULL),
(167, 27, 15, 9, '2019-08-09', NULL, NULL),
(168, 28, 15, 0, '2019-08-09', NULL, NULL),
(169, 29, 15, 1, '2019-08-09', NULL, NULL),
(170, 30, 15, 2, '2019-08-09', NULL, NULL),
(171, 31, 15, 2, '2019-08-09', NULL, NULL),
(172, 32, 15, 1, '2019-08-09', NULL, NULL),
(173, 33, 15, 11, '2019-08-09', NULL, NULL),
(174, 34, 15, 11, '2019-08-09', NULL, NULL),
(175, 35, 15, 10, '2019-08-09', NULL, NULL),
(176, 1, 15, 2, '2019-08-16', NULL, NULL),
(177, 2, 15, 5, '2019-08-16', NULL, NULL),
(178, 3, 15, 9, '2019-08-16', NULL, NULL),
(179, 4, 15, 0, '2019-08-16', NULL, NULL),
(180, 5, 15, 7, '2019-08-16', NULL, NULL),
(181, 6, 15, 38, '2019-08-16', NULL, NULL),
(182, 7, 15, 6, '2019-08-16', NULL, NULL),
(183, 8, 15, 5, '2019-08-16', NULL, NULL),
(184, 9, 15, 0, '2019-08-16', NULL, NULL),
(185, 10, 15, 7, '2019-08-16', NULL, NULL),
(186, 11, 15, 0, '2019-08-16', NULL, NULL),
(187, 12, 15, 2, '2019-08-16', NULL, NULL),
(188, 13, 15, 2, '2019-08-16', NULL, NULL),
(189, 14, 15, 3, '2019-08-16', NULL, NULL),
(190, 15, 15, 3, '2019-08-16', NULL, NULL),
(191, 16, 15, 1, '2019-08-16', NULL, NULL),
(192, 17, 15, 51, '2019-08-16', NULL, NULL),
(193, 18, 15, 3, '2019-08-16', NULL, NULL),
(194, 19, 15, 1, '2019-08-16', NULL, NULL),
(195, 20, 15, 3, '2019-08-16', NULL, NULL),
(196, 21, 15, 2, '2019-08-16', NULL, NULL),
(197, 22, 15, 10, '2019-08-16', NULL, NULL),
(198, 23, 15, 0, '2019-08-16', NULL, NULL),
(199, 24, 15, 0, '2019-08-16', NULL, NULL),
(200, 25, 15, 0, '2019-08-16', NULL, NULL),
(201, 26, 15, 3, '2019-08-16', NULL, NULL),
(202, 27, 15, 4, '2019-08-16', NULL, NULL),
(203, 28, 15, 1, '2019-08-16', NULL, NULL),
(204, 29, 15, 0, '2019-08-16', NULL, NULL),
(205, 30, 15, 1, '2019-08-16', NULL, NULL),
(206, 31, 15, 5, '2019-08-16', NULL, NULL),
(207, 32, 15, 3, '2019-08-16', NULL, NULL),
(208, 33, 15, 18, '2019-08-16', NULL, NULL),
(209, 34, 15, 10, '2019-08-16', NULL, NULL),
(210, 35, 15, 12, '2019-08-16', NULL, NULL),
(211, 1, 15, 5, '2019-08-30', NULL, NULL),
(212, 2, 15, 6, '2019-08-30', NULL, NULL),
(213, 3, 15, 7, '2019-08-30', NULL, NULL),
(214, 4, 15, 0, '2019-08-30', NULL, NULL),
(215, 5, 15, 2, '2019-08-30', NULL, NULL),
(216, 6, 15, 26, '2019-08-30', NULL, NULL),
(217, 7, 15, 4, '2019-08-30', NULL, NULL),
(218, 8, 15, 6, '2019-08-30', NULL, NULL),
(219, 9, 15, 2, '2019-08-30', NULL, NULL),
(220, 10, 15, 3, '2019-08-30', NULL, NULL),
(221, 11, 15, 7, '2019-08-30', NULL, NULL),
(222, 12, 15, 2, '2019-08-30', NULL, NULL),
(223, 13, 15, 2, '2019-08-30', NULL, NULL),
(224, 14, 15, 1, '2019-08-30', NULL, NULL),
(225, 15, 15, 2, '2019-08-30', NULL, NULL),
(226, 16, 15, 1, '2019-08-30', NULL, NULL),
(227, 17, 15, 45, '2019-08-30', NULL, NULL),
(228, 18, 15, 3, '2019-08-30', NULL, NULL),
(229, 19, 15, 2, '2019-08-30', NULL, NULL),
(230, 20, 15, 0, '2019-08-30', NULL, NULL),
(231, 21, 15, 9, '2019-08-30', NULL, NULL),
(232, 22, 15, 9, '2019-08-30', NULL, NULL),
(233, 23, 15, 0, '2019-08-30', NULL, NULL),
(234, 24, 15, 0, '2019-08-30', NULL, NULL),
(235, 25, 15, 1, '2019-08-30', NULL, NULL),
(236, 26, 15, 1, '2019-08-30', NULL, NULL),
(237, 27, 15, 7, '2019-08-30', NULL, NULL),
(238, 28, 15, 1, '2019-08-30', NULL, NULL),
(239, 29, 15, 1, '2019-08-30', NULL, NULL),
(240, 30, 15, 1, '2019-08-30', NULL, NULL),
(241, 31, 15, 2, '2019-08-30', NULL, NULL),
(242, 32, 15, 3, '2019-08-30', NULL, NULL),
(243, 33, 15, 10, '2019-08-30', NULL, NULL),
(244, 34, 15, 12, '2019-08-30', NULL, NULL),
(245, 35, 15, 10, '2019-08-30', NULL, NULL),
(257, 1, 15, 5, '2019-09-06', '2019-09-08 22:27:31', '2019-09-08 22:27:31'),
(258, 2, 15, 5, '2019-09-06', '2019-09-08 22:27:43', '2019-09-08 22:27:43'),
(259, 3, 15, 6, '2019-09-06', '2019-09-08 22:28:09', '2019-09-08 22:28:09'),
(260, 4, 15, 3, '2019-09-06', '2019-09-08 22:28:20', '2019-09-08 22:28:20'),
(261, 5, 15, 4, '2019-09-06', '2019-09-08 22:28:32', '2019-09-08 22:28:32'),
(262, 6, 15, 51, '2019-09-06', '2019-09-08 22:28:50', '2019-09-08 22:28:50'),
(263, 7, 15, 1, '2019-09-06', '2019-09-08 22:29:07', '2019-09-08 22:29:07'),
(264, 8, 15, 3, '2019-09-06', '2019-09-08 22:29:39', '2019-09-08 22:29:39'),
(265, 9, 15, 0, '2019-09-06', '2019-09-08 22:30:26', '2019-09-08 22:30:26'),
(266, 10, 15, 6, '2019-09-06', '2019-09-08 22:30:36', '2019-09-08 22:30:36'),
(267, 11, 15, 2, '2019-09-06', '2019-09-08 22:30:55', '2019-09-08 22:30:55'),
(268, 12, 15, 1, '2019-09-06', '2019-09-08 22:31:08', '2019-09-08 22:31:08'),
(269, 13, 15, 3, '2019-09-06', '2019-09-08 22:31:17', '2019-09-08 22:31:17'),
(270, 14, 15, 0, '2019-09-06', '2019-09-08 22:31:26', '2019-09-08 22:31:26'),
(271, 15, 15, 2, '2019-09-06', '2019-09-08 22:31:33', '2019-09-08 22:31:33'),
(272, 16, 15, 0, '2019-09-06', '2019-09-08 22:31:43', '2019-09-08 22:31:43'),
(273, 17, 15, 37, '2019-09-06', '2019-09-08 22:32:06', '2019-09-08 22:32:06'),
(274, 18, 15, 5, '2019-09-06', '2019-09-08 22:32:23', '2019-09-08 22:32:23'),
(275, 19, 15, 5, '2019-09-06', '2019-09-08 22:32:37', '2019-09-08 22:32:37'),
(276, 20, 15, 7, '2019-09-06', '2019-09-08 22:32:49', '2019-09-08 22:32:49'),
(277, 21, 15, 8, '2019-09-06', '2019-09-08 22:32:59', '2019-09-08 22:32:59'),
(278, 22, 15, 0, '2019-09-06', '2019-09-08 22:33:10', '2019-09-08 22:33:10'),
(279, 23, 15, 0, '2019-09-06', '2019-09-08 22:33:18', '2019-09-08 22:33:18'),
(280, 24, 15, 0, '2019-09-06', '2019-09-08 22:33:26', '2019-09-08 22:33:26'),
(281, 25, 15, 0, '2019-09-06', '2019-09-08 22:33:37', '2019-09-08 22:33:37'),
(282, 26, 15, 3, '2019-09-06', '2019-09-08 22:33:44', '2019-09-08 22:33:44'),
(283, 27, 15, 5, '2019-09-06', '2019-09-08 22:33:56', '2019-09-08 22:33:56'),
(284, 28, 15, 3, '2019-09-06', '2019-09-08 22:34:06', '2019-09-08 22:34:06'),
(285, 29, 15, 2, '2019-09-06', '2019-09-08 22:34:13', '2019-09-08 22:34:13'),
(286, 30, 15, 1, '2019-09-06', '2019-09-08 22:34:20', '2019-09-08 22:34:20'),
(287, 31, 15, 3, '2019-09-06', '2019-09-08 22:34:37', '2019-09-08 22:34:37'),
(288, 32, 15, 2, '2019-09-06', '2019-09-08 22:34:48', '2019-09-08 22:34:48'),
(289, 33, 15, 13, '2019-09-06', '2019-09-08 22:35:01', '2019-09-08 22:35:01'),
(290, 34, 15, 6, '2019-09-06', '2019-09-08 22:35:20', '2019-09-08 22:35:20'),
(291, 35, 15, 14, '2019-09-06', '2019-09-08 22:35:40', '2019-09-08 22:35:40'),
(292, 1, 15, 10, '2019-09-13', '2019-09-18 18:49:17', '2019-09-18 18:49:17'),
(293, 2, 15, 8, '2019-09-13', '2019-09-18 18:50:09', '2019-09-18 18:50:09'),
(294, 3, 15, 17, '2019-09-13', '2019-09-18 18:50:26', '2019-09-18 18:50:26'),
(295, 4, 15, 1, '2019-09-13', '2019-09-18 18:50:36', '2019-09-18 18:50:36'),
(296, 5, 15, 2, '2019-09-13', '2019-09-18 18:50:48', '2019-09-18 18:50:48'),
(297, 6, 15, 54, '2019-09-13', '2019-09-18 18:51:32', '2019-09-18 18:51:32'),
(298, 7, 15, 2, '2019-09-13', '2019-09-18 18:51:53', '2019-09-18 18:51:53'),
(299, 8, 15, 7, '2019-09-13', '2019-09-18 18:52:04', '2019-09-18 18:52:04'),
(300, 9, 15, 0, '2019-09-13', '2019-09-18 18:52:48', '2019-09-18 18:52:48'),
(301, 10, 15, 8, '2019-09-13', '2019-09-18 18:53:06', '2019-09-18 18:53:06'),
(302, 11, 15, 0, '2019-09-13', '2019-09-18 18:53:27', '2019-09-18 18:53:27'),
(303, 12, 15, 1, '2019-09-13', '2019-09-18 18:53:54', '2019-09-18 18:53:54'),
(304, 13, 15, 4, '2019-09-13', '2019-09-18 18:54:06', '2019-09-18 18:54:06'),
(305, 14, 15, 0, '2019-09-13', '2019-09-18 18:54:28', '2019-09-18 18:54:28'),
(306, 15, 15, 0, '2019-09-13', '2019-09-18 18:54:43', '2019-09-18 18:54:43'),
(307, 16, 15, 1, '2019-09-13', '2019-09-18 18:54:50', '2019-09-18 18:54:50'),
(308, 17, 15, 36, '2019-09-13', '2019-09-18 18:55:29', '2019-09-18 18:55:29'),
(309, 18, 15, 6, '2019-09-13', '2019-09-18 18:56:06', '2019-09-18 18:56:06'),
(310, 19, 15, 1, '2019-09-13', '2019-09-18 18:56:16', '2019-09-18 18:56:16'),
(311, 20, 15, 5, '2019-09-13', '2019-09-18 18:56:33', '2019-09-18 18:56:33'),
(312, 21, 15, 8, '2019-09-13', '2019-09-18 18:56:44', '2019-09-18 18:56:44'),
(313, 22, 15, 7, '2019-09-13', '2019-09-18 18:56:50', '2019-09-18 18:56:50'),
(314, 23, 15, 0, '2019-09-13', '2019-09-18 18:57:07', '2019-09-18 18:57:07'),
(315, 24, 15, 1, '2019-09-13', '2019-09-18 18:57:16', '2019-09-18 18:57:16'),
(316, 25, 15, 0, '2019-09-13', '2019-09-18 18:57:24', '2019-09-18 18:57:24'),
(317, 26, 15, 3, '2019-09-13', '2019-09-18 18:57:32', '2019-09-18 18:57:32'),
(318, 27, 15, 7, '2019-09-13', '2019-09-18 18:57:49', '2019-09-18 18:57:49'),
(319, 28, 15, 1, '2019-09-13', '2019-09-18 18:58:05', '2019-09-18 18:58:05'),
(320, 29, 15, 1, '2019-09-13', '2019-09-18 18:58:21', '2019-09-18 18:58:21'),
(321, 30, 15, 1, '2019-09-13', '2019-09-18 18:58:31', '2019-09-18 18:58:31'),
(322, 31, 15, 4, '2019-09-13', '2019-09-18 18:58:42', '2019-09-18 18:58:42'),
(323, 32, 15, 2, '2019-09-13', '2019-09-18 18:58:57', '2019-09-18 18:58:57'),
(324, 33, 15, 16, '2019-09-13', '2019-09-18 18:59:26', '2019-09-18 18:59:26'),
(325, 34, 15, 7, '2019-09-13', '2019-09-18 18:59:55', '2019-09-18 18:59:55'),
(326, 35, 15, 8, '2019-09-13', '2019-09-18 19:00:43', '2019-09-18 19:00:43'),
(327, 1, 15, 8, '2019-09-20', '2019-09-21 03:12:07', '2019-09-21 03:12:07'),
(328, 2, 15, 2, '2019-09-20', '2019-09-21 03:13:53', '2019-09-21 03:13:53'),
(329, 3, 15, 6, '2019-09-20', '2019-09-21 03:14:02', '2019-09-21 03:14:02'),
(330, 4, 15, 1, '2019-09-20', '2019-09-21 03:14:11', '2019-09-21 03:14:11'),
(331, 5, 15, 5, '2019-09-20', '2019-09-21 03:14:21', '2019-09-21 03:14:21'),
(332, 6, 15, 46, '2019-09-20', '2019-09-21 03:14:43', '2019-09-21 03:14:43'),
(333, 7, 15, 9, '2019-09-20', '2019-09-21 03:14:57', '2019-09-21 03:14:57'),
(334, 8, 15, 7, '2019-09-20', '2019-09-21 03:15:09', '2019-09-21 03:15:09'),
(335, 9, 15, 0, '2019-09-20', '2019-09-21 03:15:24', '2019-09-21 03:15:24'),
(336, 10, 15, 17, '2019-09-20', '2019-09-21 03:15:37', '2019-09-21 03:15:37'),
(337, 11, 15, 1, '2019-09-20', '2019-09-21 03:15:47', '2019-09-21 03:15:47'),
(338, 12, 15, 2, '2019-09-20', '2019-09-21 03:16:02', '2019-09-21 03:16:02'),
(339, 13, 15, 2, '2019-09-20', '2019-09-21 03:16:13', '2019-09-21 03:16:13'),
(340, 14, 15, 0, '2019-09-20', '2019-09-21 03:16:24', '2019-09-21 03:16:24'),
(341, 15, 15, 2, '2019-09-20', '2019-09-21 03:16:35', '2019-09-21 03:16:35'),
(342, 16, 15, 4, '2019-09-20', '2019-09-21 03:16:47', '2019-09-21 03:16:47'),
(343, 17, 15, 27, '2019-09-20', '2019-09-21 03:17:19', '2019-09-21 03:17:19'),
(344, 18, 15, 6, '2019-09-20', '2019-09-21 03:17:28', '2019-09-21 03:17:28'),
(345, 19, 15, 4, '2019-09-20', '2019-09-21 03:17:37', '2019-09-21 03:17:37'),
(346, 20, 15, 1, '2019-09-20', '2019-09-21 03:17:46', '2019-09-21 03:17:46'),
(347, 21, 15, 10, '2019-09-20', '2019-09-21 03:17:58', '2019-09-21 03:17:58'),
(348, 22, 15, 5, '2019-09-20', '2019-09-21 03:18:05', '2019-09-21 03:18:05'),
(349, 23, 15, 2, '2019-09-20', '2019-09-21 03:18:18', '2019-09-21 03:18:18'),
(350, 24, 15, 1, '2019-09-20', '2019-09-21 03:18:28', '2019-09-21 03:18:28'),
(351, 25, 15, 0, '2019-09-20', '2019-09-21 03:18:34', '2019-09-21 03:18:34'),
(352, 26, 15, 4, '2019-09-20', '2019-09-21 03:18:42', '2019-09-21 03:18:42'),
(353, 27, 15, 7, '2019-09-20', '2019-09-21 03:18:54', '2019-09-21 03:18:54'),
(354, 28, 15, 1, '2019-09-20', '2019-09-21 03:19:04', '2019-09-21 03:19:04'),
(355, 29, 15, 2, '2019-09-20', '2019-09-21 03:19:12', '2019-09-21 03:19:12'),
(356, 30, 15, 1, '2019-09-20', '2019-09-21 03:19:22', '2019-09-21 03:19:22'),
(357, 31, 15, 3, '2019-09-20', '2019-09-21 03:19:31', '2019-09-21 03:19:31'),
(358, 32, 15, 3, '2019-09-20', '2019-09-21 03:19:46', '2019-09-21 03:19:46'),
(359, 33, 15, 17, '2019-09-20', '2019-09-21 03:20:03', '2019-09-21 03:20:03'),
(360, 34, 15, 11, '2019-09-20', '2019-09-21 03:20:21', '2019-09-21 03:20:21'),
(361, 35, 15, 6, '2019-09-20', '2019-09-21 03:20:29', '2019-09-21 03:20:29');

-- --------------------------------------------------------

--
-- Cấu trúc bảng cho bảng `migrations`
--

CREATE TABLE `migrations` (
  `id` int(10) UNSIGNED NOT NULL,
  `migration` varchar(255) COLLATE utf8mb4_unicode_ci NOT NULL,
  `batch` int(11) NOT NULL
) ENGINE=InnoDB DEFAULT CHARSET=utf8mb4 COLLATE=utf8mb4_unicode_ci;

--
-- Đang đổ dữ liệu cho bảng `migrations`
--

INSERT INTO `migrations` (`id`, `migration`, `batch`) VALUES
(7, '2014_10_12_000000_create_users_table', 1),
(8, '2014_10_12_100000_create_password_resets_table', 1),
(9, '2019_09_16_085142_create_permissions_table', 1),
(10, '2019_09_16_085241_create_roles_table', 1),
(11, '2019_09_16_085700_create_users_permissions_table', 1),
(12, '2019_09_16_085707_create_users_roles_table', 1);

-- --------------------------------------------------------

--
-- Cấu trúc bảng cho bảng `password_resets`
--

CREATE TABLE `password_resets` (
  `email` varchar(255) COLLATE utf8mb4_unicode_ci NOT NULL,
  `token` varchar(255) COLLATE utf8mb4_unicode_ci NOT NULL,
  `created_at` timestamp NULL DEFAULT NULL
) ENGINE=InnoDB DEFAULT CHARSET=utf8mb4 COLLATE=utf8mb4_unicode_ci;

-- --------------------------------------------------------

--
-- Cấu trúc bảng cho bảng `permissions`
--

CREATE TABLE `permissions` (
  `id` int(10) UNSIGNED NOT NULL,
  `slug` varchar(255) COLLATE utf8mb4_unicode_ci NOT NULL,
  `name` varchar(255) COLLATE utf8mb4_unicode_ci NOT NULL,
  `created_at` timestamp NULL DEFAULT NULL,
  `updated_at` timestamp NULL DEFAULT NULL
) ENGINE=InnoDB DEFAULT CHARSET=utf8mb4 COLLATE=utf8mb4_unicode_ci;

-- --------------------------------------------------------

--
-- Cấu trúc bảng cho bảng `quy_trinh`
--

CREATE TABLE `quy_trinh` (
  `id` int(11) NOT NULL,
  `ten` text COLLATE utf8_vietnamese_ci NOT NULL,
  `ma_quy_trinh` text COLLATE utf8_vietnamese_ci NOT NULL
) ENGINE=InnoDB DEFAULT CHARSET=utf8 COLLATE=utf8_vietnamese_ci;

--
-- Đang đổ dữ liệu cho bảng `quy_trinh`
--

INSERT INTO `quy_trinh` (`id`, `ten`, `ma_quy_trinh`) VALUES
(1, 'Nghiên cứu sản phẩm', 'SP'),
(2, 'Thiết kế Cơ khí', 'CK'),
(3, 'Thiết kế Phần cứng', 'PC'),
(4, 'Thiết kế Phần cứng (Rút gọn)', 'PCRG'),
(5, 'Thiết kế Phần mềm', 'PM'),
(6, 'Sản xuất Thử nghiệm', 'SXTN'),
(7, 'Sản xuất Loạt', 'SXL'),
(8, 'Trung bình', 'TB'),
(9, 'Nghiên cứu phát triển Chip', 'CHIP'),
(10, 'Tiếp nhận, xử lý khiếu nại, bảo hành, sửa chữa sản phẩm sau bán hàng', 'SBH');

-- --------------------------------------------------------

--
-- Cấu trúc bảng cho bảng `roles`
--

CREATE TABLE `roles` (
  `id` int(10) UNSIGNED NOT NULL,
  `slug` varchar(255) COLLATE utf8mb4_unicode_ci NOT NULL,
  `name` varchar(255) COLLATE utf8mb4_unicode_ci NOT NULL,
  `created_at` timestamp NULL DEFAULT NULL,
  `updated_at` timestamp NULL DEFAULT NULL
) ENGINE=InnoDB DEFAULT CHARSET=utf8mb4 COLLATE=utf8mb4_unicode_ci;

--
-- Đang đổ dữ liệu cho bảng `roles`
--

INSERT INTO `roles` (`id`, `slug`, `name`, `created_at`, `updated_at`) VALUES
(1, 'admin', 'Administrator', '2019-09-16 19:56:18', '2019-09-16 19:56:18'),
(2, 'QA', 'Quality Assurance', '2019-09-16 19:56:18', '2019-09-16 19:56:18'),
(3, 'QA-admin', 'Quality Assurance Administrator', '2019-09-18 02:54:32', '2019-09-18 02:54:32');

-- --------------------------------------------------------

--
-- Cấu trúc bảng cho bảng `tai_lieu_quy_trinh`
--

CREATE TABLE `tai_lieu_quy_trinh` (
  `id` int(11) NOT NULL,
  `ten` text NOT NULL,
  `link` text NOT NULL,
  `danh_gia` int(11) NOT NULL,
  `kpi_quytrinh_id` int(11) NOT NULL,
  `updated_at` timestamp NULL DEFAULT NULL,
  `created_at` timestamp NULL DEFAULT NULL
) ENGINE=InnoDB DEFAULT CHARSET=utf8mb4;

--
-- Đang đổ dữ liệu cho bảng `tai_lieu_quy_trinh`
--

INSERT INTO `tai_lieu_quy_trinh` (`id`, `ten`, `link`, `danh_gia`, `kpi_quytrinh_id`, `updated_at`, `created_at`) VALUES
(2, 'Quyết định về việc thực hiện Đề tài', 'dasdasd', 1, 155, '2019-09-29 20:20:15', '2019-09-26 01:32:25'),
(3, 'Dự thảo tài liệu mô tả sản phẩm', 'dsadasd', 0, 155, '2019-09-26 01:32:25', '2019-09-26 01:32:25'),
(4, 'Báo cáo linh kiện', 'dsadasd', -1, 155, '2019-09-26 01:32:25', '2019-09-26 01:32:25'),
(5, 'Kế hoạch thực hiện đề tài', 'dasdasdad', 0, 155, '2019-09-29 20:20:15', '2019-09-26 01:34:42'),
(6, 'Kế hoạch kick-off', 'dsadasd', 1, 155, '2019-09-26 01:34:42', '2019-09-26 01:34:42'),
(7, 'Biên bản họp kick-off meeting', 'dsadasd', -1, 155, '2019-09-26 01:34:43', '2019-09-26 01:34:43'),
(8, 'Kế hoạch thực hiện đề tài được phê duyệt', 'dasdasd', 0, 155, '2019-09-26 01:34:43', '2019-09-26 01:34:43'),
(9, 'Tài liệu thiết kế hệ thống', 'dasdasd', 1, 155, '2019-09-26 01:34:43', '2019-09-26 01:34:43'),
(10, 'Chỉ tiêu nội sản phẩm', 'dasdasdad', 0, 155, '2019-09-26 01:34:43', '2019-09-26 01:34:43'),
(11, 'Sơ đồ khối thiết kế module và giao diện kết nối các khối trong module', 'dasdasd', 1, 155, '2019-09-29 20:20:15', '2019-09-29 20:20:15'),
(12, 'List lỗi trong quá trình lắp ráp và phương án khắc phục', 'dasdasd', 1, 155, '2019-09-29 20:20:16', '2019-09-29 20:20:16'),
(13, 'Yêu cầu thay đổi', 'dsadasd', 0, 155, '2019-09-29 20:20:16', '2019-09-29 20:20:16'),
(14, 'Báo cáo phân bổ chi phí nhân công theo nhân sự', 'dasdasd', 1, 155, '2019-09-29 20:20:16', '2019-09-29 20:20:16'),
(15, 'Cây công việc chi tiết trên hệ thống VECO', 'asdasd', 1, 159, '2019-10-02 01:28:02', '2019-10-02 01:28:02'),
(16, 'Tài liệu thiết kế tổng thể', 'dasdasd', -1, 159, '2019-10-02 01:28:02', '2019-10-02 01:28:02'),
(17, 'Thiết kế ID được phê duyệt', 'dasdasd', 0, 159, '2019-10-02 01:28:02', '2019-10-02 01:28:02'),
(18, '- Mô hình 3D tổng thể sản phẩm\n- Thiết kế 3D chi tiết', 'dsadsadasd', 1, 159, '2019-10-02 01:28:03', '2019-10-02 01:28:03'),
(19, 'Checklist xác nhận thiết kế ID', 'dasdasda', 1, 159, '2019-10-02 01:28:03', '2019-10-02 01:28:03'),
(20, 'Quyết định về việc thực hiện Đề tài', 'aaaa', 1, 161, '2019-10-02 01:30:06', '2019-10-02 01:30:06'),
(21, 'Quyết định về việc thực hiện Đề tài', 'ewqdasd', 1, 160, '2019-10-04 02:45:14', '2019-10-02 01:38:01'),
(22, 'Cây công việc chi tiết trên hệ thống VECO', 'đâs', 0, 162, '2019-10-02 01:38:29', '2019-10-02 01:38:29'),
(23, 'Tài liệu thiết kế tổng thể', 'dsadasd', 1, 162, '2019-10-02 01:38:29', '2019-10-02 01:38:29'),
(24, 'Cây công việc chi tiết trên hệ thống VECO', 'dasdasd', 0, 163, '2019-10-03 21:29:55', '2019-10-03 21:29:55'),
(25, 'Tài liệu phân tích giải pháp thiết kế bo mạch (đã được phê duyệt)', 'dsadasd', 0, 163, '2019-10-03 21:29:55', '2019-10-03 21:29:55'),
(26, '- Checklist kiểm tra Schematic\n- Checklist BOM', 'dasd', 1, 163, '2019-10-03 21:29:55', '2019-10-03 21:29:55'),
(27, '- PCB\n- Gerber, NCDrill, X-Y place, Assembly Drawing\n- Tài liệu yêu cầu kỹ thuật gia công bo mạch\n- 3D MCAD\n- Tài liệu yêu cầu về cơ khí shield (nếu có)', 'dasddasd', 1, 163, '2019-10-03 21:29:55', '2019-10-03 21:29:55'),
(28, 'Báo cáo bring-up, kiểm tra tính năng và chỉ tiêu kỹ thuật (được phê duyệt)', 'dasdadasd', -1, 163, '2019-10-03 21:30:13', '2019-10-03 21:29:55'),
(29, 'Báo cáo bring-up, kiểm tra tính năng và chỉ tiêu kỹ thuật (ký duyệt)', 'dsaddas', 1, 163, '2019-10-03 21:30:13', '2019-10-03 21:30:13'),
(30, 'Tài liệu yêu cầu thiết kế phần cứng', 'dasd', 1, 164, '2019-10-03 22:08:24', '2019-10-03 22:08:24'),
(31, 'Checklist kiểm tra PCB', 'dsa', 1, 164, '2019-10-03 22:08:24', '2019-10-03 22:08:24'),
(32, 'Bo mạch', 'dasd', 1, 164, '2019-10-03 22:08:24', '2019-10-03 22:08:24'),
(33, 'Báo cáo bring-up, kiểm tra tính năng và chỉ tiêu kỹ thuật (được phê duyệt)', 'dasd', 0, 164, '2019-10-03 22:08:24', '2019-10-03 22:08:24'),
(34, 'Cây công việc chi tiết trên hệ thống VECO', 'hjghjjh', 1, 165, '2019-10-03 23:53:13', '2019-10-03 23:53:13'),
(35, '- BRD được xem xét và phê duyệt.\n- Tài liệu RTM được cập nhật', 'jghjghj', 1, 165, '2019-10-03 23:53:13', '2019-10-03 23:53:13'),
(36, '- Tài liệu Usecase được phê duyệt\n- Tài liệu SRS được phê duyệt\n- Tài liệu RTM được cập nhật', 'jghjghj', 0, 165, '2019-10-03 23:53:13', '2019-10-03 23:53:13'),
(37, 'Mã nguồn đã được tích hợp', 'jghjghj', 1, 165, '2019-10-03 23:53:13', '2019-10-03 23:53:13'),
(38, 'Báo cáo kiểm thử', 'jhgjgđg', 1, 165, '2019-10-03 23:53:13', '2019-10-03 23:53:13'),
(39, 'Lập báo cáo phương án sản xuất', '4134gfgfg', 1, 166, '2019-10-04 00:49:30', '2019-10-04 00:49:30'),
(40, 'Phê duyệt báo cáo', 'đâsd', 1, 166, '2019-10-04 00:49:31', '2019-10-04 00:49:31'),
(41, 'Phê duyệt Tờ trình chỉ tiêu kỹ thuật', 'dvgfbg535', -1, 166, '2019-10-04 00:49:31', '2019-10-04 00:49:31'),
(42, 'Đào tạo quy trình sản xuất và sử dụng công cụ sản xuất', 'đấnyj56646', 0, 166, '2019-10-04 00:49:31', '2019-10-04 00:49:31'),
(43, 'Rà soát đánh giá', 'đâsd14bg', 1, 166, '2019-10-04 00:49:31', '2019-10-04 00:49:31'),
(44, 'Phê duyệt hồ sơ sản xuất loạt', 'dádasd', 1, 166, '2019-10-04 00:49:31', '2019-10-04 00:49:31'),
(45, 'Xử lý các yêu cầu làm rõ, thay đổi BOM', 'ádasdad', 1, 166, '2019-10-04 00:49:31', '2019-10-04 00:49:31'),
(46, 'Cập nhật tiến độ', 'vbgfrhr', 1, 166, '2019-10-04 00:49:31', '2019-10-04 00:49:31'),
(47, 'Nhận hồ sơ', 'đá13151fds', 0, 166, '2019-10-04 00:49:31', '2019-10-04 00:49:31'),
(48, 'Hoàn thiện quy trình sản xuất', 'đá', 1, 166, '2019-10-04 00:49:31', '2019-10-04 00:49:31'),
(49, 'Chuẩn bị các điều kiện sản xuất', 'dãvcvxcv', 1, 166, '2019-10-04 00:49:31', '2019-10-04 00:49:31'),
(50, 'Sản xuất pilot', 'zcx2rfsd', 1, 166, '2019-10-04 00:49:31', '2019-10-04 00:49:31'),
(51, 'Đánh giá chất lượng sản phẩm', 'đâsvxcc', 0, 166, '2019-10-04 00:49:31', '2019-10-04 00:49:31'),
(52, 'Điều chỉnh quy trình sản xuất', 'b vcbdfg', -1, 166, '2019-10-04 00:49:31', '2019-10-04 00:49:31'),
(53, 'Bao gói, nhập kho sản phẩm', 'd1231', 1, 166, '2019-10-04 00:49:31', '2019-10-04 00:49:31'),
(54, 'Dự án đã có Quyết định phê duyệt Dự án sản xuất thử nghiệm.', 'đâsdasd', 1, 167, '2019-10-04 01:41:52', '2019-10-04 01:41:52'),
(55, 'Hoàn thành bảng rà soát Vật tư linh kiện tồn kho', 'đâsd', -1, 167, '2019-10-04 01:41:52', '2019-10-04 01:41:52'),
(56, 'Hiện trạng thực hiện hợp đồng gia công với đối tác, hợp đồng mua sắm VTLK', 'dsadasd', 1, 167, '2019-10-04 01:41:52', '2019-10-04 01:41:52'),
(57, 'Chuẩn bị vật tư linh kiện', 'dsadasdasd', 0, 167, '2019-10-04 01:41:52', '2019-10-04 01:41:52'),
(58, 'Kiểm tra Vật tư linh kiện tồn kho', 'dsadasdasd', 1, 167, '2019-10-04 01:41:53', '2019-10-04 01:41:53'),
(59, 'Hiện trạng rà soát các tài liệu liên quan đến quá trình Sản xuất thử nghiệm', 'dsadasd', 1, 167, '2019-10-04 01:41:53', '2019-10-04 01:41:53'),
(60, 'Hiện trạng kiểm tra công cụ sản xuất', 'dsadasd', 0, 167, '2019-10-04 01:41:53', '2019-10-04 01:41:53'),
(61, 'Có Checklist danh mục bài đo, phương pháp đo', 'đâsd', 0, 167, '2019-10-04 01:41:53', '2019-10-04 01:41:53'),
(62, 'Thống nhất toàn bộ các nội dung liên quan đến Quá trình sản xuất', 'đâsd', 0, 167, '2019-10-04 01:41:53', '2019-10-04 01:41:53'),
(63, 'Hoàn thành sản xuất lô sản phẩm, các công cụ sản xuất theo kế hoạch', 'dsadasd', 0, 167, '2019-10-04 01:41:53', '2019-10-04 01:41:53'),
(64, 'Kết quả đo kiểm, đánh giá sản phẩm SXTN', 'dsadasd', 0, 167, '2019-10-04 01:41:53', '2019-10-04 01:41:53'),
(65, 'Hoàn thành đánh giá chất lượng sản phẩm', 'đâsdfcxvc', 0, 167, '2019-10-04 01:41:53', '2019-10-04 01:41:53'),
(66, 'Lập báo cáo kết quả giai đoạn', 'dấd', 0, 167, '2019-10-04 01:41:53', '2019-10-04 01:41:53'),
(67, 'TT Sản xuất/P.Sản xuất kiểm tra ký xác nhận hồ sơ DVT', 'vczxvcvcxv', 0, 167, '2019-10-04 01:41:53', '2019-10-04 01:41:53'),
(68, 'Tiếp nhận phản án/khiếu nại từ khách hàng', 'hhhh', 1, 168, '2019-10-04 02:35:21', '2019-10-04 02:33:52'),
(69, 'Giải quyết phản ánh/khiếu nại qua hotline 24/7.\nHỗ trợ kỹ thuật bước 1', 'đâsd', 0, 168, '2019-10-04 02:33:52', '2019-10-04 02:33:52'),
(70, 'Nhập/xuất kho, đánh giá chất lượng Vật tư thiết bị, sản phẩm hỏng (nếu có)', 'đâsdassd', 1, 168, '2019-10-04 02:33:52', '2019-10-04 02:33:52'),
(71, 'Thông báo hiện trạng sản phẩm, thông tin lỗi, điều kiện bảo hành, phương pháp xử lý cho Khách hàng', 'đâsszxxvtrh', 1, 168, '2019-10-04 02:33:52', '2019-10-04 02:33:52'),
(72, 'Thu hồi Vật tư thiết bị/hàng hóa sau bảo hành/sửa chữa với đối tác bảo hành', '2efdvcxvcv', 0, 168, '2019-10-04 02:33:52', '2019-10-04 02:33:52'),
(73, 'Sửa chữa Vật tư thiết bị/sản phẩm hỏng', 'czxcxc vb', 0, 168, '2019-10-04 02:33:52', '2019-10-04 02:33:52'),
(74, 'Gửi biên bản xác nhận kết quả bảo hành/sửa chữa', 'xczxcjnjdskhfd', 0, 168, '2019-10-04 02:33:52', '2019-10-04 02:33:52'),
(75, 'Nộp hồ sơ thanh toán', 'đáqqeqưe', 0, 168, '2019-10-04 02:33:52', '2019-10-04 02:33:52'),
(76, 'Thực hiện thanh toán', 'bvcnhjkgj', -1, 168, '2019-10-04 02:33:52', '2019-10-04 02:33:52'),
(77, 'Bộ hồ sơ tài liệu nghiên cứu thiết kế', 'đá', 1, 160, '2019-10-04 02:45:14', '2019-10-04 02:45:14');

-- --------------------------------------------------------

--
-- Cấu trúc bảng cho bảng `tuy_chon`
--

CREATE TABLE `tuy_chon` (
  `id` int(11) NOT NULL,
  `ten` text COLLATE utf8mb4_vietnamese_ci NOT NULL,
  `mo_ta` text COLLATE utf8mb4_vietnamese_ci DEFAULT NULL
) ENGINE=InnoDB DEFAULT CHARSET=utf8mb4 COLLATE=utf8mb4_vietnamese_ci;

--
-- Đang đổ dữ liệu cho bảng `tuy_chon`
--

INSERT INTO `tuy_chon` (`id`, `ten`, `mo_ta`) VALUES
(1, 'viec_duoc_giao', 'Việc được giao'),
(2, 'viec_hoan_thanh_dung_han', 'Việc hoàn thành đúng hạn'),
(3, 'viec_hoan_thanh_khong_dung_han', 'Việc hoàn thành không đúng hạn'),
(4, 'viec_chua_hoan_thanh', 'Việc chưa hoàn thành'),
(5, 'viec_dang_thuc_hien', 'Việc đang thực hiện'),
(6, 'viec_tu_choi', 'Việc từ chối'),
(7, 'viec_tam_dung', 'Việc tạm dừng'),
(8, 'viec_khoi_tao_moi', 'Việc khởi tạo mới'),
(9, 'viec_cho_duyet', 'Việc chờ duyệt'),
(10, 'viec_de_nghi_dung', 'Việc đề nghị dừng'),
(11, 'viec_vuong_mac_de_xuat', 'Việc vướng mắc đề xuất'),
(12, 'viec_khac', 'Việc khác'),
(13, 'van_ban_ky', 'Số văn bản ký quá 4h làm việc'),
(14, 'don_nghi_phep', 'Số đơn xin nghỉ phép'),
(15, 'khong_cap_nhat', 'Số người không cập nhật công viêc trong tuần'),
(16, 'nhiem-vu-TGD-giao', 'Nhiệm vụ TGĐ giao'),
(17, 'nhiem-vu-PTGD-giao', 'Nhiệm vụ PTGĐ giao'),
(18, 'ket-luan-TD', 'Kết luận TĐ'),
(19, 'ket-luan-TCT', 'Kết luận TCT'),
(20, 'ket-luan-K2', 'Kết luận Khối 2'),
(21, 'ket-luan-qua-han-TD', 'Kết luận quá hạn TĐ'),
(22, 'ket-luan-qua-han-TCT', 'Kết luận quá hạn TCT'),
(23, 'ket-luan-qua-han-K2', 'Kết luận quá hạn Khối 2'),
(24, 'viec_hoan_thanh_dung_han_thang', 'Số việc hoàn thành đúng hạn trong tháng'),
(25, 'viec_hoan_thanh_khong_dung_han_thang', 'Số việc hoàn thành không đúng hạn trong tháng'),
(26, 'viec_duoc_giao_thang', 'Việc được giao theo tháng');

-- --------------------------------------------------------

--
-- Cấu trúc bảng cho bảng `user`
--

CREATE TABLE `user` (
  `id` int(11) NOT NULL,
  `ten` text COLLATE utf8mb4_vietnamese_ci NOT NULL,
  `khoi` int(11) NOT NULL,
  `login` int(11) DEFAULT NULL
) ENGINE=InnoDB DEFAULT CHARSET=utf8mb4 COLLATE=utf8mb4_vietnamese_ci;

--
-- Đang đổ dữ liệu cho bảng `user`
--

INSERT INTO `user` (`id`, `ten`, `khoi`, `login`) VALUES
(1, 'Nguyễn Vũ Hà', 0, NULL),
(2, 'Nguyễn Cương Hoàng', 0, NULL),
(3, 'Đỗ Thanh Hải', 0, NULL),
(4, 'Nguyễn Minh Quang', 0, NULL),
(5, 'Đào Vũ Kiên', 0, NULL),
(6, 'Hà Mạnh Thắng', 1, NULL),
(7, 'Nguyễn Thái Bình', 1, NULL),
(8, 'Vũ Việt Tiến', 1, NULL),
(9, 'Tống Thanh Sơn', 1, NULL),
(10, 'Trần Vũ Hợp', 1, NULL),
(11, 'Khương Duy', 1, NULL),
(12, 'Nguyễn Văn Hải', 1, NULL),
(13, 'Nguyễn Trung Kiên', 1, NULL),
(14, 'Vũ Minh Tuấn', 1, NULL),
(15, 'Dương Anh Trà', 1, NULL),
(16, 'Phạm Huy Tường', 1, NULL),
(17, 'Nguyễn Mạnh Linh', 1, NULL),
(18, 'Nguyễn Trần Nam', 1, NULL),
(19, 'Phạm Đình Hưng', 1, NULL),
(20, 'Vũ Thị Dương Hùng Hoàn', 1, NULL),
(21, 'Lê Trần Sự', 1, NULL),
(22, 'Phạm Xuân Hải', 1, NULL),
(23, 'Vũ Ngọc Vinh', 1, NULL),
(24, 'Vũ Tuấn Đức', 2, NULL),
(25, 'Lê Trường Giang', 2, NULL),
(26, 'Nguyễn Thị Nga', 2, NULL),
(27, 'Chu Thái Bảo', 2, NULL),
(28, 'Phan Thanh Trung', 2, NULL),
(29, 'Nguyễn Văn Quang', 2, NULL),
(30, 'Trần Văn Hưởng', 2, NULL),
(31, 'Hồ Trọng Hiếu', 2, NULL),
(32, 'Nguyễn Đức Hải', 2, NULL),
(33, 'Đinh Viết Quân', 2, NULL),
(34, 'Nguyễn Thị Kim Luyến', 2, NULL),
(35, 'Vũ Đức Chính', 2, NULL),
(36, 'Lương Văn Toản', 2, NULL),
(37, 'Hoàng Đinh Hải Truyền', 2, NULL),
(38, 'Lê Văn Hiên', 2, NULL),
(39, 'Nguyễn Chí Linh', 2, NULL),
(40, 'Nguyễn Đức Huy', 2, NULL),
(41, 'Nguyễn Hạc Tú', 2, NULL),
(42, 'Nguyễn Mạnh Quý', 2, NULL),
(43, 'Nguyễn Việt Thắng', 2, NULL),
(44, 'Phạm Tuấn Anh', 2, NULL),
(45, 'Nguyễn Xuân Phương', 4, NULL),
(46, 'Hoàng Công Tú', 4, NULL),
(47, 'Mai Gia Hà', 4, NULL),
(48, 'Dương Đình Hải', 4, NULL),
(49, 'Tăng Trường Sơn', 4, NULL),
(50, 'Nguyễn Thị Hiên', 4, NULL),
(51, 'Phan Sỹ Nhân', 4, NULL),
(52, 'Nguyễn Văn Tuân', 4, NULL),
(53, 'Phạm Duy Lập', 4, NULL),
(54, 'Vũ Tú Quỳnh', 4, NULL),
(55, 'Lê Triều Dương', 4, NULL),
(56, 'Nguyễn Hồng Khánh', 4, NULL),
(57, 'Nguyễn Thị Thúy Điệp', 4, NULL),
(58, 'Tạ Hồng Cương', 4, NULL),
(59, 'Nguyễn Công Dũng', 4, NULL),
(60, 'Nguyễn Gia Vinh', 4, NULL),
(61, 'Phạm Phương Chi', 4, NULL),
(62, 'Trần Trung Trực', 4, NULL);

-- --------------------------------------------------------

--
-- Cấu trúc bảng cho bảng `users`
--

CREATE TABLE `users` (
  `id` bigint(20) UNSIGNED NOT NULL,
  `name` varchar(255) COLLATE utf8mb4_unicode_ci NOT NULL,
  `email` varchar(255) COLLATE utf8mb4_unicode_ci NOT NULL,
  `email_verified_at` timestamp NULL DEFAULT NULL,
  `password` varchar(255) COLLATE utf8mb4_unicode_ci NOT NULL,
  `remember_token` varchar(100) COLLATE utf8mb4_unicode_ci DEFAULT NULL,
  `created_at` timestamp NULL DEFAULT NULL,
  `updated_at` timestamp NULL DEFAULT NULL
) ENGINE=InnoDB DEFAULT CHARSET=utf8mb4 COLLATE=utf8mb4_unicode_ci;

--
-- Đang đổ dữ liệu cho bảng `users`
--

INSERT INTO `users` (`id`, `name`, `email`, `email_verified_at`, `password`, `remember_token`, `created_at`, `updated_at`) VALUES
(1, 'hoangpm7', 'hoangpm7', NULL, '$2y$10$OiYJgYmt1OvLkrWrHLxJ4OqpCZ3a9WMfqXyQPm6cbPLO23wVuJ0P6', NULL, '2019-09-16 19:56:18', '2019-09-18 03:52:20'),
(2, 'tuanha35', 'tuanha35@viettel.com.vn', NULL, '$2y$10$ZcHTW1vjEAkAj1fHNnfUnOshhNeEKarzVhdvbJRdLgGyGh9Ok50ES', NULL, '2019-09-16 19:56:18', '2019-09-16 19:56:18'),
(3, 'anhpnq', 'anhpnq@viettel.com.vn', NULL, '$2y$10$ez9fu4YNF6bFNfuhnw4fPePApyTEd2VC1ke.0PLZMzuKnoHWIC1G6', NULL, '2019-09-16 19:56:18', '2019-09-16 19:56:18'),
(4, 'dungnt125', 'dungnt125@viettel.com.vn', NULL, '$2y$10$3g.SejTcIW0uZCut0Yjoxutt.dijb10YgwesH8vi/80pikChzGqHe', NULL, '2019-09-16 19:56:19', '2019-09-22 20:40:37'),
(5, 'anhlp5', 'anhlp5@viettel.com.vn', NULL, '$2y$10$YbV//T7abQ08HmMR.VSHjOqOMahsiMvmwFfufy/Z6iliTnTo6kxUC', NULL, '2019-09-16 19:56:19', '2019-09-16 19:56:19'),
(6, 'giangptt', 'giangptt@viettel.com.vn', NULL, '$2y$10$.2TixxART5rzfSnForvmFu6sDpvPGxpK3gMkZSAtBXOskHK4nIn9i', NULL, '2019-09-16 19:56:19', '2019-09-16 19:56:19'),
(7, 'hangpt5', 'hangpt5@viettel.com.vn', NULL, '$2y$10$1eJ46TpBRLRdK0G98p6uRewLdiFAVCTFpdrAatPqtqd78os.o9..i', NULL, '2019-09-16 19:56:19', '2019-09-16 19:56:19'),
(8, 'hoanpt1', 'hoanpt1@viettel.com.vn', NULL, '$2y$10$fYoThQAoRn75czRPNN399uO8FeNljV3RnstGRJt.QDbwSdAME1y9q', NULL, '2019-09-16 19:56:19', '2019-09-16 19:56:19'),
(9, 'hongnt45', 'hongnt45@viettel.com.vn', NULL, '$2y$10$KCkido43Za.ykSsysH4roeq8LgLuE6Cy4fxOThPtcoXb5vpphqkHK', NULL, '2019-09-16 19:56:20', '2019-09-16 19:56:20'),
(10, 'namph2', 'namph2@viettel.com.vn', NULL, '$2y$10$jZOCb8i10Flztv.0v7hanOTKwJbwq.fB2p4qiJJVsKA4MWGJa8UJC', NULL, '2019-09-16 19:56:20', '2019-09-16 19:56:20'),
(11, 'ngant10', 'ngant10@viettel.com.vn', NULL, '$2y$10$S4QbyrX0fOXSHsWjOfi7.uJXWJHCIEYpUGKp0AlJ6GDv4TEbVFKl2', NULL, '2019-09-16 19:56:20', '2019-09-16 19:56:20'),
(12, 'thanghm', 'thanghm@viettel.com.vn', NULL, '$2y$10$UZwe83yj76Fdh8vSdzuMrOK2p0tjHCuKzFRrHC7Z3sdKm8RwIPZAy', NULL, '2019-09-16 19:56:20', '2019-09-16 19:56:20'),
(13, 'tuanld', 'tuanld@viettel.com.vn', NULL, '$2y$10$irSezVIEo202j4PglaNeYe9wRXKdK6x.ZYUFFM99Nnxsc1KYby262', NULL, '2019-09-16 19:56:20', '2019-09-16 19:56:20'),
(14, 'lienvt1', 'lienvt1@viettel.com.vn', NULL, '$2y$10$ck4Hq0Zkl3vyl1V26swHZu4bm1TmiWuAC0SYD7IyAhs4YDgBn7qTW', NULL, '2019-09-16 19:56:20', '2019-09-16 19:56:20'),
(15, 'QA-admin', 'admin', NULL, '$2y$10$LoIzG4qyEjzhuuCV7FBltuPTpfe./7hwDEjUyJh6yuB8jySsaAAoi', NULL, '2019-09-18 02:54:33', '2019-09-18 02:54:33');

-- --------------------------------------------------------

--
-- Cấu trúc bảng cho bảng `users_permissions`
--

CREATE TABLE `users_permissions` (
  `user_id` int(10) UNSIGNED NOT NULL,
  `permission_id` int(10) UNSIGNED NOT NULL
) ENGINE=InnoDB DEFAULT CHARSET=utf8mb4 COLLATE=utf8mb4_unicode_ci;

-- --------------------------------------------------------

--
-- Cấu trúc bảng cho bảng `users_roles`
--

CREATE TABLE `users_roles` (
  `user_id` int(10) UNSIGNED NOT NULL,
  `role_id` int(10) UNSIGNED NOT NULL
) ENGINE=InnoDB DEFAULT CHARSET=utf8mb4 COLLATE=utf8mb4_unicode_ci;

--
-- Đang đổ dữ liệu cho bảng `users_roles`
--

INSERT INTO `users_roles` (`user_id`, `role_id`) VALUES
(1, 1),
(2, 2),
(3, 2),
(4, 2),
(5, 2),
(6, 2),
(7, 2),
(8, 2),
(9, 2),
(10, 2),
(11, 2),
(12, 2),
(13, 2),
(14, 2),
(15, 3);

--
-- Chỉ mục cho các bảng đã đổ
--

--
-- Chỉ mục cho bảng `chi_so_veco`
--
ALTER TABLE `chi_so_veco`
  ADD PRIMARY KEY (`id`),
  ADD KEY `don_vi_id` (`don_vi_id`),
  ADD KEY `tuy_chon_id` (`tuy_chon_id`);

--
-- Chỉ mục cho bảng `chi_so_veco_test`
--
ALTER TABLE `chi_so_veco_test`
  ADD PRIMARY KEY (`id`),
  ADD KEY `don_vi_id` (`don_vi_id`),
  ADD KEY `tuy_chon_id` (`tuy_chon_id`);

--
-- Chỉ mục cho bảng `chi_so_voffice`
--
ALTER TABLE `chi_so_voffice`
  ADD PRIMARY KEY (`id`),
  ADD KEY `user_id` (`user_id`),
  ADD KEY `tuy_chon_id` (`tuy_chon_id`);

--
-- Chỉ mục cho bảng `don_vi`
--
ALTER TABLE `don_vi`
  ADD PRIMARY KEY (`id`);

--
-- Chỉ mục cho bảng `du_an`
--
ALTER TABLE `du_an`
  ADD PRIMARY KEY (`id`);

--
-- Chỉ mục cho bảng `kpi_quytrinh`
--
ALTER TABLE `kpi_quytrinh`
  ADD PRIMARY KEY (`id`),
  ADD KEY `quy_trinh_id` (`quy_trinh_id`),
  ADD KEY `du_an_id` (`du_an_id`);

--
-- Chỉ mục cho bảng `kpi_veco`
--
ALTER TABLE `kpi_veco`
  ADD PRIMARY KEY (`id`),
  ADD KEY `don_vi_id` (`don_vi_id`),
  ADD KEY `tuy_chon_id` (`tuy_chon_id`);

--
-- Chỉ mục cho bảng `migrations`
--
ALTER TABLE `migrations`
  ADD PRIMARY KEY (`id`);

--
-- Chỉ mục cho bảng `password_resets`
--
ALTER TABLE `password_resets`
  ADD KEY `password_resets_email_index` (`email`);

--
-- Chỉ mục cho bảng `permissions`
--
ALTER TABLE `permissions`
  ADD PRIMARY KEY (`id`);

--
-- Chỉ mục cho bảng `quy_trinh`
--
ALTER TABLE `quy_trinh`
  ADD PRIMARY KEY (`id`);

--
-- Chỉ mục cho bảng `roles`
--
ALTER TABLE `roles`
  ADD PRIMARY KEY (`id`);

--
-- Chỉ mục cho bảng `tai_lieu_quy_trinh`
--
ALTER TABLE `tai_lieu_quy_trinh`
  ADD PRIMARY KEY (`id`);

--
-- Chỉ mục cho bảng `tuy_chon`
--
ALTER TABLE `tuy_chon`
  ADD PRIMARY KEY (`id`);

--
-- Chỉ mục cho bảng `user`
--
ALTER TABLE `user`
  ADD PRIMARY KEY (`id`);

--
-- Chỉ mục cho bảng `users`
--
ALTER TABLE `users`
  ADD PRIMARY KEY (`id`),
  ADD UNIQUE KEY `users_email_unique` (`email`);

--
-- Chỉ mục cho bảng `users_permissions`
--
ALTER TABLE `users_permissions`
  ADD PRIMARY KEY (`user_id`,`permission_id`);

--
-- Chỉ mục cho bảng `users_roles`
--
ALTER TABLE `users_roles`
  ADD PRIMARY KEY (`user_id`,`role_id`);

--
-- AUTO_INCREMENT cho các bảng đã đổ
--

--
-- AUTO_INCREMENT cho bảng `chi_so_veco`
--
ALTER TABLE `chi_so_veco`
  MODIFY `id` int(11) NOT NULL AUTO_INCREMENT, AUTO_INCREMENT=761;

--
-- AUTO_INCREMENT cho bảng `chi_so_veco_test`
--
ALTER TABLE `chi_so_veco_test`
  MODIFY `id` int(11) NOT NULL AUTO_INCREMENT;

--
-- AUTO_INCREMENT cho bảng `chi_so_voffice`
--
ALTER TABLE `chi_so_voffice`
  MODIFY `id` int(11) NOT NULL AUTO_INCREMENT, AUTO_INCREMENT=628;

--
-- AUTO_INCREMENT cho bảng `don_vi`
--
ALTER TABLE `don_vi`
  MODIFY `id` int(11) NOT NULL AUTO_INCREMENT, AUTO_INCREMENT=38;

--
-- AUTO_INCREMENT cho bảng `du_an`
--
ALTER TABLE `du_an`
  MODIFY `id` int(11) NOT NULL AUTO_INCREMENT, AUTO_INCREMENT=36;

--
-- AUTO_INCREMENT cho bảng `kpi_quytrinh`
--
ALTER TABLE `kpi_quytrinh`
  MODIFY `id` int(11) NOT NULL AUTO_INCREMENT, AUTO_INCREMENT=281;

--
-- AUTO_INCREMENT cho bảng `kpi_veco`
--
ALTER TABLE `kpi_veco`
  MODIFY `id` int(11) NOT NULL AUTO_INCREMENT, AUTO_INCREMENT=362;

--
-- AUTO_INCREMENT cho bảng `migrations`
--
ALTER TABLE `migrations`
  MODIFY `id` int(10) UNSIGNED NOT NULL AUTO_INCREMENT, AUTO_INCREMENT=13;

--
-- AUTO_INCREMENT cho bảng `permissions`
--
ALTER TABLE `permissions`
  MODIFY `id` int(10) UNSIGNED NOT NULL AUTO_INCREMENT;

--
-- AUTO_INCREMENT cho bảng `quy_trinh`
--
ALTER TABLE `quy_trinh`
  MODIFY `id` int(11) NOT NULL AUTO_INCREMENT, AUTO_INCREMENT=11;

--
-- AUTO_INCREMENT cho bảng `roles`
--
ALTER TABLE `roles`
  MODIFY `id` int(10) UNSIGNED NOT NULL AUTO_INCREMENT, AUTO_INCREMENT=4;

--
-- AUTO_INCREMENT cho bảng `tai_lieu_quy_trinh`
--
ALTER TABLE `tai_lieu_quy_trinh`
  MODIFY `id` int(11) NOT NULL AUTO_INCREMENT, AUTO_INCREMENT=78;

--
-- AUTO_INCREMENT cho bảng `tuy_chon`
--
ALTER TABLE `tuy_chon`
  MODIFY `id` int(11) NOT NULL AUTO_INCREMENT, AUTO_INCREMENT=27;

--
-- AUTO_INCREMENT cho bảng `user`
--
ALTER TABLE `user`
  MODIFY `id` int(11) NOT NULL AUTO_INCREMENT, AUTO_INCREMENT=63;

--
-- AUTO_INCREMENT cho bảng `users`
--
ALTER TABLE `users`
  MODIFY `id` bigint(20) UNSIGNED NOT NULL AUTO_INCREMENT, AUTO_INCREMENT=16;

--
-- Các ràng buộc cho các bảng đã đổ
--

--
-- Các ràng buộc cho bảng `chi_so_veco`
--
ALTER TABLE `chi_so_veco`
  ADD CONSTRAINT `chi_so_veco_ibfk_1` FOREIGN KEY (`don_vi_id`) REFERENCES `don_vi` (`id`),
  ADD CONSTRAINT `chi_so_veco_ibfk_2` FOREIGN KEY (`tuy_chon_id`) REFERENCES `tuy_chon` (`id`);

--
-- Các ràng buộc cho bảng `chi_so_veco_test`
--
ALTER TABLE `chi_so_veco_test`
  ADD CONSTRAINT `chi_so_veco_test_ibfk_1` FOREIGN KEY (`don_vi_id`) REFERENCES `don_vi` (`id`),
  ADD CONSTRAINT `chi_so_veco_test_ibfk_2` FOREIGN KEY (`tuy_chon_id`) REFERENCES `tuy_chon` (`id`);

--
-- Các ràng buộc cho bảng `chi_so_voffice`
--
ALTER TABLE `chi_so_voffice`
  ADD CONSTRAINT `chi_so_voffice_ibfk_1` FOREIGN KEY (`user_id`) REFERENCES `user` (`id`),
  ADD CONSTRAINT `chi_so_voffice_ibfk_2` FOREIGN KEY (`tuy_chon_id`) REFERENCES `tuy_chon` (`id`);

--
-- Các ràng buộc cho bảng `kpi_quytrinh`
--
ALTER TABLE `kpi_quytrinh`
  ADD CONSTRAINT `kpi_quytrinh_ibfk_1` FOREIGN KEY (`quy_trinh_id`) REFERENCES `quy_trinh` (`id`),
  ADD CONSTRAINT `kpi_quytrinh_ibfk_2` FOREIGN KEY (`du_an_id`) REFERENCES `du_an` (`id`);

--
-- Các ràng buộc cho bảng `kpi_veco`
--
ALTER TABLE `kpi_veco`
  ADD CONSTRAINT `kpi_veco_ibfk_1` FOREIGN KEY (`don_vi_id`) REFERENCES `don_vi` (`id`),
  ADD CONSTRAINT `kpi_veco_ibfk_2` FOREIGN KEY (`tuy_chon_id`) REFERENCES `tuy_chon` (`id`);
COMMIT;

/*!40101 SET CHARACTER_SET_CLIENT=@OLD_CHARACTER_SET_CLIENT */;
/*!40101 SET CHARACTER_SET_RESULTS=@OLD_CHARACTER_SET_RESULTS */;
/*!40101 SET COLLATION_CONNECTION=@OLD_COLLATION_CONNECTION */;
